first_word	is_gemma_emitted	is_qwen_emitted	is_ministral_emitted	is_claude	total_emit_count	pc1	pc2	pc3	nn_first_word	nn_cosine	soft_assignment	soft_margin	weight_HP	weight_LP	weight_HN-D	weight_HN-S	weight_LN	weight_NB
((вҠӮ(`ПүВҙвҲ©)	False	False	False	True	0	-20.979873094793586	-13.408501160029736	-15.438116658111511	(вҠҷп№ҸвҠҷ)	0.9287390556575461	HN-S	0.7777777777777777	0.0	0.0	0.0	0.8888888888888888	0.1111111111111111	0.0
((вңҝв—•вҖҝв—•))	False	False	False	True	0	9.36895111186681	8.201399175776412	11.684876589211218	(вңҝв— вҖҝв— )	0.9273093633414052	LP	0.47727272727272724	0.18181818181818182	0.6590909090909091	0.0	0.0	0.045454545454545456	0.11363636363636363
(-_-;)	False	False	False	True	0	6.315355201014924	-40.08672944881074	-45.178304053630455	(-вҖёвҖ“)	0.9563857633083037	LN	1.0	0.0	0.0	0.0	0.0	1.0	0.0
(..)	False	False	False	True	0	-37.54027758293472	-11.830920984045708	-45.29534699750121	(рҹ‘Җрҹ“»)	0.9236773440603533	NB	1.0	0.0	0.0	0.0	0.0	0.0	1.0
(._.)	False	False	False	True	0	22.73408146078082	-25.459510684554523	-27.520389031001752	(гғ»_гғ»?)	0.89365069311673	NB	1.0	0.0	0.0	0.0	0.0	0.0	1.0
(/в–Ҫпјј)	False	False	False	True	0	-34.947387393406856	14.651295739144189	-9.620989062345288	(вҠҷв–ҪвҠҷ)	0.9424947888962821	HP	1.0	1.0	0.0	0.0	0.0	0.0	0.0
(;ВҙРҙ`)	False	True	False	True	58	7.212159927645811	-54.97995200532286	-24.150102465409073	(;ВҙајҺаә¶РҙајҺаә¶`)	0.9914081195879887	HN-S	1.0	0.0	0.0	0.0	1.0	0.0	0.0
(;Пү;)	False	True	False	True	78	1.2203144349309873	-44.090792764415255	-21.928877702956424	(;ВҙајҺаә¶РҙајҺаә¶`)	0.9821094850830543	HN-S	1.0	0.0	0.0	0.0	1.0	0.0	0.0
(;вҖІвҢ’`)	False	True	False	True	24	22.61027050504162	-58.06256741902894	-10.560636634433717	(;ВҙвҢ’`)	0.9937362794252638	LN	1.0	0.0	0.0	0.0	0.0	1.0	0.0
(;гҒё:)	False	False	False	True	0	6.786586296368096	-49.822845928043165	-16.32309887378306	(;ВҙвҲҖ`)	0.9859042561091119	LN	1.0	0.0	0.0	0.0	0.0	1.0	0.0
(;гғ»вҲҖгғ»)	False	False	False	True	0	1.4906894453548283	-40.158599618959826	-10.409788327428103	(;гғ»Пүгғ»)	0.9938705342233688	HN-S	1.0	0.0	0.0	0.0	1.0	0.0	0.0
(;дёҖ_дёҖ)	False	True	True	True	5	5.02757367636455	-49.45795647650294	-22.512847984558263	(;гғ»Пүгғ»)	0.9877464929586531	HN-S	1.0	0.0	0.0	0.0	1.0	0.0	0.0
(;пҝЈРҙпҝЈ)	False	False	False	True	0	6.860492004710672	-50.01198387368392	-21.758949749101113	(;дёҖ_дёҖ)	0.9901710946187804	HN-S	0.19999999999999996	0.0	0.0	0.0	0.6	0.4	0.0
(=^гғ»Пүгғ»^=)	False	True	False	True	12	-22.01149459294642	-8.131643701487208	-11.783542349858774	(>в–Ҫ<)	0.9151103493813224	LP	1.0	0.0	1.0	0.0	0.0	0.0	0.0
(=^гғ»пҪӘгғ»^=)	False	False	False	True	0	-26.270990322767773	-9.069074227380854	-16.60613096139015	(=^гғ»Пүгғ»^=)	0.9965804111133615	LP	0.8333333333333333	0.0	0.9166666666666666	0.0	0.0	0.0	0.08333333333333333
(=`ПүВҙ=)	False	False	False	True	0	-15.79805498640253	-37.76789184040389	-17.211021621501466	(=^гғ»Пүгғ»^=)	0.8654195160236018	LP	0.8333333333333333	0.0	0.9166666666666666	0.0	0.0	0.0	0.08333333333333333
(=вҢ’вҖҝвҖҝвҢ’=)	False	False	False	True	0	-23.40998770182669	-3.1471728140322757	-11.735273848097037	(=^гғ»Пүгғ»^=)	0.9825461945891266	LP	0.8333333333333333	0.0	0.9166666666666666	0.0	0.0	0.0	0.08333333333333333
(>_<)	False	True	False	True	74	-58.060171536274666	0.5437937288463672	-24.50552166471053	(>п№Ҹ<)	0.9905903231651039	HN-S	1.0	0.0	0.0	0.0	1.0	0.0	0.0
(>Пү<)	False	True	False	True	1	-39.22490960308429	3.2056104145868645	-12.346003894440564	(>в–Ҫ<)	0.9909494851708511	LP	1.0	0.0	1.0	0.0	0.0	0.0	0.0
(>п№Ҹ<)	False	True	False	True	5	-50.32313793901236	-0.45253970439364544	-20.04797963796308	(>_<)	0.9905903231651039	HN-S	0.8783783783783783	0.0	0.02702702702702703	0.02702702702702703	0.9054054054054054	0.013513513513513514	0.02702702702702703
(`_Вҙ)	False	False	False	True	0	10.511754349759137	-50.811903870967114	-19.18922326120114	(гғ»_гғ»;)	0.8344303842843935	NB	0.3636363636363636	0.0	0.0	0.0	0.30303030303030304	0.030303030303030304	0.6666666666666666
(`гҒёВҙ)	False	False	False	True	0	-21.764785445694432	-12.166945811112168	-24.633372390656884	(вҠҷп№ҸвҠҷ)	0.9242025017451899	HN-S	0.7777777777777777	0.0	0.0	0.0	0.8888888888888888	0.1111111111111111	0.0
(`гғ»Пүгғ»Вҙ)	False	False	False	True	0	5.517269375762101	-4.663634638308514	-12.94787080732592	(гғ»МҖПүгғ»МҒ)	0.9539019747433097	NB	0.7142857142857142	0.0	0.0	0.0	0.14285714285714285	0.0	0.8571428571428571
(В¬_В¬)	False	True	False	True	5	7.5464722119385605	-13.134628122178189	-28.283618085373238	(В¬вҖҝВ¬)	0.9606546353224833	NB	0.6363636363636365	0.0	0.0	0.0	0.0	0.18181818181818182	0.8181818181818182
(В¬вҖҝВ¬)	False	True	False	True	11	4.513660554602389	10.764046933845162	-0.4160495100864168	(В¬_В¬)	0.9606546353224833	HN-D	0.6000000000000001	0.0	0.0	0.8	0.0	0.0	0.2
(В¬пҪӨВ¬)	False	False	False	True	0	20.533175932608444	5.455568045068386	0.5941376185915495	(В¬вҖҝВ¬)	0.982522799227343	NB	0.6363636363636365	0.0	0.0	0.0	0.0	0.18181818181818182	0.8181818181818182
(В°в–ЎВ°)	False	False	False	True	0	11.445773015125791	-2.0487059058211	-25.533135822851545	(В°РҙВ°)	0.9905035978768202	HN-S	1.0	0.0	0.0	0.0	1.0	0.0	0.0
(В°в–іВ°)	False	False	False	True	0	-2.657602017638677	12.073247921042789	-17.722491299984423	(В°гғӯВ°)	0.992758347369704	HN-S	1.0	0.0	0.0	0.0	1.0	0.0	0.0
(В°в–ҪВ°)	False	False	False	True	0	1.9443855461050745	22.845437027627792	-2.3426375239201533	(В°гғӯВ°)	0.9846217173785794	HN-S	1.0	0.0	0.0	0.0	1.0	0.0	0.0
(В°гғӯВ°)	False	True	False	True	3	10.945223959414172	7.449067895434794	-16.23432994493146	(В°РҙВ°)	0.9871835916757989	HN-S	1.0	0.0	0.0	0.0	1.0	0.0	0.0
(В°гғ®В°)	False	False	False	True	0	1.5363144691841981	21.28099504517593	-5.468045981228083	(В°гғӯВ°)	0.9869587426283288	HN-S	1.0	0.0	0.0	0.0	1.0	0.0	0.0
(В°гғјВ°гҖғ)	False	False	False	True	0	10.870828854732931	15.005817398548672	-9.73555236079348	(В°гғӯВ°)	0.984250948602955	HN-S	1.0	0.0	0.0	0.0	1.0	0.0	0.0
(Вҙ-`)	False	False	False	True	0	43.81555067364014	-35.66905371267961	7.919870883213239	(Вҙгғ»Пүгғ»`)	0.9885679717833709	NB	0.23076923076923078	0.019230769230769232	0.21153846153846154	0.0	0.07692307692307693	0.23076923076923078	0.46153846153846156
(Вҙ-Пү-`)	False	False	False	True	0	29.839601387164322	-29.99256620061375	5.310498984667044	(Вҙгғ»Пүгғ»`)	0.9839432900724987	NB	0.23076923076923078	0.019230769230769232	0.21153846153846154	0.0	0.07692307692307693	0.23076923076923078	0.46153846153846156
(Вҙ;Пү;`)	False	False	True	True	5	25.200480281688947	-32.949476844080834	5.263621937370891	(ВҙПү`)	0.9783925703770865	LN	0.5714285714285714	0.0	0.14285714285714285	0.0	0.14285714285714285	0.7142857142857143	0.0
(Вҙ_гӮқ`)	False	False	False	True	0	29.179043817498503	-35.064680002663295	-0.3017161410515099	(ВҙПү`)	0.9823147196213481	LN	0.5714285714285714	0.0	0.14285714285714285	0.0	0.14285714285714285	0.7142857142857143	0.0
(ВҙВ°ПүВ°`)	False	False	False	True	0	34.33356890644716	-25.285501385167215	11.013332496247934	(Вҙгғ»Пүгғ»`)	0.9943952397537115	NB	0.23076923076923078	0.019230769230769232	0.21153846153846154	0.0	0.07692307692307693	0.23076923076923078	0.46153846153846156
(ВҙВ·_В·`)	False	False	False	True	0	45.311812918455885	-35.08144038526326	7.198920632267626	(Вҙгғ»Пүгғ»`)	0.9915715119141911	NB	0.23076923076923078	0.019230769230769232	0.21153846153846154	0.0	0.07692307692307693	0.23076923076923078	0.46153846153846156
(ВҙПү`	False	False	False	True	0	11.212460856071136	-16.846047292676843	9.330945050104393	(ВҙПү`*	0.9848340873074968	HP	1.0	1.0	0.0	0.0	0.0	0.0	0.0
(ВҙПү`)	True	False	False	True	7	26.968745485622954	-21.70640980723166	8.99386239912078	(Вҙгғ»Пүгғ»`)	0.9909947988784261	NB	0.23076923076923078	0.019230769230769232	0.21153846153846154	0.0	0.07692307692307693	0.23076923076923078	0.46153846153846156
(ВҙРҙ`;)	False	False	False	True	0	31.114097937560558	-32.7893999366143	4.0096658498704105	(ВҙПү`)	0.9883924428898064	LN	0.5714285714285714	0.0	0.14285714285714285	0.0	0.14285714285714285	0.7142857142857143	0.0
(ВҙвҲҖ`)	True	False	True	True	2	29.948092810112477	-16.634231117596748	29.833853493331752	(Вҙв–Ҫ`)	0.9915771509384619	LP	1.0	0.0	1.0	0.0	0.0	0.0	0.0
(ВҙвҲҖ`;)	False	False	False	True	0	24.28036881167214	-21.972494470326527	19.85633290125156	(Вҙв–Ҫ`)	0.9897262967032033	LP	1.0	0.0	1.0	0.0	0.0	0.0	0.0
(ВҙвҲҮ`)	False	False	False	True	0	31.992214453006483	-15.756805699046573	28.628032487552915	(ВҙвҲҖ`)	0.996502865422362	HP	0.0	0.5	0.5	0.0	0.0	0.0	0.0
(Вҙв–Ҫ`)	True	False	False	True	17	29.986855079961195	-13.359524966923273	26.59361052548396	(ВҙвҲҖ`)	0.9915771509384619	HP	0.0	0.5	0.5	0.0	0.0	0.0	0.0
(Вҙв—•Пүв—•`)	False	False	False	True	0	30.56079713011985	-13.129296963216525	26.686607339262405	(Вҙв–Ҫ`)	0.9932791748181803	LP	1.0	0.0	1.0	0.0	0.0	0.0	0.0
(Вҙгғҳ`;)	False	False	False	True	0	34.33049940034365	-33.19339292724514	6.060205793149493	(ВҙПү`)	0.9871701570968081	LN	0.5714285714285714	0.0	0.14285714285714285	0.0	0.14285714285714285	0.7142857142857143	0.0
(Вҙгғ»_гғ»`)	False	False	False	True	0	47.812347537421694	-37.15710995328905	7.030056467226187	(Вҙгғ»Пүгғ»`)	0.9928450140561943	NB	0.23076923076923078	0.019230769230769232	0.21153846153846154	0.0	0.07692307692307693	0.23076923076923078	0.46153846153846156
(Вҙгғ»Пүгғ»)	False	False	False	True	0	33.967249830932275	-19.93104411188002	15.130459159977036	(Вҙгғ»Пүгғ»`)	0.9886571736694557	NB	0.23076923076923078	0.019230769230769232	0.21153846153846154	0.0	0.07692307692307693	0.23076923076923078	0.46153846153846156
(Вҙгғ»Пүгғ»`)	False	True	True	True	52	41.957336208654965	-27.860496896622273	14.759989615147102	(ВҙПү`)	0.9909947988784261	LN	0.5714285714285714	0.0	0.14285714285714285	0.0	0.14285714285714285	0.7142857142857143	0.0
(Вҙгғ»вҖҝгғ»`)	False	False	False	True	0	36.82771861342157	-19.449028482819816	23.009071191924534	(Вҙгғ»Пүгғ»`)	0.9925209509438223	NB	0.23076923076923078	0.019230769230769232	0.21153846153846154	0.0	0.07692307692307693	0.23076923076923078	0.46153846153846156
(Вҙгғј`)	False	False	False	True	0	40.81329971606701	-32.62965291689379	5.58980598339074	(Вҙгғ»Пүгғ»`)	0.9917580291812086	NB	0.23076923076923078	0.019230769230769232	0.21153846153846154	0.0	0.07692307692307693	0.23076923076923078	0.46153846153846156
(Вҙк’і`)	False	False	False	True	0	28.078836711160555	-12.728930000427845	24.023449227942702	(Вҙв–Ҫ`)	0.9953810768928748	LP	1.0	0.0	1.0	0.0	0.0	0.0	0.0
(ВҙпҪЎгғ»Пүгғ»пҪЎ`)	False	False	False	True	0	20.37986587128428	-12.896880855963476	14.383734144907208	(ВҙпҪЎгғ»вҖҝгғ»пҪЎ`)	0.9953005018809908	LP	0.8	0.0	0.9	0.0	0.0	0.0	0.1
(ВҙпҪЎгғ»вҖҝгғ»пҪЎ`)	False	True	False	True	30	22.177761478274327	-8.510634606295866	22.600522257911766	(Вҙв–Ҫ`)	0.9862883303387914	LP	1.0	0.0	1.0	0.0	0.0	0.0	0.0
(ВҙпҪ°`)	False	False	False	True	0	38.88847353856471	-32.85358018439243	6.629063136653842	(Вҙгғ»Пүгғ»`)	0.9921115825728575	NB	0.23076923076923078	0.019230769230769232	0.21153846153846154	0.0	0.07692307692307693	0.23076923076923078	0.46153846153846156
(ЛғвҖҝЛӮ)	False	False	False	True	0	12.84591733409695	17.575219460366966	11.614276025519256	(ЛҳЪЎЛҳ)	0.9872486743592587	LP	0.7777777777777777	0.0	0.8888888888888888	0.0	0.0	0.0	0.1111111111111111
(ЛҠб—ңЛӢ)	False	False	False	True	0	22.527724349553694	13.496618074499924	13.012614749343399	(ЛҳВіЛҳ)	0.9911914473196657	LP	0.1578947368421053	0.0	0.5526315789473685	0.0	0.02631578947368421	0.02631578947368421	0.39473684210526316
(ЛҳВіЛҳ)	True	True	False	True	38	21.510931769764987	14.450894291741207	6.904932569527945	(ЛҳвҖҝЛҳ)	0.9968151221417212	LP	1.0	0.0	1.0	0.0	0.0	0.0	0.0
(ЛҳПүЛҳ)	True	False	False	True	10	15.641193818420795	10.335912630021515	-0.7385321278144303	(ЛҳВіЛҳ)	0.9942629418140737	LP	0.1578947368421053	0.0	0.5526315789473685	0.0	0.02631578947368421	0.02631578947368421	0.39473684210526316
(Лҳв–ҪЛҳ)	True	False	False	True	6	8.548632427741236	16.523870436568433	5.718030402757114	(ЛҳПүЛҳ)	0.9937934657342583	LP	0.8	0.0	0.9	0.0	0.0	0.0	0.1
(Лҳгғ»_гғ»Лҳ)	False	False	False	True	0	21.112918166182766	-0.3700979047436199	-14.68203987172643	(ЛҳПүЛҳ)	0.9885363413508347	LP	0.8	0.0	0.9	0.0	0.0	0.0	0.1
(Лҳпё¶Лҳ)	False	False	False	True	0	23.46957829266863	14.048062602082698	7.342140422016852	(ЛҳВіЛҳ)	0.9980918191438173	LP	0.1578947368421053	0.0	0.5526315789473685	0.0	0.02631578947368421	0.02631578947368421	0.39473684210526316
(Лөгғ»МҖвҖҝ-Лө)	False	False	False	True	0	8.641165543566487	11.544729761457361	-3.8935606390316675	(Лҷк’іЛҷ)	0.9903205485504685	NB	1.0	0.0	0.0	0.0	0.0	0.0	1.0
(Л¶ЛғвҖҝЛӮЛ¶)	False	False	False	True	0	7.874075819236047	18.256158637665262	10.407424798714564	(ЛҳЪЎЛҳ)	0.9863332242776185	LP	0.7777777777777777	0.0	0.8888888888888888	0.0	0.0	0.0	0.1111111111111111
(Л¶ЛҶб—ңЛҶЛө)	False	False	False	True	0	4.397522359487088	20.53569825961348	10.005147530545702	(ЛҳЪЎЛҳ)	0.9863798362351348	LP	0.7777777777777777	0.0	0.8888888888888888	0.0	0.0	0.0	0.1111111111111111
(Л¶бө”вҖҝбө”Л¶)	False	False	False	True	0	9.78918939906255	18.35354518828184	12.339766211405525	(ЛҳЪЎЛҳ)	0.9868886612585671	LP	0.7777777777777777	0.0	0.8888888888888888	0.0	0.0	0.0	0.1111111111111111
(М„в–ҪМ„)	False	False	False	True	0	12.142726574204353	16.7033560023753	-4.664458905330854	(Лҳв–ҪЛҳ)	0.9530938679516857	HP	0.6666666666666667	0.8333333333333334	0.0	0.0	0.0	0.0	0.16666666666666666
(ТӮвҖҝ_вҖҝ)	False	False	False	True	0	7.258740103563461	15.595174073719711	-5.94325807493356	(кҲҚвҖҝкҲҚ)	0.9565533597261457	HP	1.0	1.0	0.0	0.0	0.0	0.0	0.0
(аІ _аІ )	False	True	False	True	1	-5.415545563628889	-11.470976031325275	-34.264513692630956	(В¬_В¬)	0.9413875570070328	HN-D	0.6000000000000001	0.0	0.0	0.8	0.0	0.0	0.2
(аІ вҖҝаІ )	False	False	False	True	0	-6.189500812120887	-1.8108790954721492	-22.740492697037958	(аІ _аІ )	0.9890025728720436	HN-D	1.0	0.0	0.0	1.0	0.0	0.0	0.0
(аІ зӣҠаІ )	False	False	False	True	0	-3.7050431106945343	-12.199040255991864	-34.057788556902665	(аІ _аІ )	0.9968530873402566	HN-D	1.0	0.0	0.0	1.0	0.0	0.0	0.0
(аё…МҒЛҳаё…МҖ)	False	False	False	True	0	-2.6845375363383006	17.374903677458335	5.77491142331812	(кҲҚвҖҝкҲҚ)	0.9485306315113736	HP	1.0	1.0	0.0	0.0	0.0	0.0	0.0
(аёҮ'МҖ-'МҒ)	False	False	False	True	0	14.86262119347446	-10.84967530228446	-12.25014830755903	(к’Ә_к’ӘКғ)	0.935319048776152	HN-D	1.0	0.0	0.0	1.0	0.0	0.0	0.0
(аёҮбө’МҢзҡҝбө’МҢ)	False	False	False	True	0	0.4753632102695242	-2.095162008411666	-13.284869510627443	(к’Ә_к’ӘКғ)	0.9448892413018667	HN-D	1.0	0.0	0.0	1.0	0.0	0.0	0.0
(аёҮгғ„)	False	False	False	True	0	12.193827640910722	-10.286880293093578	-4.573198574377086	(к’Ә_к’ӘКғ)	0.9203850739490508	HN-D	1.0	0.0	0.0	1.0	0.0	0.0	0.0
(аёҮгғ»_гғ»)	False	False	False	True	0	15.897622127550491	-13.133455929408159	-19.05309787678566	(к’Ә_к’ӘКғ)	0.9336872368046736	HN-D	1.0	0.0	0.0	1.0	0.0	0.0	0.0
(аёҮгғ»МҖ_гғ»МҒ)	False	False	False	True	0	5.563796031563285	-6.941628241405307	-16.65144745965552	(к’Ә_к’ӘКғ)	0.9427210825612824	HN-D	1.0	0.0	0.0	1.0	0.0	0.0	0.0
(аёҮгғ»МҖПүгғ»МҒ)	False	False	False	True	0	-0.5902233982997345	1.0036290898701594	-4.858031217838541	(а№‘гғ»МҖг…Ӯгғ»МҒ)	0.9493473539655765	LP	1.0	0.0	1.0	0.0	0.0	0.0	0.0
(аёҮгғ»МҖб—ңгғ»МҒ)	False	False	False	True	0	-1.9843259290658004	10.59352750642259	5.204982351153523	(а№‘гғ»МҖг…Ӯгғ»МҒ)	0.9447896302746642	LP	1.0	0.0	1.0	0.0	0.0	0.0	0.0
(а№‘ЛғвҖҝЛӮ)	True	False	False	True	123	14.77280067708677	19.442805284647836	12.212441166247729	(а№‘ВҙЪЎ`а№‘)	0.987685537024797	NB	1.0	0.0	0.0	0.0	0.0	0.0	1.0
(а№‘гғ»МҖг…Ӯгғ»МҒ)	False	True	False	True	3	-0.5101753105497835	13.020736205051502	4.506203170816942	(а№‘>вҖҝ<а№‘)	0.9833939973667718	LP	1.0	0.0	1.0	0.0	0.0	0.0	0.0
(бҗӣ)	False	False	False	True	0	-15.148812225311673	6.508046575179154	-15.138431302047533	(вҖҝвҖҝвҖҝ)	0.9706930151503677	LP	1.0	0.0	1.0	0.0	0.0	0.0	0.0
(б—’б—Ёб—•)	False	False	False	True	0	-1.4956438874593516	9.94252807985037	-5.09075785761842	(вҒҺвҖҝвҖҝвҖҝвҒҺ)	0.9641020381132391	LP	1.0	0.0	1.0	0.0	0.0	0.0	0.0
(бө”бҙҘбө”)	False	False	False	True	0	-4.4040575226151475	19.283231211893852	2.3160808930094694	(вҢ’вҖҝвҢ’)	0.9686858960782784	NB	1.0	0.0	0.0	0.0	0.0	0.0	1.0
(бө”вҖҝбө”)	False	False	False	True	0	4.220893246222516	18.834532906912653	5.646704266390566	(вҢ’вҖҝвҢ’)	0.9677738710800604	NB	1.0	0.0	0.0	0.0	0.0	0.0	1.0
(вҖһвҖҝвҖҝвҖҝвҖһ)	False	False	False	True	0	-7.285564480231853	-5.673631380436559	-9.250116316958668	(вҒҺвҖҝвҖҝвҖҝвҒҺ)	0.8552487670839357	LP	1.0	0.0	1.0	0.0	0.0	0.0	0.0
(вҖһгғ»ЦҠгғ»вҖһ)	False	False	False	True	0	-5.147338394433042	-11.396530934467933	-11.477713445447584	(гғ»МҖПүгғ»МҒ)	0.8493283427507422	NB	0.7142857142857142	0.0	0.0	0.0	0.14285714285714285	0.0	0.8571428571428571
(вҖһгғ»вҖҝгғ»вҖһ)	False	False	False	True	0	-8.116055409437282	-4.809582748542871	-4.081567506830106	(гғ»МҖвҖҝгғ»МҒ)	0.8355166661976878	NB	1.0	0.0	0.0	0.0	0.0	0.0	1.0
(вҖҝНҲЛ¬вҖҝНҲ)	False	False	False	True	0	2.830925563237411	28.76286293663001	-6.167158760162468	(вҖҝвҖҝвҖҝ)	0.977691538886914	LP	1.0	0.0	1.0	0.0	0.0	0.0	0.0
(вҖҝвҖҝвҖҝвңҝ)	False	False	False	True	0	-2.010344978986584	27.464255917829536	-0.6518869157536367	(вҖҝвҖҝвҖҝ)	0.9823612562461925	LP	1.0	0.0	1.0	0.0	0.0	0.0	0.0
(вҒ„вҒ„гғ»вҒ„ПүвҒ„гғ»вҒ„вҒ„)	False	False	False	True	0	1.302519713501077	17.230921909948844	-15.12636108911836	(вҒҺвҖҝвҖҝвҖҝвҒҺ)	0.967553602283514	LP	1.0	0.0	1.0	0.0	0.0	0.0	0.0
(вү§ПүвүҰ)	False	False	False	True	0	-25.315333597300405	20.72489346014729	-4.645192943919179	(вү§в–ҪвүҰ)	0.9944157736462452	HP	0.6666666666666666	0.8148148148148148	0.037037037037037035	0.0	0.0	0.0	0.14814814814814814
(вү§вҖҝвүҰ)	False	True	True	True	66	-6.248794415031272	23.62805577686392	1.7082242865555086	(вү§вҲҮвүҰ)	0.9969718562489539	HP	1.0	1.0	0.0	0.0	0.0	0.0	0.0
(вү§в–ҪвүҰ)	True	True	True	True	27	-17.53310038100832	20.731345543337202	-0.2995483543490334	(вү§вҲҮвүҰ)	0.9964971390723102	HP	1.0	1.0	0.0	0.0	0.0	0.0	0.0
(вҠҷ_вҠҷ)	True	True	True	True	101	-23.212476103060972	5.197017726417499	-22.89478482296917	(вҠҷoвҠҷ)	0.9984135527093206	HP	1.0	1.0	0.0	0.0	0.0	0.0	0.0
(вҠҷвҖҝвҠҷ)	False	False	False	True	0	-16.540622046493993	16.937105933812603	-12.331381192403928	(вҠҷв–ҪвҠҷ)	0.9952380276792722	HP	1.0	1.0	0.0	0.0	0.0	0.0	0.0
(вҠҷгғ®вҠҷ)	False	False	False	True	0	-16.803046433977013	18.49946608504929	-8.549298801557939	(вҠҷб—ңвҠҷ)	0.9964444713524214	HP	1.0	1.0	0.0	0.0	0.0	0.0	0.0
(вҢҗв– _Пүв– )	False	False	False	True	0	-12.132292425288199	11.625066399698198	-20.272019780331274	(вҢҗв– _в– )	0.9871774896463396	NB	1.0	0.0	0.0	0.0	0.0	0.0	1.0
(вҢҗв– _в– )	False	True	False	True	4	-8.008728372104507	4.427473702050399	-29.21308990985213	(вҠҷвҠҷ)	0.9555624973671216	HP	1.0	1.0	0.0	0.0	0.0	0.0	0.0
(вҢҗв– вҖҝв– )	False	False	False	True	0	-8.209662142214334	18.369565436331936	-12.173138590458809	(вҢҗв– _в– )	0.981867527244522	NB	1.0	0.0	0.0	0.0	0.0	0.0	1.0
(вҢ’вҖҝвҢ’)	False	True	False	True	1	-2.0490504473557607	20.23932981892872	-2.0070312100276326	(вҠҷб—ңвҠҷ)	0.9811151079348658	HP	1.0	1.0	0.0	0.0	0.0	0.0	0.0
(вҢ’в–ҪвҢ’)	False	False	False	True	0	-16.072722623268945	22.894943041668395	-2.475857804785658	(вҢ’вҖҝвҢ’)	0.9917891291645652	NB	1.0	0.0	0.0	0.0	0.0	0.0	1.0
(в”ҖвҖҝвҖҝв”Җ)	False	False	False	True	0	5.840914431164546	5.036130406336554	0.9421442613714905	(вҖҝвҖҝвҖҝ)	0.9399968574329927	LP	1.0	0.0	1.0	0.0	0.0	0.0	0.0
(в•Ҙп№Ҹв•Ҙ)	True	True	True	True	103	8.591652973895208	0.6265005133922177	-13.908323098447362	(в•Ҙ_в•Ҙ)	0.996852419975777	HN-D	0.23076923076923073	0.0	0.0	0.5384615384615384	0.15384615384615385	0.3076923076923077	0.0
(в•ӯаІ°_гғ»МҒ)	False	False	False	True	0	17.32874996758281	-2.486854212654915	-15.312103486050143	(в•Ҙв•Ҝп№Ҹв•°в•Ҙ)	0.9670590198386553	LN	1.0	0.0	0.0	0.0	0.0	1.0	0.0
(в•ӯвҳһгғ»МҒвҚӣгғ»МҖ)	False	False	False	True	0	4.848334889693831	9.992428905215647	-8.918678366998453	(в•Ҝвң§в–Ҫвң§)	0.9785560962720699	HP	0.03225806451612906	0.3548387096774194	0.06451612903225806	0.3225806451612903	0.06451612903225806	0.03225806451612903	0.16129032258064516
(в•ҜВ°в–ЎВ°)	True	True	True	True	327	17.715873290010343	-12.39363120942964	-20.18701979255841	(в•Ҙ_в•Ҙ)	0.929522630997751	HN-D	0.23076923076923073	0.0	0.0	0.5384615384615384	0.15384615384615385	0.3076923076923077	0.0
(в•Ҝвң§вҲҮвң§)	False	False	False	True	0	1.2726775924152136	23.03535741420809	6.358136991777233	(в•Ҝвң§в–Ҫвң§)	0.9988014723631791	HP	0.03225806451612906	0.3548387096774194	0.06451612903225806	0.3225806451612903	0.06451612903225806	0.03225806451612903	0.16129032258064516
(в•№Пүв•№)	False	False	False	True	0	17.286499168972803	21.368159614130573	9.312599016613062	(в•Ҝвң§в–Ҫвң§)	0.9847129699285203	HP	0.03225806451612906	0.3548387096774194	0.06451612903225806	0.3225806451612903	0.06451612903225806	0.03225806451612903	0.16129032258064516
(в•№гғ®в•№)	False	False	False	True	0	21.040753249390633	20.431442749129193	10.016688363591134	(в•Ҝвң§в–Ҫвң§)	0.9810498413537675	HP	0.03225806451612906	0.3548387096774194	0.06451612903225806	0.3225806451612903	0.06451612903225806	0.03225806451612903	0.16129032258064516
(в—ӢВҙвҲҖ`в—Ӣ)	False	False	False	True	0	-11.98597887552732	16.17856363270542	-2.696288711217165	(вҠҷв–ҪвҠҷ)	0.9502506424056275	HP	1.0	1.0	0.0	0.0	0.0	0.0	0.0
(в—Һ_в—Һ;)	False	False	False	True	0	24.153931034768434	-12.39003032957134	-6.510942817363227	(вҠҷ_вҠҷ;)	0.922246761739073	HN-S	0.125	0.375	0.0	0.125	0.5	0.0	0.0
(в—•_в—•)	False	False	False	True	0	10.85961195071302	25.928042375468937	7.614188897929754	(в—•вҖҝв—•)	0.9962729225749914	NB	1.0	0.0	0.0	0.0	0.0	0.0	1.0
(в—•Пүв—•)	False	False	False	True	0	8.895701154765963	27.288631919853312	9.00191689238125	(в—•вҖҝв—•)	0.9947445790399294	NB	1.0	0.0	0.0	0.0	0.0	0.0	1.0
(в—•вҖҝв—•)	False	True	False	True	11	18.16788823471839	28.060117383707063	14.324422937130727	(в—•вҖҝв—•вңҝ)	0.9953586506356578	NB	0.0847457627118644	0.17796610169491525	0.2838983050847458	0.038135593220338986	0.05084745762711865	0.08050847457627118	0.3686440677966102
(в—•вҖҝв—•вңҝ)	False	True	True	True	236	16.73362120134984	26.06895125664011	16.791779580296396	(в—•вҖҝв—•)	0.9953586506356578	NB	1.0	0.0	0.0	0.0	0.0	0.0	1.0
(в—•в–Ҫв—•)	False	False	False	True	0	11.4539277232018	29.03751230478728	13.342812655898925	(в—•вҖҝв—•)	0.997157517314078	NB	1.0	0.0	0.0	0.0	0.0	0.0	1.0
(в—•в–ҝв—•вңҝ)	False	False	False	True	0	14.243660514535698	27.080669986516053	16.23393654368015	(в—•вҖҝв—•вңҝ)	0.9990593976833488	NB	0.0847457627118644	0.17796610169491525	0.2838983050847458	0.038135593220338986	0.05084745762711865	0.08050847457627118	0.3686440677966102
(в—•гғ®в—•)	False	False	False	True	0	15.685335762934415	28.885723223956422	13.972013770909555	(в—•вҖҝв—•)	0.9929537954856874	NB	1.0	0.0	0.0	0.0	0.0	0.0	1.0
(в—ңвҖҝв—қ)	False	False	False	True	0	25.803006037359644	25.433436732611003	14.377162006516723	(в—•вҖҝв—•)	0.9920562718916456	NB	1.0	0.0	0.0	0.0	0.0	0.0	1.0
(в—һвҖёв—ҹ)	False	False	False	True	0	24.17473118311277	15.254730722412582	-0.4615393962208927	(в—•вҖҝв—•)	0.9836267923191664	NB	1.0	0.0	0.0	0.0	0.0	0.0	1.0
(в— вҖҝв— )	False	False	False	True	0	21.453142013947854	27.180765435882396	14.316021437018037	(в—•вҖҝв—•)	0.9972902162949129	NB	1.0	0.0	0.0	0.0	0.0	0.0	1.0
(в— вҖҝв— вңҝ)	False	False	False	True	0	15.19763075123415	26.808921634864323	15.55626582578941	(в—•вҖҝв—•вңҝ)	0.9980078794715915	NB	0.0847457627118644	0.17796610169491525	0.2838983050847458	0.038135593220338986	0.05084745762711865	0.08050847457627118	0.3686440677966102
(в— вҖҝгғ»)	False	False	False	True	0	22.280845843926684	23.535229827529772	9.675225839709087	(в—•вҖҝв—•)	0.990618836333361	NB	1.0	0.0	0.0	0.0	0.0	0.0	1.0
(вҳҶв–ҪвҳҶ)	False	False	False	True	0	5.0550780343692345	25.246245810362215	8.83680540746649	(вҳ…Пүвҳ…)	0.9558175172011044	HP	1.0	1.0	0.0	0.0	0.0	0.0	0.0
(вҳһпҫҹгғ®пҫҹ)	False	False	False	True	0	-21.11955939006391	21.77683666626879	-3.6257343057909397	(вҳ•пёҸвҖҝвҖҝвҖҝ)	0.9663709744943936	LP	1.0	0.0	1.0	0.0	0.0	0.0	0.0
(вҷЎ^в–Ҫ^вҷЎ)	False	False	False	True	0	-4.8133230460191765	27.94680093070814	10.138822500679932	(вң§Пүвң§)	0.944717708343716	HP	0.3333333333333333	0.6666666666666666	0.0	0.0	0.0	0.3333333333333333	0.0
(вңҰвҖҝвңҰ)	False	False	False	True	0	16.075293190210658	25.726094365445743	10.730217698430424	(вңҝв— вҖҝв— )	0.9896573784888925	LP	0.47727272727272724	0.18181818181818182	0.6590909090909091	0.0	0.0	0.045454545454545456	0.11363636363636363
(вң§Пүвң§)	False	True	True	True	3	-11.619404593509575	25.497452726221493	5.066118318950828	(вңҝв— вҖҝв— )	0.9761265727909364	LP	0.47727272727272724	0.18181818181818182	0.6590909090909091	0.0	0.0	0.045454545454545456	0.11363636363636363
(вңҝв—•вҖҝв—•)	False	False	False	True	0	13.590561163068116	29.330851463853673	11.85981547686545	(вңҝв— вҖҝв— )	0.9989921406482489	LP	0.47727272727272724	0.18181818181818182	0.6590909090909091	0.0	0.0	0.045454545454545456	0.11363636363636363
(вңҝв— вҖҝв— )	True	True	True	True	44	12.516980832727501	28.501809339622685	11.461116969190911	(вң§Пүвң§)	0.9761265727909364	HP	0.3333333333333333	0.6666666666666666	0.0	0.0	0.0	0.3333333333333333	0.0
(вңҝгғ»МҖг…Ғгғ»МҒ)	False	False	False	True	0	0.10104881712063829	22.89758172329162	3.5503855355944385	(вңҝв— вҖҝв— )	0.9833450452352986	LP	0.47727272727272724	0.18181818181818182	0.6590909090909091	0.0	0.0	0.045454545454545456	0.11363636363636363
(гҒҘпҪЎв—•вҖҝвҖҝв—•пҪЎ)	False	False	False	True	0	25.19974803936711	16.953890314618178	23.01577773022969	(в—•вҖҝв—•)	0.9259544233362176	NB	1.0	0.0	0.0	0.0	0.0	0.0	1.0
(гҒҘпҪЎв—•вҖҝв—•пҪЎ)	False	False	False	True	0	27.075242643600113	18.136316149520685	26.490580013906822	(в—•вҖҝв—•)	0.9214427108854085	NB	1.0	0.0	0.0	0.0	0.0	0.0	1.0
(гғҺв—•гғ®в—•)	False	False	False	True	0	13.032987876380773	17.85776131652614	14.691344411614153	(а№‘гғ»МҖг…Ӯгғ»МҒ)	0.9497915322440479	LP	1.0	0.0	1.0	0.0	0.0	0.0	0.0
(гғ»	False	False	False	True	0	-13.674864115271069	10.186211564019594	-12.02932860973394	(гғ»МҖПүгғ»МҒ)	0.9538195734015885	NB	0.7142857142857142	0.0	0.0	0.0	0.14285714285714285	0.0	0.8571428571428571
(гғ»_гғ»)	True	True	False	True	25	34.652469089682306	-12.725183301727885	-19.75442983024069	(гғ»Пүгғ»)	0.97118605105743	NB	1.0	0.0	0.0	0.0	0.0	0.0	1.0
(гғ»_гғ»;)	False	True	True	True	33	39.39121176734333	-20.705655567891363	-16.40421165563811	(гғ»_гғ»?)	0.962712489148338	NB	1.0	0.0	0.0	0.0	0.0	0.0	1.0
(гғ»_гғ»?)	False	True	False	True	1	4.0227074067909605	-7.221501925392958	-22.618901050105578	(гғ»МҖПүгғ»МҒ)	0.9748153098222241	NB	0.7142857142857142	0.0	0.0	0.0	0.14285714285714285	0.0	0.8571428571428571
(гғ»_гғ»гӮһвҲ’вҳҶ	False	False	False	True	0	-7.155454320167301	1.3476120312088433	-8.003017539050742	(гғ»_гғ»?)	0.9767382173109441	NB	1.0	0.0	0.0	0.0	0.0	0.0	1.0
(гғ»_гғ»гғҫ	False	False	False	True	0	17.61558735784139	-10.237301341933138	-13.17670915514514	(гғ»_гғ»?)	0.9772621257804406	NB	1.0	0.0	0.0	0.0	0.0	0.0	1.0
(гғ»МҖ.М«гғ»МҒ)	False	False	False	True	0	18.621036471432213	10.10105940483096	-7.41205691433594	(гғ»МҖвҖҝгғ»МҒ)	0.9944489521442299	NB	1.0	0.0	0.0	0.0	0.0	0.0	1.0
(гғ»МҖ_гғ»МҒ)	False	False	False	True	0	20.9658164299074	-3.548007218681951	-23.62098091110152	(гғ»МҖПүгғ»МҒ)	0.9872756013372733	NB	0.7142857142857142	0.0	0.0	0.0	0.14285714285714285	0.0	0.8571428571428571
(гғ»МҖПүгғ»МҒ)	True	True	False	True	7	13.720439232669115	6.9050077843666955	-8.157293820256555	(гғ»МҖвҖҝгғ»МҒ)	0.9910031995628711	NB	1.0	0.0	0.0	0.0	0.0	0.0	1.0
(гғ»МҖвҖҝ-)	False	False	False	True	0	30.311248385828236	4.362300244298037	-2.4761469056558303	(гғ»МҖвҖҝгғ»МҒ)	0.9844405465837608	NB	1.0	0.0	0.0	0.0	0.0	0.0	1.0
(гғ»МҖвҖҝгғ»МҒ)	False	True	False	True	6	18.40807958487867	17.27945937092681	0.771325517003481	(гғ»МҖПүгғ»МҒ)	0.9910031995628711	NB	0.7142857142857142	0.0	0.0	0.0	0.14285714285714285	0.0	0.8571428571428571
(гғ»МҖг…Ғгғ»МҒ;)	False	False	False	True	0	24.83098802576295	-3.9793054724535004	-13.621189130169892	(гғ»МҖПүгғ»МҒ)	0.9832134899518561	NB	0.7142857142857142	0.0	0.0	0.0	0.14285714285714285	0.0	0.8571428571428571
(гғ»МҖг…Ӯгғ»МҒ)	False	False	False	True	0	15.22264902817895	7.465497668560005	-1.826844875567792	(гғ»МҖПүгғ»МҒ)	0.9946487238972319	NB	0.7142857142857142	0.0	0.0	0.0	0.14285714285714285	0.0	0.8571428571428571
(гғ»МҒвҢ“гғ»МҖ)	False	False	False	True	0	28.44767601051278	-1.8979016307176444	-17.757292748296273	(гғ»МҖПүгғ»МҒ)	0.9865009810310666	NB	0.7142857142857142	0.0	0.0	0.0	0.14285714285714285	0.0	0.8571428571428571
(гғ»МҒпёөгғ»МҖ)	False	False	False	True	0	32.27185462049223	-6.042281836530501	-14.763746496631814	(гғ»_гғ»;)	0.9642416931303486	NB	0.3636363636363636	0.0	0.0	0.0	0.30303030303030304	0.030303030303030304	0.6666666666666666
(гғ»Оөгғ»)	False	False	False	True	0	26.632379815053106	9.997018560509456	-2.936220379077587	(гғ»Пүгғ»)	0.9961123748229986	NB	1.0	0.0	0.0	0.0	0.0	0.0	1.0
(гғ»Пү<)	False	False	False	True	0	21.26902203948628	8.069844332697091	-3.4656730006718597	(гғ»МҖвҖҝгғ»МҒ)	0.9885080402040384	NB	1.0	0.0	0.0	0.0	0.0	0.0	1.0
(гғ»Пүгғ»)	False	True	False	True	3	31.402392723243132	8.527460247234288	-2.570324040168768	(гғ»вҲҖгғ»)	0.9931370945296782	NB	1.0	0.0	0.0	0.0	0.0	0.0	1.0
(гғ»вҖҫвҖҝвҖҫгғ»)	False	False	False	True	0	26.102390288075668	10.770754919251736	-5.426054346407981	(гғ»МҖвҖҝгғ»МҒ)	0.9934796897418534	NB	1.0	0.0	0.0	0.0	0.0	0.0	1.0
(гғ»вҖҝгғ»)	False	True	False	True	2	36.62261846658677	14.846243000307481	5.852118460745366	(гғ»вҲҖгғ»)	0.9933747355073527	NB	1.0	0.0	0.0	0.0	0.0	0.0	1.0
(гғ»вҲҖгғ»)	False	True	True	True	16	26.035227044318106	13.273928543343533	4.277550965758115	(гғ»вҖҝгғ»)	0.9933747355073527	NB	1.0	0.0	0.0	0.0	0.0	0.0	1.0
(гғ»вҲҖгғ»;)	False	False	False	True	0	7.164296508607048	3.8329364930037713	-8.505362969394342	(гғ»МҖПүгғ»МҒ)	0.9870756669871054	NB	0.7142857142857142	0.0	0.0	0.0	0.14285714285714285	0.0	0.8571428571428571
(гғ»в©Ҡгғ»)	False	False	False	True	0	34.71727868174095	12.028217637783687	5.21454931061089	(гғ»вҖҝгғ»)	0.9944928954535547	NB	1.0	0.0	0.0	0.0	0.0	0.0	1.0
(гғ»гҒёгғ»)	False	False	False	True	0	40.51459537756845	2.8791988608007593	-2.9737966649923933	(гғ»У©гғ»)	0.9935111152701087	NB	1.0	0.0	0.0	0.0	0.0	0.0	1.0
(гғ»гғ»;)	False	False	False	True	0	31.586546380397763	-9.36124657271666	-14.671475966838548	(гғ»_гғ»;)	0.9360215961759477	NB	0.3636363636363636	0.0	0.0	0.0	0.30303030303030304	0.030303030303030304	0.6666666666666666
(гғ»п№Ҹгғ»)	False	False	False	True	0	36.918626032225	-1.5697437617200602	-11.887472812540587	(гғ»Пүгғ»)	0.9796168958578824	NB	1.0	0.0	0.0	0.0	0.0	0.0	1.0
(гғјгғј;)	False	False	False	True	0	17.951422388676896	-13.979367559626029	-18.42268463955562	(п№Ҹ-)	0.9334013745460817	HN-S	1.0	0.0	0.0	0.0	1.0	0.0	0.0
(зҒ¬В°вҖҝВ°зҒ¬)	False	False	False	True	0	-15.997615901153317	18.059612568001153	-7.427757820207447	(к’Ә_к’Әвңҝ)	0.9598025100495419	HN-D	1.0	0.0	0.0	1.0	0.0	0.0	0.0
(лҲҲ_лҲҲ)	False	False	False	True	0	-13.30707866432212	-17.603483490119675	-42.909849618598535	(аІ _аІ )	0.934739708401918	HN-D	1.0	0.0	0.0	1.0	0.0	0.0	0.0
(пјҫв–Ҫпјҫ)	False	False	True	True	1	23.40399909680484	-4.21375754808161	25.6220202442459	(пјҫгғ»Пүгғ»пјҫ)	0.9912878443310756	NB	1.0	0.0	0.0	0.0	0.0	0.0	1.0
(пјҫгғ»Пүгғ»пјҫ)	False	False	True	True	4	15.02001153509375	-4.3499094768666	17.843582738306697	(пјҫв–Ҫпјҫ)	0.9912878443310756	LN	1.0	0.0	0.0	0.0	0.0	1.0	0.0
(пҪЎ>вҖҝ<пҪЎ)	False	False	False	True	0	9.211209862465946	18.4669048720454	19.33116909096376	(пҪЎгғ»г……гғ»пҪЎ)	0.9945829370166658	LP	1.0	0.0	1.0	0.0	0.0	0.0	0.0
(пҪЎВҙк’і`пҪЎ)	False	False	False	True	0	10.828940205831092	16.961960510051178	16.9895142216259	(пҪЎгғ»г……гғ»пҪЎ)	0.9942724976107868	LP	1.0	0.0	1.0	0.0	0.0	0.0	0.0
(пҪЎв•Ҝпёөв•°пҪЎ)	True	False	False	True	27	17.071723167638524	5.583809466807757	1.6295587731657282	(пҪЎгғ»МҒпёҝгғ»МҖпҪЎ)	0.9941333094570666	LN	0.35242290748898675	0.013215859030837005	0.004405286343612335	0.048458149779735685	0.28634361233480177	0.6387665198237885	0.00881057268722467
(пҪЎв•№Пүв•№пҪЎ)	False	False	False	True	0	18.937632789351326	21.292140241794424	25.928628152811577	(пҪЎвҷЎвҖҝвҷЎпҪЎ)	0.9943886278349506	HP	1.0	1.0	0.0	0.0	0.0	0.0	0.0
(пҪЎв—•вҖҝв—•пҪЎ)	True	False	False	True	99	23.706569303199487	19.895436899129866	29.691097446975498	(пҪЎвҷҘвҖҝвҷҘпҪЎ)	0.9931579222777149	LP	0.65625	0.125	0.78125	0.0	0.0	0.03125	0.0625
(пҪЎв—•в—•пҪЎ)	False	False	False	True	0	14.945180320481953	18.83123763726225	16.70274327088491	(пҪЎгғ»г……гғ»пҪЎ)	0.9949786243916652	LP	1.0	0.0	1.0	0.0	0.0	0.0	0.0
(пҪЎвҷҘвҖҝвҷҘпҪЎ)	True	True	True	True	64	21.640837723233417	22.329047442817558	30.01922957623735	(пҪЎвҷЎвҖҝвҷЎпҪЎ)	0.9966779916373082	HP	1.0	1.0	0.0	0.0	0.0	0.0	0.0
(пҪЎгғ»	False	False	False	True	0	24.416554609311845	9.001261234568236	25.30518245164387	(пҪЎгғ»МҖвҖҝ-)	0.9648566357034425	NB	0.7777777777777777	0.0	0.1111111111111111	0.0	0.0	0.0	0.8888888888888888
(пҪЎгғ»МҖвҖҝ-)	True	True	False	True	9	20.89214442837803	7.953989121617855	13.649078338237526	(пҪЎгғ»г……гғ»пҪЎ)	0.9867766553076817	LP	1.0	0.0	1.0	0.0	0.0	0.0	0.0
(пҪЎгғ»МҖвҖҝгғ»МҒпҪЎ)	False	False	False	True	0	12.415625516759253	19.349315104620455	15.932640426691695	(пҪЎгғ»г……гғ»пҪЎ)	0.9962567041466398	LP	1.0	0.0	1.0	0.0	0.0	0.0	0.0
(пҪЎгғ»МҒПүгғ»МҖпҪЎ)	False	False	False	True	0	12.075402170786763	13.908336461367202	9.081963287190298	(пҪЎгғ»г……гғ»пҪЎ)	0.9958237896771475	LP	1.0	0.0	1.0	0.0	0.0	0.0	0.0
(пҪЎгғ»МҒвҖҝгғ»МҖпҪЎ)	False	False	False	True	0	11.720939661528732	16.48297889466065	12.238321243170443	(пҪЎгғ»г……гғ»пҪЎ)	0.9955577386680848	LP	1.0	0.0	1.0	0.0	0.0	0.0	0.0
(пҪЎгғ»МҒвҢ’гғ»МҖпҪЎ)	False	False	False	True	0	16.584645564507653	16.543281971646625	14.211865105110135	(пҪЎгғ»г……гғ»пҪЎ)	0.9970397086444895	LP	1.0	0.0	1.0	0.0	0.0	0.0	0.0
(пҪЎгғ»МҒпёҝгғ»МҖпҪЎ)	True	True	True	True	227	19.3126068684413	4.350789770970504	2.598861526159662	(пҪЎв•Ҝпёөв•°пҪЎ)	0.9941333094570666	LN	1.0	0.0	0.0	0.0	0.0	1.0	0.0
(пҪЎгғ»Пүгғ»пҪЎ)	True	True	False	True	5	23.691519052325397	13.061354526409197	17.103341502576175	(пҪЎгғ»г……гғ»пҪЎ)	0.9970592888483929	LP	1.0	0.0	1.0	0.0	0.0	0.0	0.0
(пҪЎгғ»вҖҝгғ»пҪЎ)	False	False	False	True	0	23.579581730267925	19.849018800123066	24.14030689916922	(пҪЎгғ»Пүгғ»пҪЎ)	0.996177857808554	LP	1.0	0.0	1.0	0.0	0.0	0.0	0.0
(пҫүПүпҫү)	False	False	False	True	0	-2.545136434661277	-2.4199201372260095	15.02167990250226	(пҫү>Пү<)	0.983755335190939	HP	0.9622641509433962	0.9811320754716981	0.0	0.0	0.0	0.0	0.018867924528301886
(пҫүв—•гғ®в—•)	True	True	True	True	138	16.292600894819593	-0.2881800474037348	39.81090432908567	(пҫү>Пү<)	0.9757706609329218	HP	0.9622641509433962	0.9811320754716981	0.0	0.0	0.0	0.0	0.018867924528301886
(пҫҹПүпҫҹ)	False	False	False	True	0	15.708524292554095	-7.2565929903915265	22.43707653017752	(пҫү>Пү<)	0.8977271779379831	HP	0.9622641509433962	0.9811320754716981	0.0	0.0	0.0	0.0	0.018867924528301886
(пҫҹв–Ҫпҫҹ)	False	False	False	True	0	10.24393116146041	-1.0211209393938177	26.087899947176968	(пҫү>Пү<)	0.907207708219321	HP	0.9622641509433962	0.9811320754716981	0.0	0.0	0.0	0.0	0.018867924528301886
(пҫҹгғ®пҫҹ)	False	False	False	True	0	22.863157426467204	-6.886924564151084	28.85922916889163	(пҫүв—•гғ®в—•)	0.8893886064139896	HP	0.4347826086956522	0.5869565217391305	0.15217391304347827	0.028985507246376812	0.028985507246376812	0.06521739130434782	0.13768115942028986
(пҫҹгғјпҫҹ)	False	False	False	True	0	32.49552989929678	-18.30183399142039	17.341930444192755	(пҫүв—•гғ®в—•)	0.8763449497364969	HP	0.4347826086956522	0.5869565217391305	0.15217391304347827	0.028985507246376812	0.028985507246376812	0.06521739130434782	0.13768115942028986
(пҝЈ^пҝЈ)	False	False	False	True	0	41.63701381713703	-7.862105037291702	14.720483436282226	(пҝЈв–ҪпҝЈ)	0.9953936932278618	NB	0.08333333333333337	0.0	0.16666666666666666	0.0	0.08333333333333333	0.3333333333333333	0.4166666666666667
(пҝЈ~пҝЈ;)	False	False	False	True	0	35.57957208287132	-16.594337655341	5.281168143945466	(пҝЈв–ҪпҝЈ;)	0.9948286494371024	LN	1.0	0.0	0.0	0.0	0.0	1.0	0.0
(пҝЈПүпҝЈ)	False	False	True	True	1	45.66036787774023	-12.606160692394178	5.632872535502738	(пҝЈв–ҪпҝЈ)	0.9916102885504792	NB	0.08333333333333337	0.0	0.16666666666666666	0.0	0.08333333333333333	0.3333333333333333	0.4166666666666667
(пҝЈПүпҝЈ;)	False	False	False	True	0	53.32573594878985	-24.813098144275898	7.582176344472188	(пҝЈгғҳпҝЈ)	0.9885034315665867	HN-S	0.0	0.0	0.0	0.0	0.5	0.5	0.0
(пҝЈв–ҪпҝЈ)	False	True	True	True	12	41.06279017393142	-4.136369845846589	16.264069271102713	(пҝЈПүпҝЈ)	0.9916102885504792	LP	1.0	0.0	1.0	0.0	0.0	0.0	0.0
(пҝЈв–ҪпҝЈ;)	False	False	True	True	2	28.518856655661878	-11.652233759295084	10.141096999629157	(пҝЈв–ҪпҝЈ)	0.9786018356113885	NB	0.08333333333333337	0.0	0.16666666666666666	0.0	0.08333333333333333	0.3333333333333333	0.4166666666666667
(пҝЈгҒёпҝЈ)	False	False	False	True	0	45.60795941346654	-21.630097182703757	-3.661322552457391	(пҝЈПүпҝЈ)	0.9910197082333468	LP	1.0	0.0	1.0	0.0	0.0	0.0	0.0
(пҝЈгғҳпҝЈ)	False	False	True	True	2	59.12578167645609	-25.87870012695614	6.504005129106536	(пҝЈПүпҝЈ)	0.9734249256689446	LP	1.0	0.0	1.0	0.0	0.0	0.0	0.0
(пҝЈгғҳпҝЈ;)	False	False	False	True	0	33.29376810630412	-22.508431469089988	-0.7126456355898334	(пҝЈв–ҪпҝЈ;)	0.9896958023690636	LN	1.0	0.0	0.0	0.0	0.0	1.0	0.0
(пҝЈгғјпҝЈ)	False	False	False	True	0	50.10058049873306	-13.862481304511965	7.4249146685537895	(пҝЈПүпҝЈ)	0.9958208552722763	LP	1.0	0.0	1.0	0.0	0.0	0.0	0.0
(пҝЈгғјпҝЈ;)	False	False	False	True	0	33.68959953045202	-21.75892400675361	-0.2632781542495337	(пҝЈв–ҪпҝЈ;)	0.9928115649733854	LN	1.0	0.0	0.0	0.0	0.0	1.0	0.0
(пҝЈпҝЈ)	False	False	False	True	0	49.57168393704617	-21.461191562090946	-0.7791492249498599	(пҝЈПүпҝЈ)	0.9868783835530196	LP	1.0	0.0	1.0	0.0	0.0	0.0	0.0
Щ©(ЛҠб—ңЛӢ*)ЩҲ	False	False	False	True	0	-56.56375113221751	5.332331002367475	13.046263359770723	(вҠҷв–ҪвҠҷ)	0.9256064659071397	HP	1.0	1.0	0.0	0.0	0.0	0.0	0.0
Щ©(в—•вҖҝв—•)Ы¶	False	False	False	True	0	-38.96692544770609	5.4680572476793365	16.347648330097968	(вҠҷв–ҪвҠҷ)	0.9157698374421332	HP	1.0	1.0	0.0	0.0	0.0	0.0	0.0
Щ©(гғ»МҖвҖҝгғ»МҒ)Ы¶	False	False	False	True	0	-43.419022259178234	2.619610010161175	12.637506445807716	(вҠҷв–ҪвҠҷ)	0.9280228456192521	HP	1.0	1.0	0.0	0.0	0.0	0.0	0.0
Щ©(пҪЎгғ»МҒвҖҝгғ»МҖпҪЎ)Ы¶	False	False	False	True	0	-50.24900009845109	5.378488939322509	12.476032220864404	(вҠҷв–ҪвҠҷ)	0.923742603996892	HP	1.0	1.0	0.0	0.0	0.0	0.0	0.0
в•°(Вҙпё¶`)в•Ҝ	False	False	False	True	0	-43.49733583336227	-12.76796517334556	-5.571945449413615	(в•Ҙв•Ҝп№Ҹв•°в•Ҙ)	0.9269758111722857	LN	1.0	0.0	0.0	0.0	0.0	1.0	0.0
в•°(вҠЎ-вҠЎ)ЩҲ	False	False	False	True	0	-67.3885753871358	3.5199640050715217	0.36109301581140674	(вҳ•пёҸВҙв–Ҫ`вҳ•пёҸ)	0.92666970457513	LP	1.0	0.0	1.0	0.0	0.0	0.0	0.0
гғҪ(	False	False	False	True	0	-61.42845005319752	-33.44248454927782	35.551511006729136	(вҒ„	0.8919347249502713	HP	0.3333333333333333	0.6666666666666666	0.3333333333333333	0.0	0.0	0.0	0.0
гғҪ(>вҲҖ<вҳҶ)гғҺ	False	False	False	True	0	-73.73338642426148	-25.169762865768117	48.63647700079936	(вҠҷв–ҪвҠҷ)	0.8916803329218179	HP	1.0	1.0	0.0	0.0	0.0	0.0	0.0
гғҪ(^	False	False	False	True	0	-56.521518783891985	-38.87697153878173	40.5483610858311	(пҫү>Пү<)	0.874117181864786	HP	0.9622641509433962	0.9811320754716981	0.0	0.0	0.0	0.0	0.018867924528301886
гғҪ(^o^)гғҺ	False	False	False	True	0	-68.6812362409008	-27.139779965266833	39.40940390145961	(вҠҷв–ҪвҠҷ)	0.9083925875023321	HP	1.0	1.0	0.0	0.0	0.0	0.0	0.0
гғҪ(В°гҖҮВ°)пҫү	False	False	False	True	0	-70.98799248564464	-25.61062907005477	30.53780787148203	(вҠҷв–ҪвҠҷ)	0.9194932702483071	HP	1.0	1.0	0.0	0.0	0.0	0.0	0.0
гғҪ(Вҙ	False	False	False	True	0	-56.21934299029394	-34.97284301655123	38.802825823564305	(вҒ„	0.8884243363357947	HP	0.3333333333333333	0.6666666666666666	0.3333333333333333	0.0	0.0	0.0	0.0
гғҪ(ВҙвҲҖ`)гғҺ	False	False	False	True	0	-70.20285927197472	-25.086213396379623	44.1462069789764	(вҠҷв–ҪвҠҷ)	0.9056955287073657	HP	1.0	1.0	0.0	0.0	0.0	0.0	0.0
гғҪ(ВҙвҲҖ`)пҫү	False	False	False	True	0	-72.26006711847975	-25.79452640669786	45.45631020912445	(пҫүвү§в–ҪвүҰпҝҪ	0.9000016220865953	HP	1.0	1.0	0.0	0.0	0.0	0.0	0.0
гғҪ(Вҙв–Ҫ`)/	False	False	False	True	0	-76.69884062670394	-17.71579671918121	38.538138554208864	(>п№Ҹ<)	0.9150781288524882	HN-S	1.0	0.0	0.0	0.0	1.0	0.0	0.0
гғҪ(Вҙгғј`)гғҺ	False	False	False	True	0	-61.51818338117511	-31.751273516520616	26.708597355957917	(>п№Ҹ<)	0.9205501173282937	HN-S	1.0	0.0	0.0	0.0	1.0	0.0	0.0
гғҪ(вҢҗв– _в– )гғҺвҷӘвҷ¬	False	False	False	True	0	-67.38917369449821	-25.98734094049455	27.48365079942557	(вҠҷв–ҪвҠҷ)	0.8912803808564268	HP	1.0	1.0	0.0	0.0	0.0	0.0	0.0
гғҪ(гӮңвҲҮгӮң)гғҺ	False	False	False	True	0	-72.04318726439496	-22.270646262087247	42.74171881869076	(вҠҷв–ҪвҠҷ)	0.9077958264771689	HP	1.0	1.0	0.0	0.0	0.0	0.0	0.0
гғҪ(гғ»МҖПүгғ»МҒ	False	False	False	True	0	-57.378845295621296	-34.10910617745995	41.16265475107682	(пҫү>Пү<)	0.8861728753960744	HP	0.9622641509433962	0.9811320754716981	0.0	0.0	0.0	0.0	0.018867924528301886
гғҪ(гғ»Пүгғ»пҫү	False	False	False	True	0	-70.8456112088158	-20.83991243696348	27.983297719820683	(>п№Ҹ<)	0.9259890171395855	HN-S	1.0	0.0	0.0	0.0	1.0	0.0	0.0
гғҪ(гғ»вҖҝгғ»)гғҺ	False	False	False	True	0	-65.25447764932056	-24.01814546273102	44.8944992705741	(вҠҷв–ҪвҠҷ)	0.9043428145194825	HP	1.0	1.0	0.0	0.0	0.0	0.0	0.0
гғҪ(гғ»вҲҖгғ»)пҫү	False	False	False	True	0	-68.35126323423393	-27.075027997448622	45.88661945853476	(вҠҷв–ҪвҠҷ)	0.8999448260686089	HP	1.0	1.0	0.0	0.0	0.0	0.0	0.0
гғҫ(вү§в–ҪвүҰ)	False	False	False	True	0	-59.60981803327733	-18.64214021943814	50.1272310101324	(пҫүвү§в–ҪвүҰпҝҪ	0.8991666879028564	HP	1.0	1.0	0.0	0.0	0.0	0.0	0.0
гғҫ(вҢҗв– _в– )гғҺвҷӘ	False	False	False	True	0	-61.554218398317204	-22.738345540112988	27.016576669692036	(вҠҷв–ҪвҠҷ)	0.8895036959513039	HP	1.0	1.0	0.0	0.0	0.0	0.0	0.0
гғҫ(гғ»Пүгғ»`)	False	False	False	True	0	-50.97261403341768	-25.365474073804428	26.968980967165592	(>п№Ҹ<)	0.91350928045895	HN-S	1.0	0.0	0.0	0.0	1.0	0.0	0.0
гғҫ(пјҫвҲҮпјҫ)	False	False	False	True	0	-56.44502201287696	-21.984039428593903	54.849504232392384	(пҫүвү§в–ҪвүҰпҝҪ	0.8861809982635233	HP	1.0	1.0	0.0	0.0	0.0	0.0	0.0
пјј(^	False	False	False	True	0	-32.18168556707853	-29.33588827228042	23.66834927871523	(вҒ„	0.8397365001455772	HP	0.3333333333333333	0.6666666666666666	0.3333333333333333	0.0	0.0	0.0	0.0
