first_word	n	warmth	energy	confidence	playfulness	empathy	technicality	positivity	curiosity	approval	apologeticness	decisiveness	wryness	wetness	surprise	anger	frustration	hatefulness	sadness	hope	aggression	exhaustion
( ´ ▽ ` )	2	0.1523313393282708	-0.0366968660712792	0.06752066158083951	-0.016499521904864204	0.07791208947533662	-0.1299893937647924	0.2515108067784797	0.0880733297127132	0.15487443696692724	-0.08874327728399393	0.018902128992727796	-0.0883100232527187	-0.04041638523462366	-0.01683160222640974	-0.027848219034737054	-0.06466030811400415	-0.012220892255166708	-0.15280635551462973	0.24802583114173443	-0.001695327347799979	-0.05424713911312622
( ´_ゝ`)	1	-0.040939010690434326	0.1266930279166164	-0.08553792107929876	-0.0426973022668582	0.06173913603035927	0.06934189876378248	0.09354343978939395	0.15996399894933583	0.11337792618933354	-0.03467512260092944	-0.06812094081525846	-0.08918223049629434	-0.036778211775328855	-0.03463005545138967	0.04372267948614839	0.005351723982078415	-0.0762670585185839	-0.048811338728647895	0.09260275570463555	-0.14153277116169422	-0.004536588411557462
( ´･ω･)	1	0.05993591419143079	0.25775552586527845	-0.00820017267544469	-0.03366601659141261	0.028709298533180647	-0.07934919331558343	0.37035701789766096	0.06817657857454948	0.16917128809749488	-0.16217959026509507	-0.04567176360554239	-0.13646911536142697	-0.06946028270489392	0.00928247208538993	-0.008521718595642437	0.06195013388265654	-0.030271801740485126	-0.20975742242198953	0.18117251079582694	0.01880686187681318	-0.0058136109589019495
( ˘ ³˘)	2	0.1752019437424082	-0.03372561154608263	0.1744836077223447	0.08459561726333607	0.04125752796570272	-0.28074215435032895	0.2658632575979463	-0.039243103646079185	0.06337106391279587	-0.10426412018298402	0.008782127741311117	-0.2157874849536611	-0.14117599454073895	0.05518927833448731	-0.0710553395951462	0.04746264852511999	0.09456499106762169	-0.1145770530148805	0.3107062281389997	-0.08877985311941454	-0.021951981768040803
( ˘ω˘ )	2	0.09092161215749132	0.15291072188113336	0.17654822288757108	0.00394983641263935	0.08605918752624987	-0.08404847745631112	0.26561331241529645	0.055008547482422815	0.15889780168091985	-0.0656536104685156	-0.09381354043143568	-0.23010688738189733	-0.04735168429861584	0.006756725199780456	0.044842500993192015	-0.19281140023506527	-0.1248362140090267	-0.29563897722611215	0.3110948813128726	-0.045372087677326145	-0.07338861081955596
( ˘▽˘)	1	0.11982098017982304	0.35040398855422106	-0.030369923161923648	0.06947778399674102	0.08941299273847607	-0.1090641646779961	0.28594923411968753	0.1810852351463078	0.13413267221124048	-0.0944676518695156	-0.12686306318107704	-0.24464244591077267	-0.011097689140380854	-0.03508939521010794	0.06386256576753442	-0.08546862782235141	-0.03913276969193683	-0.36726821231933765	0.29037043535532797	0.019947331976143894	-0.04249478319629729
( ˶ˆᗜˆ˵ )	1	0.12682531213454695	0.04326762417336781	0.039681819730130526	0.10746458784574903	-0.031954268747150454	-0.17720962423525818	0.20019357449428035	-0.015336585601418961	0.010841435497850242	-0.06602991889658186	-0.0901387189967824	0.05393697586995673	0.07003809292078501	0.09162677219399407	-0.02734022808177301	-0.0013096522954348982	0.06276037333102448	-0.0918579378345226	0.1728870857345669	0.06604254778891581	-0.03859379786708387
( ̄▽ ̄)	1	0.03502654774173993	-0.034745943336417826	0.022482102805842022	-0.10910925363155935	0.005265492241970456	-0.07053393989360168	0.12424991552237008	0.07723527083200686	0.016660842725109055	-0.05909865156738826	0.08685694836843476	-0.12360135535936943	-0.0851410851725823	-0.06808859739573556	0.03588803280572799	-0.08627252649676831	0.006137323255455209	-0.1354125183720475	0.19490377438153184	-0.034265902227423005	-0.036672865652192646
( ͡° ͜ʖ ͡°)	2	-0.03322799096113757	-0.09668472623872304	0.00444425315723015	-0.04246771296271759	-0.03025956821443036	-0.06798556473712317	0.01957891730142214	0.005200356103456517	-0.04361580036279164	-0.15066060265863104	0.013713055203213979	-0.026117717259996336	-0.0037865195435323193	-0.060822819161418115	-0.04000534105692395	-0.047702944619201874	0.15951594784050352	-0.0027031896069652293	0.021671711265052383	0.012223076631226614	0.022055805847308988
( ಠ_ಠ)	2	-0.03286026609059663	0.0708928395601121	-0.017210335585883405	-0.0679792491790005	0.042195689876070405	0.013726918459331832	0.07367344778693653	0.14105921122400655	0.0476787876943725	-0.0723525568824898	0.026894244797837877	-0.10181763010415837	0.0030592385437144794	-0.019456982492404115	-0.005708006910976288	-0.08476349671166193	-0.057293412608693375	-0.05896716273347274	0.08600755320307732	-0.07688611443472523	-0.02050726627132149
( •̀ω•́)	1	0.01652599568689429	0.12912400574984176	-0.012805206614452608	-0.04668231609964695	0.037880217903632114	-0.05831421756714356	0.1559590973612346	0.07590394497187004	0.05057286146896752	-0.10648649850136997	0.026084121605099726	-0.22829018615138177	-0.08059326903825566	-0.06408924514486886	-0.008511593362591328	0.033192334892994016	0.036909025431045565	-0.09409833451190566	0.07885147466298946	-0.10389646801733092	0.04658603874265782
( •̀‿•́ )	2	0.07434976477213018	0.24672749048383003	-0.0018967339768424692	0.03224643844867575	0.02391826388894172	-0.00867983840867242	0.2019941900282824	0.10285795365001979	0.08266325003059607	-0.20307817937311465	-0.023964292640865813	-0.09167063983021477	-0.022754247759237803	-0.07912972130216094	0.02095072476404935	0.07087867466522947	-0.006569569924729801	-0.16015389668445176	0.17846709700797386	0.07481269645486681	0.011122062939141702
( ・ω・)	1	0.11752644520357138	0.2794713358104748	0.008819661120418841	0.057765535003305	0.06864687750812135	-0.05677175371772927	0.292263370001407	0.09642804730479938	0.1299445525010076	-0.1543090518116857	-0.0741664819130308	-0.0661660351494447	0.030972380507756872	-0.007627087681543222	0.004117805546024977	0.052419503711719696	-0.03706242354711589	-0.16601183442595052	0.18172712048622547	0.07573108741261442	0.015833591185631442
( ･_･)	1	0.18050491973627647	0.1426329416595599	0.015169569406215257	0.09400176584348052	0.09739313768083739	-0.16307789978241982	0.30767603617657807	0.08970047167269553	0.21291056146224752	-0.11839494530033458	-0.043422547977484766	-0.10258275386326653	-0.2106519244347862	0.052823041800649714	0.014461183689532281	0.0936579662205481	-0.07747888559635548	-0.19104590367585972	0.2776912176280808	0.05490395150297765	-0.04114026792586478
( ｰ̀εｰ́ )	1	0.05696470029587985	-0.09648042483051707	0.08000533154848054	-0.06938988898895494	-0.00047694594843285525	-0.04225289695392265	0.046284457032699775	0.033275006349097504	-0.016327063306826914	-0.01157087985149698	0.030807347633762062	-0.04057232894610942	0.006064489580930108	0.035726422921416146	0.1537267242788828	-0.05748623915405397	0.02665359573257393	0.011575937289569864	0.07312403752217966	0.05571728036946343	-0.022161930030780718
(*´ω`*)	1	0.08036068237617704	-0.09340776789426072	0.11883631389686101	-0.058889633940042055	0.11755555197899502	-0.16029111856855724	0.15972905985055372	0.03512595581305287	0.07549472971202786	-0.026053863545772948	0.025909046268816977	-0.06637394359917911	-0.01420269567459357	0.10758176400618762	0.008002525132062639	-0.0445419383011436	0.014119690742237725	-0.0672020235599027	0.11970311877965144	0.014489485987607562	0.0012098244285190262
(*´꒳`*)	1	0.14799279019959913	0.12541701281986897	-0.049397448883972156	0.02441069664881077	0.1672421108424519	-0.071210178444431	0.2515689269664228	0.09830573043121012	0.27433788956533933	-0.04827458216532863	-0.0731470618029232	-0.15329169355191727	-0.19354655796099093	0.01314300999972958	-0.006113880268231238	0.05153481772170541	-0.23479948999693653	-0.10935422491025792	0.33665726384007605	-0.00784584439857516	-0.03900249988295003
(*ฅ́˘ฅ̀*)	1	0.2575360896045992	0.0776910723699029	0.19003260394855115	0.03207527481939623	0.050959579876503756	-0.14299218336723354	0.3742218782989982	-0.021749441362077435	0.12140447291744984	-0.0655002355879526	-0.03624477898552306	-0.1717161578261391	0.02908343406088811	0.06697469827867866	0.006721743455322635	-0.05770169333794466	0.05202684450871308	-0.11800652542998225	0.2310415292804399	0.04696785117924011	-0.03236716322408751
(*ﾉωﾉ)	2	0.12506355337335073	-0.10679718008539696	0.13867913963744324	-0.040332965289349584	0.07744003238795061	-0.1489004853387943	0.20188020848682928	-0.028442895877457273	0.1035553498648567	0.00012388405873065358	-0.025998142353175543	-0.12264763008404733	0.017772318981668832	0.1352649321850356	0.04358911842783288	-0.027418476181182597	-0.04262943310164423	-0.00808524374700038	0.1598992359360477	-0.03012196077938386	-0.04425848456139313
(*ﾟωﾟ*)	1	0.06516479248782046	0.24258601404955368	-0.027679407537179165	0.08390606303033125	0.10981591963411762	-0.0695400992314783	0.18676971638339282	0.19368852640170514	0.17077022718365104	-0.09249258125946645	-0.061219344545390235	-0.14212487284478173	-0.10433295602666744	-0.04474557482833684	0.0750030822656321	-0.022288287140356557	-0.11648934829953729	-0.21196468092183848	0.2210077033865752	0.023744093651321217	-0.0635342283682431
(*ﾟ▽ﾟ)	1	0.04820706754113084	0.2818585254499127	0.01737019371127927	0.10552375992322298	0.07892695435736771	-0.007154580030264808	0.17628875889222392	0.10473994713702585	0.1376854855588943	-0.19964353572273694	-0.08521325482776908	-0.07576204809585356	0.08481193454904361	-0.043044319941619766	0.03540966592559698	-0.03151227896127848	-0.0853074329459068	-0.17922955036731217	0.2006551163714275	0.04581504397340002	-0.014925857179781718
(-_-;)	1	0.009976467273811405	0.07802734551354212	-0.04550753443021417	-0.029802251388121263	-0.02825527502462486	0.03638255344872744	0.0410552422613536	0.18736238789988197	0.02588898201479695	-0.04170864983787334	-0.020170252718540935	-0.05432947050467599	-0.15817122668960537	-0.10538916130942166	0.03928142428027361	0.0035895193410930533	0.02304451627210327	-0.07216187907072692	0.18084466234350352	0.05905977202564273	-0.08643207287521056
(..)	1	0.0872297685410255	0.13478873790206983	-0.024371316779013854	-0.00815462908059439	0.0679599048932694	-0.11188592061423061	0.12296116593387504	0.104077317370136	0.07731256025741512	-0.06228137596819692	-0.035475744587041266	-0.07497838841763635	-0.1493804044460142	-0.0660263925391088	0.04705272539117618	0.04587954549068145	-0.03144994172469776	-0.05151020275944978	0.24902413911551396	0.026229853157032967	0.014790706212980304
(._.')	1	-0.05084207770815525	-0.007839987214323484	-0.12234961848134115	-0.021919581596375335	-0.05894860542822188	-0.034232408477241585	0.03324228199104683	-0.01792753015361914	-0.06678357949381378	-0.1279722546460308	0.02293899250454594	0.051970647758552646	0.05717032084602844	-0.01576484370169868	0.08421042501376383	0.10334623573649387	0.0882696813759294	0.00921235847615934	-0.01534307175897211	-0.00421027982633403	-0.03201825057787742
(._.)	1	-0.08726769505728484	-0.17044819056104182	-0.09673848565433425	-0.09981448391203654	-0.06228781198000793	-0.17677822369237403	-0.050000082892785166	-0.12239043345725963	-0.1522254475435463	0.0531273045342102	0.07255973655733268	0.06437389346710329	-0.08515960251836092	0.053038323180671205	0.12412645929292683	0.03798275656648685	0.19086376047414153	0.09433081443030909	-0.11156893265483543	0.06942360809250973	-0.03848859726765854
(/▽＼*)	1	0.21756991808885914	0.16903970896561368	0.11957827331009119	0.020378573548634565	0.12203364262515419	-0.016216990143099557	0.262560768654988	0.053320591130899535	0.1194532192244297	-0.05994265495299143	-0.07502328878409478	-0.13164797181308255	0.1983455349880962	0.05035267441747575	0.046654081347506565	-0.14222172626182594	-0.0567451883032747	-0.14050278731104204	0.1466352628229217	0.037914593712583634	-0.01363288536579355
(;へ:)	1	0.08632180841707439	-0.1782514814358682	0.0006585782978877399	-0.009295352952523438	-0.09579404544949371	-0.23568585522680552	0.021296920741646675	-0.11482560740582712	-0.031424123734333516	0.24233410539130718	0.03324831775492014	-0.05041139010274697	-0.11093869490960327	0.06487231810232523	0.1318966620781327	0.04861745063298716	0.066415075603663	-0.0026863487669486646	0.03155515514041666	0.04997898828149772	-0.11781525466497926
(>_<)	1	-0.01697320095568353	-0.24076953114900787	-0.13674669985262153	-0.09555801254494838	-0.18419755150103242	-0.1952209983705288	-0.00989251804225621	-0.15640196285956193	-0.1585286642564221	0.0015020022627075412	0.03170533870444277	-0.007760522484885766	-0.0404719722392031	0.044568037272694885	0.07868095864911216	-0.061008582262454335	0.18713132242568234	0.028987338491944827	-0.029651466518016412	-0.02482166802119065	-0.081137387383787
(Background debug script completed — its output was already used to diagnose and fix the issue.)	1	-0.017452661410762408	0.042727662083991196	-0.07563354979731594	-0.032366968214946876	-0.06360653974009307	-0.05400935300827338	0.04810793887745862	0.03863676186489435	-0.036378047389151826	-0.07065997425969889	-0.02196085542996098	-0.011546010376062161	0.014060723877930713	-0.016834835712231586	0.13977219264930946	-0.015461800369703169	0.00855888259985481	-0.08598265487074826	0.17612734934807608	0.039280006653259696	-0.13950688765172126
(Used ScheduleWakeup by mistake — the user didn't invoke /loop. Will just respond to actual events when they arrive: Monitor fires on each 80-row checkpoint, bash fires on completion. If the wakeup triggers before then I'll just act on the actual run state.)	1	-0.029170032645342236	-0.05901623425232453	-0.1334815871451634	-0.018200751589636254	-0.10348340071051415	-0.1449964293026438	0.02582560020843837	-0.015024672224805505	-0.019833704073225468	-0.13466063695383687	0.004514722693385123	-0.0011969385658873732	-0.14948730539732052	0.014533672058437929	0.022629301380583177	0.14955145567125083	0.13830033252673093	-0.052810753041949765	0.07075255363018458	0.029197845002366142	-0.02967371115298594
(\*´∀｀\*)	1	0.08500776545643923	0.24370137509733192	-0.009691520874436754	0.04774966472480194	0.1048680150627947	-0.05482401545771326	0.25037566835003716	0.11956906554585642	0.19232809709204368	-0.10583977730901813	-0.06290039421287354	-0.049718711318536606	-0.010780134458385568	-0.018585696597964076	0.02575044078607081	0.04271743325522624	-0.08202326634593331	-0.1346371848015315	0.18105988250669014	0.04063420155594659	0.005889645685001499
(\*´▽\`\*)	1	0.060515496533762515	-0.07387160586929888	-0.14193964215107424	-0.054958853877627466	-0.08403451438902378	-0.1438519466336802	0.09557221217113523	0.12977587771644858	0.01759590814785963	0.07172581823850877	-0.006238701612987782	-0.0716223360199542	-0.24364004705984443	-0.02102928361311919	0.005856302576337522	0.14215141872860831	-0.010185896852520417	-0.07029932083809072	0.3109800810821636	0.012103431590757188	-0.14733902487863015
(^_^)	1	0.09109730849230854	0.02614172269239221	-0.03987912985093637	-0.05202829203687326	0.11884160104142627	-0.005905212314275772	0.151168518305747	0.1689398093098738	0.17870114893560177	-0.0959544046951504	0.016695347639114025	-0.11605620227025543	-0.18326628266757503	-0.0992329441531333	-0.015936022085005535	-0.015387653322480325	-0.067867310796502	-0.0903721490570781	0.19248790323368245	-0.07415024003123623	-0.05489973916191017
(^_^;)	1	0.037626743463419134	-0.04746539447004317	-0.0715041460302172	-0.10204315814039376	0.06121611431855644	-0.0672716519236051	0.14921750522694358	0.1083853204469657	0.14518142369390083	-0.08058112520502636	0.023841968932987966	-0.06864868144264231	-0.20128969311944922	0.02110994910490807	0.015383043061620236	0.144173863943251	0.01010100999729405	-0.09305177957590088	0.16028327103314674	-0.06572349876798231	-0.11776584819485485
(^w^)	1	0.2574826689023844	0.2701010615561874	0.0789649137533125	0.2001135157935615	0.12242126306969264	-0.19820349883457858	0.38566607371000144	0.03621966887787163	0.13375500433667908	-0.11918558179477468	-0.06665615815686345	-0.209086031343784	0.08542413339377194	0.004076778295943752	-0.024607102938922185	-0.08058750077731497	-0.00717607274794484	-0.195245124309367	0.1845186432268361	-0.022686742140745432	-0.013821132493768006
(`・ω・`)	1	-0.031519336000170046	0.03308706720404747	0.00650639283942134	-0.19155132352265378	0.018047512654989793	0.11257608489284646	0.11084080091367292	0.12476404895422953	0.15194192622644118	-0.06247979392390992	0.039695362838458134	-0.2126525443137206	-0.15522898681456362	-0.16409785915547687	-0.08803048615238193	0.005777313292595766	0.029800915631168583	-0.024380223139079737	0.15986758223886843	-0.07084568057230158	-0.02808475116748347
(¬_¬)	3	0.036251350112202284	-0.08494476077634248	-0.039359708815579715	0.0034481017166292046	0.002108816857597512	-0.13645195992610215	0.005852806381419226	0.04472238037275114	0.06612653442918655	-0.056134248404314704	0.028913324780639744	-0.12525129621251518	-0.3991378656900109	-0.025789413348776567	0.01237197610180597	0.1291095278081106	0.016593391287378974	-0.023675213005730306	0.17151432680455406	0.024684157715159343	-0.02253548543777184
(¬‿¬)	4	-0.09390620375021733	0.04219283321626079	-0.08828121663442419	-0.07596485814726796	0.03931537167608188	-0.07509519754669007	0.06221834773435578	0.10992181763031647	0.07221288410048408	-0.07026234517946216	-0.06066143344820792	-0.16011160429547175	-0.13409017413553542	-0.0762868815574021	-0.025900681045297105	0.06765891600584333	0.0614523425823951	-0.1172126026285923	0.20781507385607503	-0.03671549885654356	-0.05649498857856477
(°△°)	1	0.03724321634241233	0.013453463437690613	-0.05461561970972414	-0.08268995720454823	0.010734433811618906	-0.07402015583308191	0.0979570932008579	0.16105592777709854	0.10595640695597724	0.012088061531276782	-0.0017954923972587427	-0.08719700509417898	-0.25430270273384575	-0.09330856902126117	0.034446760209782844	0.09647962624347071	-0.07921885007089267	-0.08186613707585322	0.2402929872094412	0.005962059548153114	-0.1480719407111399
(°ー°〃)	1	0.011305723157897248	0.013401625333991392	0.05753975530849025	-0.04768021057860901	0.016437415906465386	-0.12804529056450004	0.19086388323263917	-0.03950414513453338	0.08129332469962684	-0.13662520093391514	0.009701496285819304	-0.14277522525274594	-0.15577852375924955	-0.04245281440998219	-0.06506212593650472	-0.040946269949035094	0.041958933111260574	-0.21615324113495904	0.2507854323092205	-0.08133970151586425	-0.053998213367847915
(°ㅂ°;)	1	0.13076356976080758	0.06708845761733767	-0.028039562610504616	0.06881715629796328	0.062125078165573916	-0.0722002343780878	0.12258389016133253	0.1427693098650199	0.054897215081037724	-0.11818014679982092	-0.05082117163699075	-0.12263288959727724	0.009197223706643725	-0.059577930836460465	0.0062745958750623195	-0.047760007306226364	0.004915694139522198	-0.07747370173697832	0.2028777213732807	0.02336243457667473	-0.06623436348313679
(´ - ω - `)	1	0.06898140567262426	0.03599175153663782	-0.02162372330262337	-0.026620712700624872	-0.00928366844577249	-0.05827369485650729	0.07235757528882208	0.12460607552063788	0.05273225977816283	-0.1139561689227249	0.04139927027850474	-0.11733742902269302	-0.001942951413780558	-0.12008358296504998	0.07341347467008502	0.0011063091590802617	-0.0013554758839700832	-0.1836024064904777	0.21421941218610624	0.03543427867946095	-0.04787016611122557
(´-ω-`)	1	0.10684368114563961	-0.09547106525118408	0.0360301038232047	-0.09451991146959854	0.04579601866274529	-0.08871327881234477	0.14084393476879623	0.202425133421291	0.08629600166614873	-0.11864453652080356	0.06874661087272653	-0.1466537572558725	-0.14809451544975258	-0.004462421609189014	-0.004373936246695002	-0.004244789145023353	0.05521968110767529	-0.08302440706820931	0.2613412864160217	0.0424334230144603	-0.059122195844128755
(´ω`)	1	0.11740660014760587	0.002280100061492355	-0.050492279360048804	-0.024171741381660772	0.008007028662514787	-0.11430394011237685	0.16114284034385523	0.09054375611795382	0.12029692678359967	-0.07050249385552573	-0.005241128576330285	-0.05941880428761853	-0.2950254519638742	0.012339116106418725	0.009324165738948056	0.13164555806417313	-0.021674813520226197	-0.088488190678752	0.24779884057826793	0.0020452868783424317	-0.08832721148210541
(´• ω •`)	1	0.10420633760991722	-0.0008395315796124185	0.020877108996797376	-0.06899256607515142	0.10496441919079744	-0.027915052249215647	0.16576977818471825	0.14259360402379856	0.1892157161464625	-0.04262205084402377	-0.003842085073284023	-0.17218542671494297	-0.2512887449479637	-0.11047362797539698	-0.0018303239946266961	0.009150129456834853	-0.07143431387906234	-0.17693112095283234	0.27700837356013963	-0.09730247746797971	-0.12627856394552592
(´∀｀)	1	0.2769278219529194	0.08578952634220223	0.13696421080599547	0.11846788767869333	0.1207379190824014	-0.31443306881717675	0.3486197536080267	0.07616047590274619	0.09150400190318511	-0.13364697553625904	-0.022916228724450143	-0.2846863209217101	0.04032811825369008	0.10966504193624783	-0.06203227997810816	-0.03252535426806882	0.006339142515164009	-0.17004733455467122	0.24849812152088066	-0.014355914417402497	-0.0018912441072744934
(´∀｀;)	1	0.126853473066778	0.06729630123451495	0.12229628140540691	0.1172721603134114	0.0346668906760137	-0.17856094385976767	0.3023241369083966	-0.027865270441288784	0.14873012666386143	-0.006166071886703601	-0.06746145725923715	-0.11827277052632733	-0.17361490886004477	0.0688800550104437	0.04675610852169899	-0.05203208496038725	-0.06731382269955298	-0.20610657778782523	0.3120868200807049	0.05364560628994299	-0.12086945358483756
(´▽`)	1	-0.05523242453314805	-0.08457286958405086	-0.08007738079471391	-0.14576408590407935	0.04092353066618845	-0.09745456788854631	0.11341018906462091	0.06124272308484119	0.08303596172499395	0.14243909612504746	-0.030493522142187816	-0.06127370729973918	-0.14776068977267104	-0.061637927890378724	0.04597134900150985	-0.02829108407771565	-0.04060056342189324	-0.019549779281739708	0.1667114291008797	-0.0409381113735857	-0.1191986522904901
(´・_・`)	1	0.018954560099311193	-0.06301804646510259	0.03190355921803857	0.05738936330214783	-0.01738837220770936	-0.2001572971092547	0.06170259250182394	-0.13271394287009078	-0.032157906892989384	0.08310189078512265	0.03768074711491574	0.1641423887057155	-0.14714316893155904	0.06955053241589271	0.11827865975403642	0.10196273838074757	0.08458765741804328	-0.039687281424563334	0.06311238295383445	0.06966637772752213	-0.054955901359364005
(´・ω・`)	4	0.06661882141365569	-0.0825267363700542	-0.0018340604915038866	-0.1592453902069633	0.04891875348984834	-0.12323490222321017	0.16266887682940986	0.04944734603678251	0.12572980630835603	-0.10755744759768764	0.03275405681088954	-0.18555591997912815	-0.22438668283033536	-0.01903319014408341	-0.016497650174832124	0.1363011607167138	0.15829448051849046	-0.020774290930154326	0.1501015676968884	-0.014512674162515954	-0.02689146193903902
(´ー｀)	1	0.12440397119601966	0.2435560686050367	0.14354094849586155	-0.008509479442541315	0.0016803723861864167	0.006977127190724333	0.3626670337710257	-0.0524873596459759	0.18597034972420148	-0.15117071057622422	-0.03955826848656986	-0.12780705759771557	-0.009053227571538881	-0.030874412248145456	-0.038481679908016674	-0.06729532525921071	-0.008193585118065453	-0.22107291774079696	0.17894449412203936	0.08305904587103961	0.03074100576354593
(´｡• ω •｡`)	1	0.0744011946920396	-0.0657856299971724	0.037588900971971186	-0.15493651378053436	0.10119237256441393	-0.12166291048919084	0.10958979094693463	0.10475658997043699	0.0888688163176999	-0.11359691673823091	0.09158968005539007	-0.16972602442689472	-0.04950253199568581	-0.05226420502784513	-0.01988430611068243	0.018095699882539656	0.0743235429481061	-0.01641500582572157	0.15929900383527126	-0.051714129416118644	0.013899199378296145
(´｡• ᵕ •｡`)	4	0.19567521108970526	0.16907674296032607	0.07594493306940343	0.07827209795810568	0.1470870681753181	-0.04367277194686572	0.22540544989693276	0.12867270930816088	0.1742413351565715	-0.10641359931675529	-0.055159738399577836	-0.1615267040196533	0.10049724818895994	0.01610157058990217	0.03557756443682405	-0.12058426650256303	-0.12682042856537148	-0.19537250109121318	0.1963771327318296	-0.01228540562036357	-0.012302930079786603
(´･_･`)	1	0.024156460860555645	-0.01426727842425541	-0.019203606167950093	0.023699890915649287	-0.14982293632519084	-0.13700122315627364	-0.022798245714538062	-0.10828160094756789	-0.0179083966289036	-0.010154440271412971	0.033786297880539454	-0.02872028335827997	-0.08877974792338696	-0.08882210767530328	-0.004126539874251009	0.0374676244423451	0.07587866392725975	-0.06937103882611216	0.05735768677007845	0.007116835274708062	-0.007765060342724769
(´･ω･`)	4	0.14342360750098712	-0.0015365119060223049	0.022876667170894302	-0.10198111380064567	0.04876891072416511	-0.15454403085779417	0.2345957523555149	0.08926788493492668	0.12070762205913914	-0.12970123674380388	0.02050867783371355	-0.30328629786572614	-0.25205496641282743	-0.0012059586597794388	-0.08864949812233472	0.10243484409390183	0.06248223246475448	-0.09148531856028529	0.25672488799396725	-0.07983090151874028	-0.036627421562461536
(˘̩╭╮˘̩)	1	0.1100760114380159	0.22938116157830724	-0.019306251625910764	0.06000111988470231	0.10298547146809725	-0.03187626807402283	0.22644426482664717	0.08407576158226075	0.1418353046137364	-0.13024933444026035	-0.05985731672733229	-0.10951742767691863	0.02870290674774773	-0.03160077308823947	0.027452509830230815	0.033483416866779164	-0.0530831667333428	-0.1759633562580148	0.13462018599052933	0.05185337617172265	0.006552428160202692
(˘ω˘ς )	1	-0.029343021348094557	-0.002837600618338213	-0.2056830659882093	-0.039503765367461585	-0.05310755840055247	-0.026558979955212603	0.033457888756080204	0.10062051467987199	-0.024547877881999507	-0.015221472270719802	-0.03705290534535335	-0.013083953384976777	0.08261427570329544	-0.14810376661330146	0.04628137853069749	0.04311335673734781	0.039008242074046275	0.0038126286361866604	0.11095527850635825	0.02373074988536925	-0.055377974904416434
(˘･_･˘)	1	-0.025686050403565815	-0.01429002736209626	-0.032287737988705066	0.05013374539778872	-0.020584744876781545	-0.14783987219175346	0.054627755842512234	-0.05275418709744402	-0.10069929370556263	-0.09296478737422052	-0.07210786230358637	-0.031941970370958875	0.06405276801347641	0.012315358486724432	0.029231670282604906	0.0512840425555587	0.17932124135324892	0.0275595390887929	0.08347629254077744	-0.04932794373009812	0.09361593432281985
(˵ •̀ ‿ -˵ )	1	0.03827565252607284	0.03739708054435427	0.028849085882477123	-0.13054867730653635	0.01992725985144986	0.061904880956108986	0.10018894359410972	0.2025163211477404	0.04993696858105449	-0.16514906567052207	0.14069652116268197	-0.15997864472784346	-0.003468813216057239	-0.20948284378475246	-0.033639370086632266	-0.02830158969014617	0.03166333914504192	-0.09467452762808488	0.14460033716476228	0.0075247637926664016	-0.01130987134936288
(˶ᵔ ᵕ ᵔ˶)	1	0.17384011858338647	0.12578513803658736	0.08133496864396537	0.04745593859151786	0.181094011594806	-0.07936119444389832	0.22314246502727741	0.17834526158153358	0.21762761175591605	-0.0004916480179522836	-0.013897316854080998	-0.16819896633616593	-0.18967569029310505	-0.026516912775400917	0.0948072833956808	-0.05340903675626284	-0.19380217062739208	-0.16451224403926132	0.27769943207137837	0.02045837053633391	-0.05748340442135737
(ಠ_ಠ)	1	0.11890256927685805	0.11669199510875784	-0.03292406404360712	0.028650901271698198	0.1322142069699885	-0.09017835284936468	0.17094107936287709	0.10400527728338717	0.28982358917887363	-0.08360237769213182	-0.004681078781896942	-0.0957194494473143	-0.3310814106045054	-0.045318069634420866	0.06408678461381458	0.10546555087088884	-0.18754695474676686	-0.10193813672348895	0.26582602939382305	0.0024256463881848944	-0.05638275158816474
(ಠ‿ಠ)	1	0.01921554160354651	0.1449483685891897	0.011823279710514447	-0.014700338527630146	0.05699025050566194	-0.0268411344630534	0.12660392397567072	0.14788627706037386	0.04357719637669485	-0.18111820438786258	0.020323505661151802	-0.09652892946262559	-0.02675195933812889	-0.08218624068467521	0.005918192802550351	-0.023408800950060215	-0.0013862860575063198	-0.1473847146307661	0.13958941843308298	-0.0019334765370257888	0.042937995152186686
(ง •_•)	1	0.09752188564718693	0.09331233014426052	0.05187599179637063	-0.08551229975562044	0.012342192778442363	-0.10974332429360155	0.26562345447293234	0.07304938455609683	0.10001037683433092	-0.13137394726850635	0.05820907536608705	-0.2568256869223723	-0.22463278255074237	-0.07140402480906412	-0.037120977481151146	0.04888060122134169	0.04184681902367324	-0.21544834624036652	0.2880876771618079	-0.05792298967892864	-0.04982938776843158
(ง •̀_•́)	4	0.09021074809127767	0.25995125506824857	0.02645844052604179	0.02358141791791869	0.05639979675543636	-0.04503422418204549	0.28421784887872154	0.05511632233215672	0.11736586102916549	-0.2086001800192916	-0.045563723648059176	-0.08472638726045024	0.004226119604153446	-0.02924041785688323	0.008200885819560256	0.03955855318428327	0.016257612782162045	-0.19066339503892915	0.1922549985091678	0.04651161452345532	0.003892241785712392
(งᵒ̌皿ᵒ̌)	1	0.044080265333282465	0.21449791757919442	-0.05437609729427918	-0.04359003035255159	0.05821095631257814	-0.028723032968679067	0.24674729572332554	0.13604853232744715	0.15633830819682706	-0.20985571730061162	0.011267827852901913	-0.17896918493238895	-0.13338256386407862	-0.1118487691018685	-0.03627684865077264	0.10304579673063861	0.0365363436047601	-0.13688826867068635	0.25696772524220307	0.0034178439391379656	0.045064011076770716
(๑˃̵‿˂̵)	2	0.1429904650278291	0.16056408089957924	0.11246992958986839	0.05782814665924862	0.041976024015995324	-0.11657730878294985	0.3655721941354592	-0.0006792120755596203	0.12312222937888644	-0.21251288041104796	0.01372847249541043	-0.20936945187808087	-0.17720637995851377	0.012151064700057194	-0.03304842995516469	0.09640236273807448	-0.015104635163667933	-0.1710661405366572	0.27034641117497266	0.0035730837487054482	0.02104886046869233
(๑˃‿˂)	2	0.1984126091244316	0.25104198742217204	0.11194193160812431	0.10755131500613577	0.0786935258491184	-0.15267638080806778	0.45031979833152264	0.05707230704274039	0.11764559174210189	-0.17293083188924427	0.01842556185362344	-0.25235335262301944	-0.1257756734174873	-0.009391178883160363	-0.09227610464676197	0.07940574284694887	0.020811339445247126	-0.2382290787429711	0.2919684588809961	0.026787132167208783	0.04793234272331113
(๑•̀ㅂ•́)	4	0.08036257156618815	0.24175672645515964	0.050044298085316546	-0.05919660760730854	0.10191976741282774	-0.0598950634462982	0.24114215124122818	0.11203611691603407	0.11810198750867454	-0.15748442351263295	-0.025351327672832043	-0.10960411790506194	0.030829783040032935	-0.05442131271902791	-0.02559391309694675	0.027023160544472655	-0.033175816675166364	-0.12001511263521386	0.20486218351426058	0.00907569960809182	0.03102982659892031
(ᗒᗨᗕ)	1	0.1425791169160372	0.03362483718382392	0.14226628808731248	-0.013516375344716072	-0.061897548326301	-0.219122998120398	0.30888809626940494	-0.04340721322908387	0.045626135556850536	-0.17505749032540427	0.031062752934020582	-0.18386723733483942	-0.09718481010218541	0.030537658854162257	-0.074285649600916	0.05539155361806749	0.1141664834290296	-0.16756397907263376	0.2858582331837537	-0.01004743027816411	-0.00032148801715256424
(ᵔᴥᵔ)	4	0.008305592584647775	0.09528789918835896	0.09799201633111415	-0.13807859865868474	0.11926404207771549	0.04932543723349491	0.17290043604262456	0.10435876238320042	0.1215879402741521	-0.08442457234156861	0.07049227247228176	-0.13263849021951282	-0.0844591456043979	-0.08882549974942248	-0.07453652206359553	-0.06768627921275316	-0.059039267252705155	-0.05023264656244234	0.1290870187448192	-0.08513774682833705	0.002580008339504653
(ᵔ‿ᵔ)	1	0.10942661184748734	-0.01334966286460579	0.10179266204438879	-0.009776382732085786	0.08277004615894183	-0.175061423639458	0.19587642460835047	0.014533854409387783	0.09874299675336108	-0.08389982926296774	0.06834181489533861	-0.2106468641041958	-0.3696823194987392	0.0633035281232222	-0.02461981388286206	0.04558791027127977	0.07524321055583494	-0.10333812214934184	0.20221642014190294	-0.06754381827005156	0.03312688006546922
(ᵔ◡ᵔ)	1	0.08139991157302238	0.039709806168774925	0.07512460419557064	-0.032265371232452836	-0.0034168428719458326	-0.10227811221657396	0.18454510513165479	0.04257233449450955	0.03551011152600756	-0.14254698044568412	-0.028275360311391974	-0.09411887287298867	0.08105472013332325	0.09083699402733468	-0.001711064145921953	-0.08766444885863817	0.05663201477434645	-0.19286859154133135	0.12335439417241292	0.06890764611036505	0.002548705270223634
(ᵕ—ᵕ⁤)	1	0.12569928008370762	-0.033742452418678334	0.021484540052267985	-0.0971217361029961	0.07393872297090218	-0.06408632378143267	0.1361854832379233	0.1086702483045506	0.11925231261901088	-0.05672729221085301	0.03526252084027783	-0.14105285672490936	-0.30480279327733956	-0.10103760341542012	0.015303725212835517	0.04990590956305039	-0.018295078491121726	-0.05819845034170848	0.24762356106222802	-0.03222177732996096	-0.03805877980119956
(„• ֊ •„)	1	0.04749200442295569	0.06668339691131078	-0.10417058646294805	0.004469945314298836	0.020403783332605188	0.06894362050018651	0.11066933855613169	0.13832028020265802	0.1010918881824953	-0.0623773042684995	-0.007109967809052833	-0.12218269124849121	-0.26252741249761136	-0.04299447863993153	0.009116913653295068	0.11567027521467253	-0.014261519710228878	-0.07082076040126739	0.19514912002306578	0.005720975699003151	-0.12301230775111051
(•_•)	2	0.10488394419175492	-0.0757052864716205	-0.02086995009240703	-0.1396134036131941	0.14578808243963254	-0.07421600635413703	0.16681840212660506	0.13318467642747273	0.2020210735515457	0.04270040094685156	-0.10120120079586842	-0.14204065457391138	-0.22082563937532187	-0.1247689597139142	-0.06770742637785905	-0.07280807736656032	-0.020929641278419724	-0.04887183883215578	0.26484035020776747	-0.07683272995938459	-0.08200630793598354
(•̀‿-)	1	-0.11069334805580693	0.03951624591242837	-0.07887713130262325	0.05143740938076518	-0.0809318829640594	-0.1404641390910788	0.014548201713140292	-0.04930057037704786	-0.03573801511626259	0.03838773244533472	-0.15744481609871375	0.03143754360417438	-0.06667775101434992	0.03023471862877092	0.10233759555227967	0.053477040100320616	0.01275183471273058	-0.03942456943487378	0.1554453414596153	0.014600271888245423	-0.03790640778714962
(•̀‿•́)	4	0.06673144040467541	0.16392641476830871	-0.021430598666579107	-0.020674724534136324	-0.016385312382784074	-0.07245395828573553	0.16546538625272125	0.08476333559480097	0.058349527883956004	-0.17145620876889495	-0.013924584338877366	-0.17485325410263497	-0.006123019502152423	-0.023168250542688458	0.03210897254070086	0.03819263182715593	0.009046452882818478	-0.17840165386508997	0.15285858377592454	-0.0018272623708200455	0.040943585974270835
(•‿•)	4	0.05530973790007169	0.30005304169512237	0.04784654240939721	0.018009753686155323	0.07341674496024655	-0.04556105977859977	0.2981266945370731	0.0926298993514032	0.15443594915116746	-0.17989055445840502	-0.06914589245454948	-0.07114932832907758	0.07344317746162704	0.008155803581540243	-0.018072572921440315	0.0047943397612186245	-0.04411610733154529	-0.19695501440810237	0.19826911058951877	0.046062615040192476	0.031452339646959655
(•◡•)	1	0.06234166746138677	0.2418237344085116	0.09247239921425572	-0.053945498954812876	0.10802560650520211	0.013376105486818227	0.2765222354278537	0.04243104242816301	0.15136643478559544	-0.12947914159048515	-0.027834566852314203	-0.041153521659261276	0.0970279804351746	0.013693399222649935	-0.008414176135194101	-0.06777000072525777	-0.07900678079040781	-0.1344921051625466	0.12308508777295021	0.030094992922895133	0.03281361823765199
(≧▽≦)	1	0.02113026265944709	0.043653946387482455	-0.0008884150022890206	0.02038754901974144	-0.007132350683423914	-0.1347824480376659	0.14956909018653927	0.05919102541210207	0.026143276588658892	-0.009859708756278668	-0.09800753214287737	-0.07996078723501332	-0.1006265846900203	-0.04089973882318292	0.0035565298138791122	-0.16653471707064876	-0.030277023059990672	-0.14327654252436886	0.257180493822081	-0.038503650504912265	-0.0746776775164078
(⊙_⊙)	3	0.0241081729875588	0.14688419536174713	-0.041694687453386545	0.05159690191224133	0.05790005449247129	0.06657617233705945	0.13048476907701306	0.25448599331130267	0.02786773334980326	-0.2017835137562432	-0.020950151356532352	-0.2298230652339823	0.019361698264950065	-0.1165721167183689	-0.07284306333348085	-0.03222486496556646	0.06447392881552498	-0.12158555789318772	0.27556192227704696	-0.07586653477763126	-0.06217791416412231
(⊙ω⊙)	1	0.13583978016478265	0.17672018119613261	0.11767108378713198	0.0006027872717701856	0.2015837568983157	0.03204279656278369	0.17707906170145543	0.18221278142095737	0.247474014574607	-0.16555922324540687	-0.015251238957372203	-0.14907810472341798	0.04558850881982776	-0.03889332619552324	0.0222489287109044	-0.10380160082277352	-0.1382247475013159	-0.1888501321379681	0.2052415664641539	0.05348034071178925	-0.014911793124373494
(⊙ヮ⊙)	1	-0.0038236907667478434	0.1025733816187656	-0.10409299883000311	-0.05368190734515065	-0.015443998707282806	0.08530501649839337	0.09557444441035706	0.1303855456642448	0.04501159850236517	-0.09179418328550913	0.030636095229588673	-0.19810952361766976	-0.18671617191714637	-0.05692280980478343	0.08896030306933443	0.03587026488012715	-0.04400620858756271	-0.08376787681780497	0.10122973545251034	-0.03529362723179336	-0.037147205374195705
(⌐■_ω■)	1	0.12323098390349203	-0.030085524793936298	0.08309079645549901	-0.026215913962145242	0.07855147275387302	-0.09433222558684103	0.19360764529518854	0.14830916576277603	0.1379470799591421	-0.11286503744814765	0.07094429185416977	-0.1185527720345714	-0.12240389420265753	-0.03408963976362328	-0.045514397543165136	-0.01207902959356074	0.0006232879631097514	-0.08930468118128555	0.23369002759776472	-0.040591012102304196	-0.056932390265379496
(⌐■_■)	4	0.036993523746730456	0.06637218338044046	-0.01239443922297912	-0.10773706190973883	0.05237088990648811	-0.11731965432518955	0.1803265469482444	0.1686491190275952	0.11676900236633767	-0.193776661213789	0.06344061723605098	-0.1733784141186813	-0.2056688539430407	-0.1133027851421117	-0.018252277532202512	0.1073474206400338	0.09057595498149801	-0.07072936354767775	0.2214328940924806	0.0636597781094365	0.039250736799059605
(⌐■‿■)	1	0.03363664138496196	0.025396864331898326	0.04725048200377633	-0.1282404458171471	0.02941474237478986	-0.0035847028489850745	0.14965297507172817	0.028634823585876754	0.08848076336281038	-0.08744095060332352	0.00793166504870322	-0.01669889380706194	-0.09349297168328426	-0.07401434740195481	-0.03634218161983613	-0.07484753585614487	-0.028707567128837472	-0.01788327463100002	0.11683543160795494	-0.031126635438572938	0.0032375805236922964
(⌒‿⌒)	3	0.07399005504346191	-0.11074538805549772	0.1117978176755594	-0.0692373141876694	-0.014503216607723753	-0.1295730043974213	0.18897153870910957	0.07611671166412333	0.05566219688990795	-0.15852844036032798	0.10434289243106795	-0.2513474514919104	-0.2483936352337833	-0.01548514241265202	-0.12474289304013297	0.0582941548629376	0.08119051591669647	-0.15539903356347992	0.23445867271698068	-0.11139603075825512	0.04773055818960498
(⌒▽⌒)	1	0.03631614418425048	0.2727309295234168	0.011184814652992852	0.0246010475872336	0.11093829999632077	-0.003026198104924271	0.16120378319308762	0.09981900120712359	0.10354416516649911	-0.12737389433337062	-0.05453604885377016	-0.06913683424183366	0.05196981279466713	-0.0894017901606559	-0.028017411461757503	-0.04077257557515607	-0.07940036434239618	-0.13002233681634856	0.15962082008042444	-0.08803646596069295	0.011249187438943079
(╭ರ_•́)	1	0.02514490436105481	0.2732240317037886	-0.050109614114799916	0.05568472440953186	-0.05714734228781016	-0.15249908556395697	0.2218838006078298	0.049864135291523934	0.08022882282528808	-0.1721973089081207	-0.053797419880713175	-0.15579514498590633	-0.07594915672412446	0.006754470124965235	0.03169109257623037	0.09961232256965168	0.009298354096834794	-0.26478676214484964	0.16244683195038626	0.002637271452731444	0.04937370114065405
(╭☞•́⍛•̀)	1	-0.00146446561812936	0.060089263814678696	-0.02736006436068399	0.007071092174458144	-0.004631547449450351	-0.07622776409468487	0.07481244810670513	0.03435392191702401	0.15584184620761787	-0.10096140772075723	-0.06348195459446633	-0.13112972091693956	-0.38201745933311276	-0.051438200198978684	-0.06313963822181895	0.11539051091909207	-0.06279747945886018	-0.10476042954768984	0.21537592692598306	-0.04842435471026141	-0.10890876902604502
(╯°□°)	4	-0.05404662370556492	0.057403388393073	-0.1534930171863021	0.0522729813413413	-0.12727755353106876	-0.09731672222037434	0.08061377107180188	-0.05864246324910981	-0.011340247807458449	-0.13592060060948352	-0.007460367279118992	-0.01744727523316169	-0.1143400355868363	0.11572487483050135	0.07326198144864789	0.2413186944632652	0.05496553791227057	-0.07914250716099262	0.01284094835184147	-0.07698814761959683	0.021233591711367468
(╹ヮ╹)	1	0.19706431115858739	0.19030274024429703	0.09740194436398834	0.03377889296276239	0.10600381379297477	0.018767158623497687	0.3090927805225975	0.09256494856138456	0.19113463611207338	-0.10444240916435253	-0.07303722424433702	-0.08838827179191429	-0.013457636547745386	0.012302565357375402	0.04035638339220868	-0.083014458709241	-0.10426596487003945	-0.24135001140769638	0.27547472124920386	0.07786300418975502	-0.06874014878864776
(◉_◉)	1	0.10289885012265634	-0.010764340849305285	-0.04388977103090069	0.04024179224519775	0.019394816158722936	-0.11042785584141412	0.1848577691874687	0.2060461047659965	0.03847332231711939	-0.004465369032761749	0.04459662735845898	-0.2973714408103335	-0.1359314694631859	-0.08909955669155019	-0.018540334007495676	0.024038635440130404	0.06322118646417337	-0.1114459881910722	0.35290955778931127	-0.013537922537609624	-0.09067888016065061
(◉‿◉)	1	0.08339618644359045	0.23214338725589084	-0.010523551643863037	0.09078923069400183	0.07296636563748393	-0.017175308340722496	0.14244705444444147	0.14468541633439785	0.10855875130850635	-0.16226811743457706	-0.0885850026168061	-0.12202157366365089	0.030074964206222854	-0.09767839219098472	0.06706875526905895	0.01619654716122923	-0.04848503016421982	-0.1998697971115374	0.22951562440782292	0.0283448990217223	-0.10412913816600641
(◑‿◐)	1	0.007871951856060202	-0.0020024678301755407	-0.04463386187105375	-0.12834246058816953	0.10983844326469568	-0.04554305583639568	0.12655399126580266	0.1526771041761921	0.2265029394214979	0.08442538756866537	-0.024111906181348296	-0.1589224159849193	-0.27818640716764353	-0.04290749142823238	0.029196733067794575	-0.03468456993197244	-0.09426554117539096	-0.0662325759795377	0.2250879155197357	-0.03918501684032106	-0.10527907109886761
(◔_◔)	1	0.09723994289885864	0.16118863631655447	0.016785653080720223	0.15917902086969207	-0.06459848904185465	-0.08341532066160283	0.16314389980215271	-0.02206249954182539	0.01030036908946021	-0.1250497045106339	-0.07981822998978794	0.08340333743588066	0.09643486752313883	0.12842171224486118	0.11578093610102716	-0.01990060868840744	0.029377871551843664	-0.19500933029964038	0.08676871641348494	0.09587679150197786	-0.031158812700425097
(◔◡◔)	1	0.11827873700332152	0.268792918322425	0.02732611728940944	-0.009405230490372512	0.08797847023531805	-0.030453698723710797	0.22758677877586816	0.08518537056158196	0.1631942614441918	-0.17658077715921083	-0.021049038439504102	-0.15307009555970297	0.014276565139586691	-0.03486678666968059	0.043943042225429205	0.05069127870613417	-0.035029839491988034	-0.17431572686294725	0.1697826168308116	0.03180638385978479	0.0391757199398226
(◕‿◕ )	1	0.17724139420535942	0.1565741309625596	0.018616525372605133	0.17843562793058995	0.014665023953948078	-0.24613265327931774	0.26848644424747176	0.08464257984114551	0.17039471919988822	-0.15462863176839348	-0.03893852012724185	-0.22630143302292555	-0.10845758759042691	0.11942090750678659	0.01294416755574904	0.04952727718709456	-0.0014001350132578853	-0.2959010901176673	0.3005684427663696	0.007659652910239615	-0.11572875044216248
(◕‿◕)	4	0.1315240491840521	0.19654894194765762	0.029919034492345672	0.06851420076306662	0.12753535795149523	-0.05253916344325124	0.222636300935067	0.1303833244451948	0.19903516436839805	-0.11490824767282881	-0.05366581161346889	-0.13529565744376976	-0.11801282839421474	0.0013250154085819447	0.04908510149911712	-0.033734422943262496	-0.11811511441602587	-0.20041417205894624	0.20197688717485152	-0.020311763896662616	-0.06607758277137758
(◕‿◕✿)	5	0.049578976763707885	-0.008821495399836444	0.01630706107798221	-0.12177989748665127	0.0920850637913255	-0.04576497613558349	0.127516793208308	0.1702212104772594	0.11398357223742647	-0.11644011641342292	0.03817012829101493	-0.17155622744549762	-0.060198880375756346	-0.030940603625896252	-0.02374626014776138	-0.026158377634793426	-0.00014700819505491193	-0.08524666875683282	0.21151303061138357	-0.05504408660787902	-0.008892639088451601
(◠‿◠)	4	0.14285495200755333	0.13379033705840565	0.012996692116313905	0.032855126656541146	0.1727391451050414	-0.10079289966644048	0.23361741782250137	0.07942824093574835	0.1504464159892272	-0.08802602206197503	-0.05465935302545894	-0.12750610554293834	-0.1260016571607832	-0.03889752385135334	0.00813738588810813	-0.005056400879656688	-0.05022607840237539	-0.11764707167717374	0.21438370908266247	-0.001898118278266111	0.007700582072006953
(☆▽☆)	1	0.11990068985058944	0.0607065316583048	0.016868834086234994	0.184943796697307	-0.013244064150678265	-0.31970291052835764	0.1458579615650261	0.10156675281214853	0.01811671645818661	-0.08571795098806988	0.004126419100217014	-0.14293933347599655	-0.0855029873113846	-0.01579544722207568	0.06722381437929262	0.11310201222220678	0.13238100583364099	-0.17332089822051622	0.23335650533030658	0.07322752805098565	-0.006786690658504888
(☞ﾟヮﾟ)	2	0.09471117091213216	0.18887353984870786	0.051489208888917996	0.009720068876399568	0.08966165639647257	-0.051481162614747666	0.13391990905818643	0.17455725692233132	0.20536804191868185	-0.1770704129399831	-0.05243648834142285	-0.06368138840032234	0.002859270413075579	-0.09322368015693891	0.01545608474022731	-0.07411629316984955	-0.11070859654626156	-0.18571145505308828	0.21908509860459138	0.016754361813162418	-0.06092152842290116
(♡^▽^♡)	1	-0.02204560319920986	0.026907384396771702	-0.012816045694660643	-0.1439403782564673	0.055862010300623745	-0.02069558146982131	0.12774737107774067	0.08852714446638094	0.09267091690864865	-0.08702886246021033	0.05395423191179884	-0.1760096570175881	-0.18930460116842773	-0.11918191692060691	-0.13436398489185397	0.03486794466266244	-0.008052035627338382	-0.02797439568927255	0.16210626763360722	-0.07885549333252738	0.019420323266078964
(⚙️)	1	0.08147070842759485	0.029390138622237428	-0.027602268208692163	-0.017483617010464737	-0.0064404039846506205	-0.17892415955465185	0.27572379790841056	0.03183435743555816	0.0839990274019916	-0.11839338915363724	-0.017933831815934113	-0.18108954922124545	-0.22549671847822625	0.01814894151808425	-0.13508887357360047	0.14412622567784122	0.14256717041878034	-0.1436243412102303	0.2507920544280719	-0.0369636159788646	-0.05414756883767003
(✧ω✧)	4	0.10658661672704556	0.21559269900752703	0.0337173707823527	0.0829262756974292	0.1632932133247453	-0.125870700155969	0.22793285160858445	0.1489968960097609	0.16828530854453919	-0.09768411415855052	-0.02940029032397486	-0.19493109244423554	-0.19735849518991774	0.03448932456427275	0.02492680349952076	0.019872154905347356	-0.09333888808943384	-0.21136101459341816	0.2666006567930296	-0.024494263963608976	0.003157028817629067
(✿◕‿◕)	3	0.06937304587887727	0.16052310369577652	0.07501869094831613	-0.06812585288229543	0.10365639822700418	-0.05525560694639074	0.20809928891915666	0.115148676393868	0.1870457550834478	-0.11378514548336853	0.007944598782207378	-0.137606456487938	0.021271763137844266	-0.04207283225351234	0.011298112037353706	-0.013190917866694064	-0.10638264533418358	-0.16814458803493734	0.18837494862260623	-0.06586908371103278	-0.005846991372385922
(✿◠‿◠)	1	0.08727368093108841	0.107909280605694	0.0713373708903781	-0.08251841370840898	0.08548509043720766	-0.0709164124883125	0.15911228158381574	-0.005349313917755861	0.07922588489831564	-0.08695209189668718	-0.022675046344492748	-0.10570127827259426	-0.14406140481640975	-0.052702482372765	-0.058533524946804055	-0.08443914618742597	0.008416256783771349	-0.07839695460516086	0.1266026967292117	-0.06010207627983273	0.05740084758756029
(。•́︿•̀。)	1	0.08898964994721263	-0.03200323734707596	0.006803840155125764	-0.07701028020572424	0.05987128756497762	-0.03868265424496055	0.10929359097879036	0.22677602177362308	0.13968881494589835	-0.06530257959143128	0.02347932608940199	-0.135284913567753	-0.22110587105530613	-0.0701110402128384	0.09675191965640724	0.0601544097051898	-0.02634779768501647	-0.026579930854420623	0.24365650324112495	0.03912886238260846	-0.07505893865203896
(づ｡◕‿‿◕｡)	3	0.08960479819484839	0.18798909810473755	0.0873753169782753	-0.09078195133264376	0.12950004968294473	0.01226880249794973	0.21999700318871337	0.11768223718507266	0.16353411281767405	-0.11439018735455869	-0.013331883266195185	-0.1396484343302819	0.07083797752429284	-0.09322263377391875	-0.0071472827973180515	-0.07366239922539104	-0.06693084878622728	-0.16915153168303487	0.17346880593905903	0.0018933475823792523	0.01113430465091485
(づ｡◕‿◕｡)	1	0.056342880493933004	0.23802987246264842	0.04594197583302003	-0.06052076298519817	0.1337752478492951	-0.029064217666038287	0.14198412164292645	0.11554603570084208	0.14359780478015743	-0.14945366466360877	0.013824418041599649	-0.14423449007287523	0.02526320418185316	-0.08932607871567907	0.03076112902885414	-0.017278630210375893	-0.07275923672653038	-0.14843833234551299	0.13054298906635453	-0.006476230402962959	0.03999903812102357
(ノ^_^)	1	0.09492692893094437	0.22834144346248245	0.028824896590492186	0.027631651921542013	0.0957289275476987	-0.038219469398816486	0.2506630819825445	0.04025347883225485	0.1433335726134167	-0.13388948467884798	-0.07017600403113393	-0.06781623396856706	-0.0017267234093527842	0.03737367459532373	0.06703504264622323	0.034570817685849055	-0.07378903926178071	-0.14448691589515744	0.14618094809810192	0.06318997982874947	-0.003479968958879648
(ノ°益°)	1	0.16515960828967285	0.2429344097238897	-0.012832585649323934	0.16994395697595097	0.032143624589667824	-0.12027766987187928	0.2947694079623749	0.03274472775644235	0.1093650828450214	-0.12261730199599756	-0.0994238908501099	-0.05851446221807732	0.04621538780600922	0.038052846448415105	0.0019315607864585466	0.003799077638932693	-0.019269041789137492	-0.2146595828711933	0.19455308117019918	0.025315120002260775	0.006906658526483418
(ノ◕ヮ◕)	2	0.0592899655725118	0.258081207269685	0.035976511822778966	0.036354919003690686	0.07336687432569883	-0.0861683916356652	0.22570030261763688	0.12161449932043662	0.05715183786923865	-0.18043511908948062	-0.025480429207450618	-0.06791589372942969	0.06744727680040168	-0.05190159827155879	0.0076656625480120925	0.003332484674193823	-0.010199659703637266	-0.19846453170905784	0.19390472104381784	0.07800170374191746	0.02415991404671115
(・-・)	1	0.04871084751391847	-0.00802924202213654	0.10478819754183777	-0.06597988737467632	0.025545762938905522	-0.10841211556301836	0.16581359748391275	0.0492356262974988	0.03440337048788281	-0.14359091685808567	0.04244937156128136	-0.13150329971382438	-0.10800722154591817	-0.058645637070572125	-0.0019034408573553145	0.037243547822563956	0.07012008850190583	-0.10345460003930325	0.20144471048779267	-0.05273956727736048	0.04297841273845159
(・_・ )	4	0.10968654769943585	-0.013764264623217268	0.004448947310458269	-0.05102876823904497	0.010530830633184133	-0.13971677099637217	0.1784271245716275	0.06475417907220662	0.09766234252242183	-0.05695349443996496	0.03970336812727115	-0.18236084925227128	-0.37604277613376696	-0.07465496047830751	0.0028506489070092437	0.1828187844365893	-0.0033117391862650435	-0.06468266406060656	0.3234757670686312	-0.025598569905624285	-0.03428611078951213
(・_・)	4	0.11843014116345645	0.2459644727978584	0.005505063637180779	0.08352608482828215	0.11810411887730844	-0.05313962815921864	0.23448054116450143	0.12346835429808091	0.1376467018205246	-0.13548648644581907	-0.1194253728175946	-0.07537825471831919	0.027884497743952286	-0.05693599068337675	0.012203924408092403	-0.059804866341678205	-0.08852381651707208	-0.1577713772697352	0.2397498788016059	0.014081764243267582	-0.015752525982851585
(・_・;)	4	0.15207491449515145	-0.048051330013840016	0.04810113076735284	-0.06626096410636528	0.049446139559573214	-0.07541510501804347	0.1779843308800047	0.05506167975892383	0.03149982118660743	-0.04884882905796085	0.04504493613189525	-0.11568749026328747	0.01989785353119399	0.01601185547597879	0.053902300974462906	0.0007444017328248834	0.0472758863249185	0.03478933811939446	0.13988866718329707	0.03871206995424134	-0.037700351524283096
(・_・?)	2	0.11258173785648996	-0.0619913272411145	0.024787482236327037	0.0950118810765195	0.05551316022538316	-0.1125788320242994	0.19002887783453595	0.005591461113463781	0.031218138149523574	-0.10842047684320781	0.07259180571375665	-0.24815778077980313	-0.21317129121716105	-0.02998841702847241	-0.0913975804505802	0.08560936954755394	-0.004383498246119812	0.00713525258569081	0.22292057502774634	-0.1297125659247257	0.07656467602447069
(・_・ゞ−☆	1	-0.05390884804977669	-0.06930078185621148	0.026264238031891384	-0.039371739998833984	0.0033476332211681836	0.06774184791269011	-0.08829770871516164	0.16465564514531206	-0.017463857812732613	-0.01044261431150829	0.02164941750498684	0.008863433469981542	-0.02647003301354691	-0.15296786693729325	0.02209941416899926	-0.061015584788245404	0.03306355187954711	-0.041937103662997695	0.14740338078164136	0.03323019276438181	-0.13319698698107646
(・_・ヽ)	1	0.010779294975866069	0.008103530368915746	0.0008432185728700707	-0.1372691379282256	0.010637255476754705	0.09798317958110501	0.044745179970841945	0.07230805351834134	0.04178462093619721	-0.13110181935403353	0.02067449057598265	-0.11370536079427947	-0.098376513791184	-0.06454351350008017	-0.045253376050874296	-0.015549414148418228	0.018607491657767428	-0.049134047146794674	0.09783090633529187	-0.04588496629983356	-0.011489365428666999
(・_・ヾ	1	0.10772863736013318	-0.0658560097913572	-0.04487164212226636	-0.04286003843605489	0.16722241081768724	-0.10110023196719234	0.1419694311992401	0.1282123816393958	0.2165799016483821	0.09255665544866486	-0.03285777824945885	-0.036362233224654004	-0.23023988044132973	0.05618026138230344	0.06123305414287273	0.1009562922961674	-0.06848508973774331	0.018888111017482834	0.17917608957564038	0.02032039496856786	-0.09013646773003424
(・ω<)	1	0.09688609658230793	0.23028084792583464	0.11703054305508102	0.03343514409680093	-0.11356080025328058	-0.011657830985698591	0.2923474281722491	-0.12801803320600547	0.07484149062312023	-0.13934484962479224	-0.055195688704597394	-0.05407431267952477	-0.007616677039938753	0.04862235919686481	0.02920509001694769	-0.04882762417027441	0.02239699249066197	-0.23411872206295187	0.22792490184952985	0.20117835739443793	-0.05004532631974296
(・ω・)	4	0.06381180944729557	0.15181412805675343	0.040604430089522546	-0.01802128461384864	0.0014190772066084891	-0.14624723612922402	0.3289774497033484	0.0867939361095751	0.09516012650555974	-0.21684401685360702	0.006440839438322057	-0.14540419028633095	-0.058209672429012954	0.01075756829115079	-0.04576228847793157	0.08619315592937184	0.05058959834233528	-0.14973742376757557	0.2635170943741324	0.04184636848877409	0.019715252080519233
(・∀・)	4	0.04229983802276579	0.05660084452723182	-0.0024846597500112664	-0.024854306016460888	0.039571102063176065	-0.11387460181088102	0.19134893776001982	0.1731576894230624	0.16730399079629749	-0.1739885299629618	0.04499407232835997	-0.17649531973254165	-0.17384401912710243	-0.08295365114926657	0.07111796835622819	0.07157203488079164	-0.024764496593505315	-0.12859145453377527	0.22110578832123462	-0.022845722133874806	-0.06592952412778598
(ーー;)	1	0.05218932808251094	-0.0026204748741390114	-0.026551761401376037	-0.0185320066257963	0.03241071225017585	-0.1460682543433197	0.15738503811840482	0.1614907957399976	0.12294809207973516	-0.032352315748815565	-0.07645400190326958	-0.07158201672581947	-0.18584140539893165	-0.002898276158323702	0.04682963586090358	0.08581685209984859	0.04667242426961904	-0.06681838998354413	0.24299992961293182	0.028535151454688733	-0.06818636064859974
(灬º‿º灬)	1	0.24130058540992105	0.1403193496708618	0.08927528376350866	0.09330133751633407	0.09395360748312588	-0.041170572705829224	0.31406368699639403	0.06704551528738396	0.1516113131260203	-0.10740965323053739	-0.04516868578234229	-0.09617711524100798	0.10984206522821048	0.07007915810610174	-0.013700806332437776	-0.09571515098331268	-0.0744487104785609	-0.14335284513468136	0.1984944728412366	0.046983894407713216	-0.003102633419380969
(눈_눈)	4	0.011686952357807931	-0.03325685144428606	-0.013560127910353229	-0.18536238150384518	0.0343233330009836	-0.05100173793026246	0.15653665050936694	0.08135309688945236	0.08433017547990658	-0.12701676899455003	0.045231992505755596	-0.16963907129832817	-0.07674215718395402	-0.07381074602791417	-0.09140072266271261	0.03461278645053509	0.08825259163106992	-0.039393849924775265	0.15043810151370082	-0.07937242494711456	-0.04419340811423163
(＊´∀｀)	2	0.046769763005494666	0.07322097405817482	0.024071406281468886	-0.0937184910108519	0.07438192876442817	0.10351303989737648	0.08761377531011169	0.14518437702137316	0.08354680981813964	-0.06769183339889141	0.0411704513974911	-0.10087188804496597	-0.14096797736945293	-0.11713524744520323	-0.0022598472425537607	-0.013953875542842394	0.016626747517872718	-0.05121800944149402	0.14620553643865508	-0.011013114842813714	-0.0671296539581848
(；′⌒`)	1	0.08839960966184553	-0.027588869599747826	-0.01380385573665872	-0.01492662860662102	0.2046046944656019	-0.13050631505068144	0.15747512603087585	0.10638780267236339	0.26596386792779236	-0.015740115441917907	-0.02664651396742102	-0.06451316358711345	-0.15460201465691237	0.0009624083632773713	0.02213084384692297	0.054433788538160756	-0.09538621279791017	-0.0692724628990549	0.21889489389035827	-0.017159879811082888	-0.08936598698328503
(；一_一)	1	0.0569280282146677	0.03890297470695229	0.09922916873386597	0.03396686035182813	0.0281874559072194	-0.1055435169555106	0.10312726695161427	-0.058018840766202694	0.1317703719479518	0.07048968862366863	-0.019670936343175446	-0.10147442485189775	-0.1433833169887941	0.034066938573599	0.061956145230365745	-0.08288502192392401	-0.08166066737318085	-0.15773063776348653	0.15755829645991393	0.053487413700016584	-0.05601311184968031
(＞_＜)	1	-0.05744705501080086	-0.06582073534461858	-0.06955458582841358	-0.13490698989141958	-0.06998333438395707	0.07274001209002047	0.07518468101139925	0.1501908418298935	0.02478455967729466	-0.1293203269496584	0.033359461293500536	-0.1848134646174502	-0.1436508433176319	-0.07972339863394035	-0.036047009224817336	0.056239782697338786	0.11237750426530209	-0.08214305026484547	0.2312339626392878	0.011294473488141887	-0.04665629171026504
(＾• ω •＾)	1	0.21020914083653605	0.08659717763574648	0.07880903593997766	0.15403511431600045	-0.010912103560759657	-0.23321311850864745	0.29229655515221425	0.05023178480311726	0.03911785933205588	-0.1171141328104246	-0.009363515358954728	-0.2211063895357584	0.0733944977953864	0.12716893837146911	-0.04048736890574295	0.004505022219999823	0.06029593399231621	-0.14126884594286523	0.1813443390112734	0.0118491476114041	-0.057412791525387384
(＾▽＾)	3	0.0388369167236046	-0.023276521240643604	0.07365423067870809	-0.020521262834238774	-0.05092809442235479	-0.214025542961578	0.11423884106941001	-0.0018203232235480089	0.02911380351514895	-0.15406369741214823	0.08360500662076187	-0.1835590825108068	-0.4116853611892528	0.01152397745648504	0.050379516319953035	0.05695068306436156	0.048648572463575165	-0.149319729343724	0.21355904343418342	-0.04396967667143112	0.0802286236182335
(｀・ω・´)	4	0.07574775755078195	0.24640563108869248	0.0967024269846271	0.05448839682084589	0.0016139480446801032	-0.1261766772955267	0.28483335801560833	-0.024350510715416353	0.07807874902284084	-0.20656784816849091	-0.016925940161194416	-0.143477531347927	-0.021090441382122023	-0.004267182929304344	0.007098668702280538	0.07451751393781673	-0.00920421808104232	-0.1381370801429689	0.16665817297744318	0.11888348310744316	0.0688670671173449
(｀･ω･´)	1	0.10996344891568287	0.20233240626412255	-0.00961748405040524	0.021500518520665438	0.04035488418697982	0.014127914947936346	0.2862934539332513	0.05849964905442727	0.14716457074108835	-0.1673827610248736	-0.06047166755804329	-0.058205115130182956	-0.03495645649469301	0.0394156118576775	0.019133665838755465	-0.012598910765120038	-0.0695526465494786	-0.16444603546244566	0.1641044046141214	0.003977476339288688	-0.022644920379309128
(｡• ω •｡)	2	0.02827373121346719	0.09133136779783148	-0.14222812256817116	-0.022128848670025156	-0.002793474402044145	-0.05747032045055238	0.16112757158308932	0.13036314693871587	0.06775097050131271	-0.08828339433405205	-0.03008454004927909	-0.13621024877395188	-0.0031472523530162717	-0.10657289997960508	0.0405088335643898	0.0757638589462093	0.02727475313260113	-0.11959128075898434	0.14938727044790312	0.011029192331290374	-0.0018200486892991908
(｡• ‿ •｡)	2	0.052166914607680095	0.06148344729786119	0.052861684319755804	-0.07034266768260324	0.11121866871551209	0.04360652264563473	0.18078120038946585	0.1575060341809818	0.09265444433427271	-0.10748227127544543	0.15432059008525728	-0.21302402705377507	-0.15924852594344244	-0.15220647170135806	-0.10208988637864409	-0.035312310994144044	0.03547839046726922	-0.0833334015517014	0.17395245032721163	-0.08686300940342392	0.030271415178593
(｡•̀‿-)	5	0.08897159017060076	0.2504016795309472	0.0034200415754457227	0.03468327219339944	0.1075061419974465	-0.04173193460919175	0.28104810422959553	0.15532033355145428	0.22838359481855583	-0.1391233952095925	-0.07922682430034467	-0.15144021391639292	-0.06472656075897416	-0.04605679913569111	0.02225912662865142	-0.006473161310336467	-0.05776504189388524	-0.22708416116884547	0.2467561575222929	-0.011028720979528542	-0.027553047712185162
(｡•́ ⌒ •̀｡)	1	0.07500528084018457	0.06177141192225905	0.05542102647213061	0.1711205925530004	-0.06974790685611185	-0.22092758828507697	0.11286047350111017	-0.13611842337165564	0.038204041101078175	-0.08493940599791189	-0.05779988640910391	-0.05423484459694824	-0.07788634667493992	0.044902422893084576	0.08754014180297469	-0.0015984795380331166	0.0474003117667323	-0.16807078494317357	0.1956044973268237	-0.012053688871452245	-0.08404787145906006
(｡•́‿•̀｡)	1	0.10009379518330928	0.10228293295432485	0.027488293828969845	-0.09541900139350323	0.10412880199252594	0.0066191625329134265	0.2151861021901603	0.059006888103452546	0.18209406171494769	-0.04007044620335484	-0.01917492054644347	-0.05424804798532634	-0.05190711885437858	-0.006219646826049288	0.022768911689940916	0.006424944513685785	-0.12020242469613898	-0.025439125595899562	0.16781279021497084	0.006205340174800698	-0.005820971529230216
(｡•́︿•̀｡)	3	0.20388060313965817	-0.006296486734052677	0.03177110049480591	-0.04984420103238116	0.12547782831230217	-0.2082106985868858	0.20895447568226339	0.10772807467824909	0.1215494647162943	-0.07833608992558917	-0.06788347431156277	-0.3152396097067037	-0.03160734203865402	-0.004958648724618514	0.007438629573970639	-0.07975227650183238	0.046257594602405555	-0.11123979390890128	0.34151447845402005	-0.12961375363181124	-0.12833995365799714
(｡•‿•｡)	2	0.2071689088246891	0.17351332791952115	0.07559361250404519	0.06483335215522014	0.053927796763475346	-0.1347752802763127	0.2877263985438709	0.06119209102828676	0.11765609436983282	-0.11059225835244443	-0.06422170681306245	-0.18410218647931015	0.044605864168036066	0.06782122520592229	-0.0005837902202293841	-0.09708598254221329	-0.05400792744209837	-0.19942300892153503	0.2673251248342017	0.023096832534505854	-0.08456389723837693
(｡◕‿◕｡)	4	0.18748348437523749	0.0765727928240542	0.04254562949989174	0.02885995784740084	0.1147198849189615	-0.22593198408265666	0.3623471804327567	0.11710324634989694	0.15739810608708468	-0.1192645280573295	0.012518005525176365	-0.29720753351094653	-0.1292644085860835	-0.016467822658947	-0.06026379024449323	0.10905736348302912	0.02979042528409255	-0.14977677738626227	0.3566262233717678	-0.0810968337084505	-0.04354137596359846
(｡♥‿♥｡)	3	0.1957698276031479	0.14891821159099614	0.10769299083290067	0.0745862533479617	0.08674135854058422	-0.12674809850424953	0.3000907635780435	0.020009565408546086	0.0770527146424016	-0.10556665807531136	-0.03109469804581092	-0.13379542202686767	0.07309998439785362	0.006393723152930813	-0.04131596551549965	-0.1051234245277202	-0.015490386640947545	-0.17032144131485788	0.15429874189530457	0.025038875253568484	-0.03465030107100078
(｡・o・)	1	-0.05674779090337437	0.15217162214641514	0.02875251242652032	0.005282294482721848	0.0026794719017267025	-0.018362124225624082	0.02708271064643846	-0.12020087095136858	-0.1612417097801225	-0.027850379076911663	-0.0004639838334321807	-0.05494155605713595	0.09088129920230081	-0.21929858808753858	0.06593698265002729	-0.0710833006986144	0.10373212400035799	-0.020336147240220308	0.09242919139793013	-0.05573494995679579	0.009063612132523064
(｡･ω･｡)	4	0.1640524216578011	0.1642063052696991	-0.0013711663764411797	0.07033880574104495	0.08105808529325909	-0.10269398549570456	0.27926106599905837	0.08940718855482879	0.17168865362206337	-0.07479364372429609	-0.08697567767082479	-0.097680974440855	-0.05475624143785372	0.03382379375957175	0.005404589778714419	0.006856191799080398	-0.09633064017331994	-0.18216370662292045	0.25306810287632947	0.03999553723794962	-0.03297991930520068
(｡･‿･｡)	1	-0.03096035664875361	-0.025687778002487505	-0.03557344851149626	0.012360126594379187	0.013568202413035454	0.05261329968494032	-0.0012505704303882338	0.18057261882738038	0.04566534347380238	-0.024531134042595448	-0.028590844369257275	-0.026599061817615774	-0.006591678901922267	-0.08250806035210327	0.017545929775751087	-0.02980916676512246	-0.037321211023234144	-0.037410974536370975	0.17340978664323448	0.01464914733694763	-0.10223344911222657
(･ω･)	1	0.07331347232659302	-0.004498712133155717	-0.006982934829856321	-0.058592007106096175	-0.028685065309747307	-0.07012431783430435	0.11677212404536454	0.12555934355579712	0.07819975320720615	-0.04017133239918051	0.014977632067768634	-0.09391669166044427	-0.05963686199471277	-0.04136507413498694	0.0854080927062578	-0.04639283978275555	-0.0587049338804951	-0.14521751375658887	0.22614923509287804	-0.012593871636280552	-0.11766021787311988
(ﾉ◕ヮ◕)	4	0.12334981312463363	0.13715826759907684	0.12036257697580821	-0.05741837636418948	0.037621303392820896	-0.1209540088739402	0.3470322742042277	-0.0018746069952812177	0.10066885894394009	-0.19613323423142628	-0.002733470265455037	-0.23974946312721868	-0.12684074180789826	-0.01415708095203673	-0.03345211025155855	0.06337609391247818	0.03605780881583731	-0.22797856074714942	0.3005149050268899	-0.03960095858719238	-0.020954225814985978
(ﾟヮﾟ)	1	0.06249807797998608	0.002368400173185849	0.028948368280570312	0.16912687532010143	-0.09671754234874648	-0.23752892806241455	0.15256283533943374	-0.0933356987261599	-0.01383387404679326	-0.056226299774220896	-0.001703972882440649	0.12451635820912028	-0.27088543444836266	0.20046816213653182	0.0697537079920494	0.18539964970063016	0.06648598313954286	-0.15765173067526364	0.16175100152356517	0.10087672644114963	-0.040327546962001824
(￣ω￣)	4	0.11317755549216474	0.1295208945000578	0.02481420984564688	0.017695105226970074	0.13068568875137299	-0.09622210911796052	0.274189412967036	0.07001506766180932	0.19625445613423234	-0.09549639730944913	-0.0203426958039263	-0.08603963107375474	-0.1669451570391194	0.016888741656014037	-0.03620870992818474	0.06575099195533707	-0.057985746655080043	-0.1347569323406609	0.21232691600571685	0.010867377916283092	-0.00932530695057616
(￣ω￣;)	2	0.07212347820697772	0.1001694901880709	0.0053219636848276155	-0.0013850164446544617	0.08958090670962512	-0.006377162239202081	0.14072761100612957	0.18695936898830626	0.03555918870405066	-0.09066678901594055	0.01168326392844663	-0.2202869216248638	-0.033905470850345086	-0.1442610514262659	0.06979772107396569	0.008145520627668818	0.04427951752880674	-0.041325877334731594	0.18978398399500973	-0.0693949164574587	-0.0033817191452942216
(￣▽￣)	4	0.12493875400509726	0.15690271277354834	0.011459762806597981	0.13420980329847768	0.14673887612878211	-0.10635215804095961	0.21123747197028733	0.06955076862975951	0.17817095179366446	-0.07236710149232305	-0.09425686022037452	-0.019497831598023804	0.03105132490375411	0.06937659315294882	0.011706318240970192	-0.03271390037718531	-0.16096584188189714	-0.12832625431483882	0.22046005154132645	-0.007174385664800245	-0.017033439998071703
(￣▽￣;)	1	0.038988695254977744	0.15807239463878583	0.05147992924496596	0.16610893703950858	-0.037137614172522836	-0.2513422645054926	0.14957100141295518	-0.009136232321510396	0.011501564325073816	-0.10504636168123171	-0.04382763054303325	0.06012436577809626	-0.15330648386963763	0.06914338327581278	0.13617140858666368	0.08637970668211994	0.0973266072796975	-0.21891652289341823	0.16980931816300257	0.11525391387564354	-0.017594762387680624
(￣ヘ￣;)	1	-0.16031417612328905	-0.0710315693357344	-0.11277988420818374	-0.15753265314838003	-0.033569850751578006	0.019075966347481536	-0.10100854417594873	0.09057869576839594	0.019395026592400298	-0.10072327933741616	0.01623857207414552	-0.11543586372387445	-0.0889393212396292	-0.16386043036701925	0.007352818333804461	-0.1459856208694087	0.004627821698664024	-0.02574432576213235	0.19383245208950609	-0.1257952548401199	-0.015700014209856072
(￣ー￣)	4	0.06572001165510148	0.1143216327918903	0.11192007592009137	-0.05510097067604759	0.11897824510423406	-0.07076955677432935	0.20283303016205792	0.08437064434487093	0.0996766673288988	-0.13390088651233964	0.015898184776399826	-0.10695561145333293	0.03537456362145749	-0.028897464341439465	-0.05763428817867834	-0.007459227681076603	-0.01999748228897861	-0.07639862394998836	0.18084636403379967	0.04027242460840922	0.02593035071867954
(￣ー￣;)	1	0.22618986901590857	0.053234421585551445	0.17155014337137872	-0.008556583827131663	0.09799790249209035	-0.21805072382302987	0.2472460191578252	0.15677046204538825	0.03463834223066336	-0.08293354361739215	0.017695386744274542	-0.32017430031409383	-0.12343250441212221	0.01579210644721246	-0.015834514791604935	0.018376080366996745	0.09046365933015037	-0.15162378458673104	0.2911680003448194	-0.008927382615618897	-0.0308198180834797
[pre-commit]	1	0.12293208674779935	0.10072156427483216	0.03702787009438371	0.08001795072468364	0.08586682032425391	-0.19064258227362935	0.23004025439470355	0.2054147365052961	0.17240442253120614	-0.06629632348036704	-0.06801337630872327	-0.21308893288330813	-0.12519517861078214	0.07062104143725931	0.043558552761100676	-0.02766334204449564	-0.08014570527457884	-0.2687101967257922	0.3169473582945178	0.07198970397659817	-0.11740495737044518
٩(ˊᗜˋ*)و	3	0.1508585773330833	0.17234152690556465	0.04807302632382612	-0.024098437673291128	0.16583368543681065	-0.010512806671372967	0.2549801972825709	0.1686191167459856	0.2744903193875843	-0.13514280843242468	-0.026754085671675993	-0.18820414971203414	-0.014908791724135917	-0.06252277390835917	-0.02548676701634853	-0.06085101619069598	-0.059789473572621495	-0.2305106893019149	0.24606317485125292	-0.045917842632403234	-0.036353997533114836
٩(˘ᵕ˘)	1	0.006719184886174784	0.04403589282932621	-0.05776505054047127	-0.10585549816527622	0.027618305100649335	-0.024083626898591816	0.2036077392997071	0.0500156131220462	0.14942504287378328	-0.08887996072593453	-0.0157155041511898	-0.12609397125087715	-0.1633305263329237	-0.0901932863808021	-0.06501970897292411	0.054700558870224125	0.03567818592767281	-0.08036959448435194	0.1902644472405636	-0.0688285526132459	-0.11251916900992585
٩(˘◡˘)۶	1	-0.017737300022797917	0.0012125926172296046	-0.05913297686587707	-0.15297537509286938	0.0670419610210932	0.00432668023776305	0.13407564771278085	0.05966977590825182	0.06665887860876643	-0.13107429228982986	0.019511423945158646	-0.17197391537604464	-0.09422784224118785	-0.06755479120603547	-0.1569686346321637	0.0801001775801599	0.10027331219014006	-0.020942206342453952	0.14747048716184188	-0.10844108223502626	-0.037539142401214004
٩(•̀‿•́)۶	1	0.10651173024638007	0.11471842787174988	0.004497990081563823	-0.007662372662819627	0.1318406861245723	-0.0899853794357218	0.20408502668845996	0.1162722607197203	0.19171880872111532	-0.10341616685830281	-0.0053271592798711	-0.1129169775703453	-0.23192647105512595	-0.08188953394541505	0.0501793842225645	0.08318252557552927	-0.07323406167950398	-0.12425736662969114	0.2406714633587015	-0.017808746614328047	-0.08740868418257405
٩(◕‿◕)۶	4	0.1449406618642366	0.05246257423382116	0.08864518218653544	0.05799923116621357	0.03460933201781519	-0.19900521859805811	0.16038777206250554	0.04971276387480353	0.03388517715022079	-0.11099005505586387	-0.057704898568266674	-0.07665599910901405	0.0599345521612198	-0.025848780216082407	-0.022957479961275062	-0.0869614016207518	0.027744604277337485	-0.13487135461029656	0.2360892987600654	-0.013388723568873752	0.020617074659409512
٩(◕‿◕｡)٩	1	-0.04038779856143614	-0.09754411311766002	-0.11523916881898275	-0.0600886278423032	-0.043751260924713285	-0.05283857405012991	0.010297016105812334	0.10696784051306521	-0.04762906199498699	-0.0651081717389865	-0.05667867342223457	-0.02839822682443576	-0.03622778032722798	-0.16436172632409726	0.026868746180172022	0.053471358321831385	0.12508005179466494	-0.03590013502255093	0.11439962061141305	0.07790209114256982	-0.046860470099890084
٩(◕‿◕｡)۶	1	0.05912220104845363	0.08936173164719417	0.026297203423055027	-0.047603995098413045	0.052872449303383	-0.008136729752508802	0.1409321601152938	0.06403610362854278	0.12434872645674504	-0.12971523327827578	-0.006751643370895014	-0.07815381597498038	-0.1248630909398847	-0.14427648451166328	0.034321425174811605	-0.0069657854732522485	-0.005591244668925771	-0.0960438382144546	0.13813146857882352	-0.031690463202938966	-0.09405967012063392
٩(｡•́‿•̀｡)۶	1	0.025608578010844155	-0.011922262710093594	0.030047785153021544	0.13064159638071393	-0.03559668188171747	-0.18967411225618103	0.05664081016258501	-0.05652759944571538	-0.1051923725342868	-0.04641196718491728	0.0036434766567084564	0.1376722469198718	0.03834071146810275	0.10861136387571771	0.022487066927906918	-0.016335139423363978	0.17585127583548102	-0.10773613522236576	-0.026609404897323805	0.10952492681448128	0.011683363273061407
┐('～`；)┌	1	0.09268339689092216	0.08014854786073237	-0.0492355459039394	-0.06117743449705337	0.04476960898053356	0.03342931047160985	0.10075127084118024	0.19098653266053012	0.0855924802246253	-0.03003502235296539	0.02173850692940037	-0.14976975665105247	-0.10381776765723391	-0.18096105371735127	0.04050265173389979	-0.029665942879674643	-0.05698401124837076	-0.05634474624601868	0.22001475981054758	-0.015701399717422432	-0.04678657205119039
┐(‘～`;)┌	1	0.08758507229514495	0.002301845791391985	-0.005481695688134936	-0.027291354942420704	-0.07405897871858572	-0.10497823216423606	0.140875049971298	0.09800609974233021	-0.007894320939648612	-0.13701225701854014	0.020199155723267845	-0.2346386428482944	-0.15627561190154068	-0.002117950906184572	-0.01769371680680128	0.05438034851766508	0.13761477231443284	-0.07490530369158906	0.23467314435028333	0.05767581976083009	-0.073149982479468
┐(￣ヘ￣)┌	1	0.028276822375822654	-0.003482461350831954	0.03306589194566871	-0.17996336573977853	0.045043637227022267	-0.09672459574493804	0.13106084855308775	0.08001021361150773	0.058809880687629254	-0.09404851468418142	0.01564227868823505	-0.06988457116145445	-0.028535178846041842	-0.042421038127119656	0.01515987068115723	-0.12360484524982322	0.027003269403267725	-0.013842967753849158	0.16217376833298594	-0.06506433587117949	0.025087902099333658
ヽ(>∀<☆)ノ	1	-0.0484900788197415	-0.065594232175819	0.04259776799911953	-0.06341184818996463	0.05906107136165253	-0.14283097274710285	0.0683458570676218	0.18212053159155842	0.12674966610887642	-0.044394951170088105	0.05267487106980996	-0.06799893827884683	-0.23965471256815363	-0.055591873566743354	0.03822827401506117	-0.056485269404765046	-0.031398276509044455	-0.07570612362277233	0.27179598561305257	-0.013860396577803783	-0.034217230105330405
ヽ(^o^)ノ	2	0.1581594410247836	0.052668663615289574	0.10854656845653074	-0.008086729932648438	0.040533267006813055	-0.1635767923478764	0.250079016315039	0.08411358094887865	0.06292844619083555	-0.11464901156043479	0.07925638296617137	-0.2836855424673333	-0.20832149362751926	0.026219569015883452	0.013801859648935457	0.041179795671359425	0.020423526995132203	-0.18106405908708487	0.23276548893733184	-0.06028741594788731	-0.014937410720754244
ヽ(^o^)丿	1	0.08639029558634381	0.1551433289784032	0.18294386490533224	-0.04259045778718118	0.12411354224260732	0.07710733430382377	0.16013429341908056	0.04436091765088894	0.15058052854506834	-0.11052398588753362	0.025902089262580804	-0.09080771134847608	0.07513944901922398	-0.05379205440257788	0.05325230770720753	-0.1467343048767078	-0.08712389826425594	-0.10800178455529025	0.08413048238712204	0.05145889749981368	0.030652997371229142
ヽ(°〇°)ﾉ	2	0.14866995452379372	-0.018670538302127216	0.037275526486058634	0.00384639085781769	0.06286967159904434	-0.1861251511959041	0.22384097114019458	0.07527574874882499	0.1724570221536793	-0.1280559806909588	0.024819725165391264	-0.2525629581194323	-0.4014202227123642	0.06420761993603209	-0.051773063435669904	0.12944224398792328	-0.01468675831122993	-0.12727571297338583	0.2607016987137407	-0.05987573070087703	-0.062427028455093764
ヽ(´▽`)/	4	0.005167859977772038	0.013934638427936815	0.010547470673294932	-0.1054411038920484	0.03260031322250884	-0.08034113981260038	0.1422809442012012	0.06857153577145898	0.06468470782959226	-0.13031785026330378	0.07172647005892434	-0.10270392783808062	-0.14039468203088826	-0.08517743581196759	-0.005056376284600233	-0.0054819328234776915	0.04209981527922292	-0.06293841966598174	0.18712894705355734	-0.01282702441890105	-0.008724998528206797
ヽ(´ー`)ノ	1	0.08923761886361072	-0.04499532591534068	0.08377760479543413	-0.0355534143814462	0.04279454085838709	-0.12491709421493714	0.11784213763416185	0.08407961624518964	0.08749214407772808	-0.12202224801758987	0.05666545510238654	-0.11812101309958016	-0.12596217541950905	-0.004142073931667467	-0.01647904023516399	0.00894292623159423	0.04747436753988298	-0.1003874078222399	0.18617812701949518	-0.01827155282842161	-0.014649069963407282
ヽ(´ー｀)ノ	1	0.09616301828515122	-0.0014076920565571941	-0.0325189432530857	0.0024607111789370657	0.01159689703982272	-0.21706044969070196	0.12120581016584792	0.12016142084586556	0.05200369521644033	-0.04339879394884016	-0.03522378603256029	-0.03926994574771138	-0.20363334680227294	0.029189714277009022	0.058002494581558095	0.08877650204596739	0.06316233412438597	-0.04530069149672155	0.22597879836378762	0.06482684339650062	-0.023816047387055304
ヽ(•̀ω•́)ง	1	0.020668536835411127	0.07184241093650579	-0.07593282137979981	-0.08534606181387179	0.09377514552179145	0.05272749560147874	0.11028222663293935	0.13572120259961457	0.14628323866697132	-0.07900439681598889	-3.5269495864745895e-05	-0.10693994714455664	-0.07013930805328032	-0.07978950401025517	-0.030178242555087685	-0.02665212963336203	-0.023058386953004963	-0.023269145080789633	0.10620881208819029	-0.03018339444049459	-0.025582147011461498
ヽ(•‿•)ノ	4	0.08454243756054036	-0.12180576081606535	0.011143270928411957	-0.10068485463164044	0.013684873130337491	-0.14584197057668105	0.16320634083381533	0.09279316035119924	0.12218245965577264	-0.08440073640029704	0.05909041006138565	-0.18117598674311042	-0.37297457910607285	-0.013014951264218488	-0.06805397751545895	0.08508800839649257	0.04813203819320541	-0.03575910174392762	0.2064011031381304	-0.038633801792432296	-0.02346917611717437
ヽ(⌐■_■)ノ♪♬	1	0.07653319619081485	0.21823505493118292	0.09299508459394042	-0.02146780066487282	0.12139036712875664	0.015316961662321748	0.2157548209028455	0.09296482121776335	0.13400143442169085	-0.16031714967727007	-0.022453555867580147	-0.09048791369457888	0.15626770918067517	-0.021514086157375323	0.014893202042267004	-0.08487808051242035	-0.08985016697381018	-0.13453212715934207	0.15634153659707348	0.06683872781485653	0.014819526800899981
ヽ(・∀・)ノ	2	-0.07634429753153142	-0.09572036530543646	-0.08412548383035319	-0.14476605744264756	-0.017001806414731598	-0.009819211204250186	0.008075223650306478	0.19141597256849346	-0.014127113889953457	-0.06939152147849317	-0.012977900578227057	-0.050199956292709666	-0.03197535861459057	-0.06639608862722926	0.019967367886269367	0.014912114656379804	0.10204707674988504	-0.029474622114705775	0.20081643410931288	0.05482484431401484	-0.019104922469982546
ヽ(・∀・)ﾉ	4	0.0740396730227749	0.08411022886668706	0.03750007109269028	-0.025206335710462106	0.019043239573338238	-0.054373945986940876	0.22266445145309627	0.06496117538770035	0.07880866400308462	-0.12355818167578315	-0.005694436632349555	-0.06855299389966864	-0.015412064405933503	0.01970869775034044	-0.005573894705322553	0.01667862615901989	0.02360140866587318	-0.12452051307242466	0.13376562755383836	0.05301821433871214	-0.02495692814822605
ヽ(･ω･｡)ﾉ	1	0.19574369939091174	2.756914659683871e-05	0.10480266154128122	0.025906777190435666	0.2655314818781025	-0.16213858379912902	0.19433718184827267	0.14168675118786406	0.2594322042965324	-0.013230956536031766	-0.05915981132438169	-0.22498117782181756	-0.2975222247253719	-0.08174270197941977	-0.0810664252480416	-0.037709591515369324	-0.08817373330645094	-0.10829735645210271	0.330617628184748	-0.10433671974249555	-0.13554449869490615
ヾ(≧▽≦*)o	2	-0.09195210278154124	-0.0021401409990294135	-0.024364992344179062	-0.19014440387860532	-0.013767153653665784	0.07589029324965445	0.05059981094029226	0.11468688982976613	0.08983176432297314	-0.10914219122053526	0.12353204388090194	-0.11555927593340562	-0.26781339836752915	-0.16894240589256732	-0.021818249040491268	-0.0005296542581536445	-0.0397924817650656	-0.01831242239081741	0.14585926799172455	0.02705454125661723	0.0581748462350834
ヾ(⌐■_■)ノ♪	1	0.12108967846145313	0.18145801841512574	0.1306590897700921	-0.03889592546354009	0.12032561893129447	0.02970737120804106	0.2337777092915616	0.03400935781846508	0.12644450754938508	-0.09444146895304431	-0.06419546088465178	-0.09710067123586835	0.1241044788692626	-0.02260804070806328	0.008984106145321413	-0.1808383131581849	-0.08379008695294876	-0.12345651394009313	0.13348569520390996	-0.023698368529933535	0.029227661862223035
ヾ(＾∇＾)	1	0.12565654845966592	-0.08440420954816164	-0.042384472733475585	-0.02119163744921878	0.004388432290782614	-0.21707709503025382	0.11511656201555824	0.05260829514744281	0.09239462850535717	-0.06671213604084755	0.036385455383128824	-0.14232249654466397	-0.28743052994878426	0.07927710695173837	0.0054799453246784586	0.112767363643898	0.07820888843990867	-0.09444262861623719	0.126252345101915	0.06770719193319213	-0.020474337595106588
＼(^o^)／	1	0.018630060670836675	0.03015275417929914	0.009055908425173674	-0.11908293538434493	-0.037311549578677626	-0.11430221550009026	0.11458560249105199	-0.013206951510739097	0.013530177544060377	-0.12336874308501247	0.01497023714849822	-0.15519309027598394	0.011054267491885563	-0.03922360843437114	0.1299520661310589	-0.15334400286801897	0.1149205344785668	-0.09769537393128655	0.14129660573131878	-0.01809513127743577	-0.05679624805667157
