first_word	n_prompts_HP	mean_log_prob_HP	n_prompts_LP	mean_log_prob_LP	n_prompts_HN-D	mean_log_prob_HN-D	n_prompts_HN-S	mean_log_prob_HN-S	n_prompts_LN	mean_log_prob_LN	n_prompts_NB	mean_log_prob_NB	softmax_HP	softmax_LP	softmax_HN-D	softmax_HN-S	softmax_LN	softmax_NB	predicted_quadrant	max_softmax	n_face_tokens	is_claude	total_emit_count	empirical_majority_quadrant	total_emit_HP	total_emit_LP	total_emit_HN-D	total_emit_HN-S	total_emit_LN	total_emit_NB	argmax_matches_empirical
(-‸–)	5	-34.8848388671875	5	-33.92842674255371	5	-36.139128875732425	5	-37.867103576660156	5	-31.988248825073242	5	-30.9679744720459	0.013832553255363866	0.03599704567242537	0.003946127574879399	0.0007010052072400261	0.25053904782408687	0.6949842204660045	NB	0.6949842204660045	5	False	1	LN	0	0	0	0	1	0	False
(;;)	5	-27.69375991821289	5	-21.23897819519043	5	-25.381990051269533	5	-21.68080863952637	5	-16.294343185424804	5	-19.926511764526367	1.0788985846338148e-05	0.006858935321519943	0.000108885367187667	0.004409325740295428	0.9631288837511358	0.025483180834014754	LN	0.9631288837511358	3	False	9	LN	0	0	0	0	9	0	True
(;;_;;)	5	-29.764804077148437	5	-31.992869186401368	5	-26.835585403442384	5	-24.057026290893553	5	-22.40073471069336	5	-31.80358543395996	0.0005264826309770228	5.672149458918183e-05	0.0098520714853683	0.15857709022024255	0.8309190928344614	6.854133436167434e-05	LN	0.8309190928344614	5	False	1	HN-S	0	0	0	1	0	0	False
(;_;)	5	-24.871191787719727	5	-20.628480529785158	5	-14.479149436950683	5	-19.98078384399414	5	-12.166168403625488	5	-20.065220642089844	2.7599647516080405e-06	0.00019208330659203533	0.08997258207248475	0.00036709690231820526	0.909128104783906	0.00033737296994742566	LN	0.909128104783906	3	False	1	LN	0	0	0	0	1	0	True
(;´д`)	5	-36.12595634460449	5	-32.539652252197264	5	-26.638274002075196	5	-31.76660499572754	5	-25.8327938079834	5	-32.18569488525391	2.3313864893540984e-05	0.0008416399717533092	0.307653856036369	0.0018232931940607969	0.6884588171395455	0.0011990797933778355	LN	0.6884588171395455	4	True	58	LN	0	0	4	15	39	0	True
(;´༎ຶд༎ຶ`)	5	-31.52234878540039	5	-26.973883438110352	5	-23.953610229492188	5	-27.02420310974121	5	-19.880516052246094	5	-27.143390274047853	8.623644651954187e-06	0.0008148248287229727	0.016701375573363625	0.0007748376196949787	0.9810125601900441	0.0006877781435223179	LN	0.9810125601900441	12	False	1	HN-S	0	0	0	1	0	0	False
(;´∀`)	5	-32.94775924682617	5	-30.40800361633301	5	-28.074924850463866	5	-33.34879837036133	5	-26.495565032958986	5	-31.886617279052736	0.0012787416545738995	0.01621006170786829	0.16711979797526857	0.000856275925840535	0.8108399825994447	0.0036951401370039147	LN	0.8108399825994447	5	False	1	LN	0	0	0	0	1	0	True
(;´⌒`)	5	-36.97184753417969	5	-33.02018814086914	5	-26.790168380737306	5	-30.7383544921875	5	-24.233845138549803	5	-31.601338958740236	2.720088417614468e-06	0.00014150340488227345	0.07185054952460321	0.0013859726246883417	0.9260345110491143	0.0005847433082941634	LN	0.9260345110491143	6	False	1	LN	0	0	0	0	1	0	True
(;ω;)	5	-22.257475662231446	5	-14.504783821105956	5	-19.723778915405273	5	-22.172261428833007	5	-15.080557250976563	5	-15.154893493652343	0.00020548698114471225	0.478338787537945	0.002589135788611423	0.00022376511618328276	0.2689554660310417	0.24968735854507376	LP	0.478338787537945	3	True	78	LN	5	0	0	10	63	0	False
(;′⌒`)	5	-23.976206588745118	5	-18.99103126525879	5	-19.4168270111084	5	-21.021984481811522	5	-14.204100227355957	5	-20.827716064453124	5.6107560207275706e-05	0.008204564215011124	0.005359629583595655	0.0010765240671824594	0.9839958198359108	0.0013073547380925835	LN	0.9839958198359108	6	True	24	HN-S	0	0	5	12	7	0	False
(;・ω・)	5	-32.46893157958984	5	-23.557081604003905	5	-28.361575317382812	5	-31.12472610473633	5	-25.239751052856445	5	-25.631835556030275	0.00010208387633550211	0.7573984651438647	0.006205250419927322	0.0003915057753739641	0.14078304819492515	0.09511964658957348	LP	0.7573984651438647	5	False	1	HN-S	0	0	0	1	0	0	False
(;・∀・)	5	-31.12913398742676	5	-21.82573890686035	5	-29.138566970825195	5	-32.837823486328126	5	-25.79575386047363	5	-23.756909561157226	7.823486625957905e-05	0.8586446947928439	0.0005726544180346664	1.4168566857437704e-05	0.016205330903962038	0.12448491645204232	LP	0.8586446947928439	6	True	0		0	0	0	0	0	0	
(;一_一)	5	-26.053721237182618	5	-18.326376724243165	5	-17.26685161590576	5	-21.42496681213379	5	-14.921121597290039	5	-17.53850212097168	1.2154410737595097e-05	0.027585254191779714	0.07958347492667564	0.00124444702378428	0.8309224660277648	0.06065220341925804	LN	0.8309224660277648	5	True	5	HN-S	0	0	0	3	2	0	False
(;￣д￣)	5	-26.540557861328125	5	-18.7847038269043	5	-22.548048400878905	5	-26.63595657348633	5	-19.02686462402344	5	-23.012013244628907	0.00023483287554730824	0.5483823971986268	0.012725759861589594	0.00021346553287304376	0.4304417692200269	0.008001775311336189	LP	0.5483823971986268	7	True	0		0	0	0	0	0	0	
(=^・ω・^=)	5	-21.48688087463379	5	-15.679180145263672	5	-35.78811798095703	5	-30.160223388671874	5	-23.627360916137697	5	-16.830173683166503	0.0022765585598518477	0.7577591783234056	1.4006527118686444e-09	3.8948795595458085e-07	0.00026771959262182225	0.239696152635512	LP	0.7577591783234056	9	True	12	LP	0	11	0	0	0	1	True
(=^・ｪ・^=)	5	-26.50044822692871	5	-19.30397605895996	5	-40.86028518676758	5	-34.70481719970703	5	-27.827496337890626	5	-20.439480209350585	0.0005666461913566341	0.7563104929396315	3.287865335374722e-10	1.5495293319924845e-07	0.0001503080713421179	0.24297239751594993	LP	0.7563104929396315	10	True	0		0	0	0	0	0	0	
(>_<)	5	-17.147767639160158	5	-21.117368698120117	5	-15.694842338562012	5	-12.452822303771972	5	-6.664542102813721	5	-17.534791946411133	2.7912083895436083e-05	5.270070518725828e-07	0.00011934100820006684	0.0030533818083775884	0.9967798837055957	1.89543868795973e-05	LN	0.9967798837055957	4	True	74	HN-S	0	2	2	67	1	2	False
(>_<;)	5	-37.2852668762207	5	-38.94236831665039	5	-36.44484252929688	5	-29.827822113037108	5	-26.12704200744629	5	-38.15979232788086	1.3913047182576816e-05	2.653091611069834e-06	3.224140167729066e-05	0.024107344143379218	0.975838045742253	5.8025738969657415e-06	LN	0.975838045742253	4	False	7	HN-S	0	0	0	7	0	0	False
(>ω<)	5	-21.028573989868164	5	-22.0641170501709	5	-23.5725154876709	5	-20.77922992706299	5	-12.455131149291992	5	-21.55232925415039	0.00018894241744958442	6.708089229079758e-05	1.4842590748718967e-05	0.00024244778360819826	0.9993747772046943	0.00011190911120841815	LN	0.9993747772046943	5	True	1	LP	0	1	0	0	0	0	False
(>▽<)	5	-20.68520164489746	5	-23.005471801757814	5	-31.321363830566405	5	-25.35256156921387	5	-16.57820987701416	5	-21.598120498657227	0.016058408844019878	0.0015776911345402444	3.85901054144103e-07	0.00015090160208172188	0.9757675536252715	0.0064450588930326895	LN	0.9757675536252715	6	False	1	LP	0	1	0	0	0	0	False
(>﹏<)	5	-20.060760688781738	5	-22.417935943603517	5	-11.094873237609864	5	-11.552871704101562	5	-5.314610862731934	5	-17.434870529174805	3.923215052681702e-07	3.7147869291373654e-08	0.0030723986119002874	0.0019434409681411066	0.9949783102961592	5.420654424892987e-06	LN	0.9949783102961592	7	True	5	HN-S	0	0	0	5	0	0	False
(O_O)	5	-41.229627990722655	5	-40.885739135742185	5	-40.08055038452149	5	-39.96096496582031	5	-34.7411865234375	5	-39.44366455078125	0.0014868010247435042	0.0020970166748419013	0.004691275254954183	0.005287205648828993	0.9775684509483635	0.008869250448268032	LN	0.9775684509483635	5	False	1	HN-S	0	0	0	1	0	0	False
(^_^)	5	-11.554693794250488	5	-7.557660007476807	5	-15.956510925292969	5	-15.605886650085449	5	-12.210566902160645	5	-3.063672399520874	0.00020297052775117513	0.011048993002343487	2.4874140929765045e-06	3.532012879225621e-06	0.00010533941673872193	0.9886366776261944	NB	0.9886366776261944	3	False	1	NB	0	0	0	0	0	1	True
(`_´)	5	-33.464530563354494	5	-33.911702728271486	5	-31.90343360900879	5	-32.25820426940918	5	-28.784367752075195	5	-32.81006622314453	0.008371255299646304	0.005352863676835321	0.039881031253146564	0.027969933880408592	0.9023176866950583	0.01610722919490501	LN	0.9023176866950583	4	True	0		0	0	0	0	0	0	
(o^▽^o)	5	-24.80968322753906	5	-23.23392524719238	5	-30.557149124145507	5	-31.859831619262696	5	-20.13847122192383	5	-22.211256790161134	0.007929700319962306	0.03833537980955084	2.5302535968904295e-05	6.877272480255382e-06	0.8471071990568237	0.10659554100521403	LN	0.8471071990568237	8	False	1	NB	0	0	0	0	0	1	False
(¬_¬)	5	-27.289927291870118	5	-25.36037826538086	5	-12.313496398925782	5	-15.630290603637695	5	-12.450784873962402	5	-17.072534561157227	1.6341630542012028e-07	1.125350692028407e-06	0.5217670901192022	0.018923926921698378	0.45483414033726494	0.0044735538548371185	HN-D	0.5217670901192022	5	True	5	HN-D	0	0	4	0	0	1	True
(¬‿¬)	5	-18.391250991821288	5	-14.685733222961426	5	-12.313590240478515	5	-14.83075408935547	5	-9.026057243347168	5	-12.297598838806152	7.917177446194746e-05	0.003220003163864188	0.0345195325467891	0.002785316400513717	0.9243199904828826	0.035075985631488435	LN	0.9243199904828826	6	True	11	NB	0	0	0	0	2	9	False
(¬､¬)	5	-39.42807846069336	5	-33.764840316772464	5	-26.015024185180664	5	-28.494793701171876	5	-23.497824096679686	5	-29.52634162902832	1.1071252240114525e-07	3.189406104788045e-05	0.07403075914936008	0.006201003631687001	0.9175258551404476	0.002210377304935221	LN	0.9175258551404476	6	True	0		0	0	0	0	0	0	
(°д°)	5	-28.15395851135254	5	-19.261005020141603	5	-18.829080200195314	5	-22.87307357788086	5	-14.792518997192383	5	-18.931599807739257	1.5063641388932534e-06	0.010967069538624993	0.01689169235468206	0.00029606642138331707	0.9565978918245907	0.01524577349658011	LN	0.9565978918245907	5	False	1	HN-S	0	0	0	1	0	0	False
(°ロ°)	5	-27.461445236206053	5	-16.88313217163086	5	-18.590327072143555	5	-22.86139831542969	5	-13.030739021301269	5	-18.24642562866211	5.245040498780923e-07	0.0205992703615226	0.0037361690015783725	5.218237483364405e-05	0.9703422129687871	0.005269640789228419	LN	0.9703422129687871	5	True	3	HN-S	0	0	0	3	0	0	False
(´;ω;`)	5	-16.570918083190918	5	-27.707645416259766	5	-18.176672554016115	5	-19.22572555541992	5	-16.401122856140137	5	-23.973225021362303	0.407043978990616	5.92955508284115e-06	0.0817092132893749	0.028620228667146533	0.48237241606196196	0.00024823343581777075	LN	0.48237241606196196	6	True	5	LN	0	0	0	0	5	0	True
(´°ω°`)	5	-29.23566017150879	5	-19.968090438842772	5	-28.9939754486084	5	-29.05842399597168	5	-24.399565505981446	5	-21.55096778869629	7.756007722425054e-05	0.8212826124276228	9.876443288958913e-05	9.259998702952194e-05	0.009770740071681114	0.1686777230035526	LP	0.8212826124276228	6	True	0		0	0	0	0	0	0	
(´ω`)	5	-29.176396942138673	5	-25.722488403320312	5	-35.561777877807614	5	-34.625539016723636	5	-29.136703872680663	5	-27.185466384887697	0.02439466137229025	0.7714507637910252	4.113003591526729e-05	0.00010489685316648087	0.02538243454894576	0.17862611339865694	LP	0.7714507637910252	4	True	7	LN	0	1	0	1	5	0	False
(´ω`*	5	-28.65723762512207	5	-28.646683502197266	5	-39.51791534423828	5	-38.92613334655762	5	-33.05598831176758	5	-30.968104934692384	0.47122426726682315	0.47622396340312373	9.04680531811196e-06	1.634944071212245e-05	0.005792612769673389	0.04673376031434954	LP	0.47622396340312373	5	False	1	HP	1	0	0	0	0	0	False
(´∀`)	5	-24.3567813873291	5	-17.27671661376953	5	-32.43702278137207	5	-33.96282691955567	5	-25.72888946533203	5	-18.428440856933594	0.0006390469577980875	0.7592168432979071	1.9784656835460286e-07	4.302097058411518e-08	0.000162044317082157	0.23998182455967382	LP	0.7592168432979071	5	True	2	HP	1	1	0	0	0	0	False
(´▽`)	5	-29.926765823364256	5	-24.338391876220705	5	-32.160599899291995	5	-33.80859451293945	5	-25.325033569335936	5	-25.05690269470215	0.002006467932594398	0.5363301248115355	0.00021492671979996588	4.135951559624633e-05	0.19995816763854307	0.2614489533819309	LP	0.5363301248115355	5	True	17	LP	0	17	0	0	0	0	True
(´▽`ʃ♡ƪ)	5	-25.144634246826172	5	-19.215794944763182	5	-30.89052963256836	5	-30.43827705383301	5	-22.04661445617676	5	-20.744343185424803	0.0020817936641448517	0.7821676961087877	6.653145523487807e-06	1.0457739566136837e-05	0.046120136325972984	0.16961326301600488	LP	0.7821676961087877	12	False	9	LP	0	7	0	0	0	2	True
(´・ω・)	5	-23.936524963378908	5	-21.27830390930176	5	-26.111783981323242	5	-25.399493408203124	5	-18.97582550048828	5	-19.51374931335449	0.004138442012048179	0.05905920678098671	0.00047003899176002256	0.0009582476248020897	0.5905290643398595	0.3448450002505435	LN	0.5905290643398595	6	True	0		0	0	0	0	0	0	
(´・ω・`)	5	-19.277438354492187	5	-17.719386863708497	5	-18.71679344177246	5	-19.266240501403807	5	-11.733600234985351	5	-15.471121978759765	0.0005147836494757105	0.0024449946287494768	0.0009017989728730499	0.0005205805168160334	0.9724605944414386	0.023157247790647102	LN	0.9724605944414386	6	True	52	NB	1	11	0	4	12	24	False
(´・‿・`)	5	-34.9738655090332	5	-29.97785415649414	5	-31.33882064819336	5	-33.33878517150879	5	-25.52851448059082	5	-28.547241592407225	7.42988308125133e-05	0.01098302928417074	0.00281618968968643	0.00038114335076432256	0.9398224411462102	0.045922897698355905	LN	0.9398224411462102	7	True	0		0	0	0	0	0	0	
(´｡・ω・｡`)	5	-36.33021469116211	5	-28.436881637573244	5	-31.01880798339844	5	-33.359000778198244	5	-24.706829452514647	5	-26.38643112182617	7.385304509749691e-06	0.01978788582203036	0.001496521743033732	0.00014412861514072743	0.8247844738169205	0.15377960469836477	LN	0.8247844738169205	10	True	0		0	0	0	0	0	0	
(´｡・‿・｡`)	5	-36.958927154541016	5	-30.336710357666014	5	-32.065016174316405	5	-33.800571823120116	5	-26.2707763671875	5	-27.79521598815918	1.8420479623161665e-05	0.013845005952408814	0.0024586656151400995	0.00043346818394190555	0.8074317868450652	0.17581265292382067	LN	0.8074317868450652	11	True	30	LP	0	27	0	0	0	3	False
(´ｰ`)	5	-32.282508850097656	5	-26.925325393676758	5	-31.96493797302246	5	-33.69843101501465	5	-32.4777645111084	5	-25.612643432617187	0.0009961595456463796	0.2113119776612351	0.0013685106466190748	0.0002417696144319313	0.0008194650670604193	0.7852621174650071	NB	0.7852621174650071	5	True	0		0	0	0	0	0	0	
(˃‿˂)	5	-27.47874641418457	5	-30.1288818359375	5	-33.861569213867185	5	-32.44011878967285	5	-27.61660690307617	5	-32.49469680786133	0.5109374187414856	0.03609346026141793	0.0008636603635580178	0.0035782531664560815	0.4451390145352461	0.003388192931836323	HP	0.5109374187414856	8	True	0		0	0	0	0	0	0	
(˘³˘)	5	-34.09072265625	5	-21.250998306274415	5	-28.618894577026367	5	-31.039419174194336	5	-24.067763900756837	5	-23.514906692504884	2.27857996233574e-06	0.858787487704128	0.0005420620642758122	4.817575602340833e-05	0.0513546712924617	0.08926532460314879	LP	0.858787487704128	7	True	38	LP	0	21	0	1	1	15	True
(˘̩╭╮˘̩)	5	-41.71741638183594	5	-30.969967651367188	5	-31.148096084594727	5	-34.360083770751956	5	-26.659801864624022	5	-32.62357597351074	2.8099407003845145e-07	0.013069375411562643	0.010936909977583495	0.0004405001994455277	0.97305200153237	0.002500931884968356	LN	0.97305200153237	14	False	8	LN	0	0	0	2	6	0	True
(˘ω˘)	5	-34.7706356048584	5	-20.906396102905273	5	-26.602301406860352	5	-30.74401397705078	5	-22.463887786865236	5	-22.829699325561524	7.002193124251794e-07	0.7351852684938086	0.0024699977247174495	3.92621102587776e-05	0.15487693742375658	0.10742783402814614	LP	0.7351852684938086	7	True	10	LP	0	9	0	0	0	1	True
(˘ڡ˘)	5	-39.87782707214355	5	-29.749640274047852	5	-36.17114181518555	5	-40.238868713378906	5	-31.789372634887695	5	-32.320447540283205	3.30547810117801e-05	0.827656104111698	0.0013459447647281842	2.3037528832998483e-05	0.1076478631969001	0.06329399561682901	LP	0.827656104111698	8	False	9	LP	0	8	0	0	0	1	True
(˘‿˘)	5	-35.19310340881348	5	-21.535909271240236	5	-28.222497177124023	5	-30.184146118164062	5	-22.20667381286621	5	-24.009099578857423	7.335597754250802e-07	0.6261516957940809	0.0007811444128712376	0.00010984948376348298	0.3201623227155209	0.052794254033987874	LP	0.6261516957940809	8	False	2	LP	0	2	0	0	0	0	True
(˘▽˘)	5	-34.83138580322266	5	-20.903404998779298	5	-28.960401916503905	5	-31.647489929199217	5	-25.537306213378905	5	-24.01659698486328	8.474265306014684e-07	0.9483033043859969	0.0003004954924443828	2.0457401345232216e-05	0.009214452522692883	0.042160442770989875	LP	0.9483033043859969	8	True	6	HP	5	0	0	0	0	1	False
(˘・_・˘)	5	-44.318556213378905	5	-31.780599975585936	5	-34.0352180480957	5	-37.20223731994629	5	-29.895784378051758	5	-31.193810653686523	3.779599849523369e-07	0.10534429752513573	0.011052050069644834	0.00046561166255763733	0.6937069488784798	0.18943071390419713	LN	0.6937069488784798	9	True	0		0	0	0	0	0	0	
(˙꒳˙)	5	-35.973327255249025	5	-26.545395278930663	5	-32.86262741088867	5	-34.307254791259766	5	-22.68457489013672	5	-27.98378791809082	1.6503674493152058e-06	0.020515376066292373	3.702886723662491e-05	8.732663526014962e-06	0.9745687308453309	0.0048684811901647685	LN	0.9745687308453309	9	False	7	NB	0	0	0	0	0	7	False
(˵・̀‿-˵)	5	-76.13666229248047	5	-70.9815902709961	5	-75.0353012084961	5	-72.98828887939453	5	-68.38825149536133	5	-72.82456817626954	0.00039278175362595356	0.0680723333687286	0.0011815887466088137	0.009151083224143519	0.9104232865944911	0.010778926312402168	LN	0.9104232865944911	11	True	0		0	0	0	0	0	0	
(˶ˆᗜˆ˵)	5	-48.78502426147461	5	-39.010597229003906	5	-51.89680938720703	5	-48.23121185302735	5	-40.640726470947264	5	-39.77729797363281	3.42573460537283e-05	0.6021898605256656	1.5251852823437215e-06	5.960344852038932e-05	0.11797155505798974	0.27974319843648826	LP	0.6021898605256656	13	True	0		0	0	0	0	0	0	
(˶ᵔ‿ᵔ˶)	5	-38.8241527557373	5	-31.18136215209961	5	-38.431016540527345	5	-38.280601501464844	5	-30.76985397338867	5	-30.36527900695801	0.00010046416823490416	0.20952361496469407	0.00014884974050965172	0.00017301051676890368	0.31619042166937267	0.47386363894041983	NB	0.47386363894041983	14	True	0		0	0	0	0	0	0	
(̄▽̄)	5	-34.23429565429687	5	-23.331950759887697	5	-34.99515228271484	5	-33.74779777526855	5	-24.619646072387695	5	-22.40292625427246	4.835871274195741e-06	0.26260498096986024	2.2596381407254505e-06	7.866074878209617e-06	0.07245427093163076	0.6649257865142159	NB	0.6649257865142159	8	True	0		0	0	0	0	0	0	
(ಠ_ಠ)	5	-24.72504005432129	5	-20.0026065826416	5	-12.772703933715821	5	-14.953511810302734	5	-19.116644859313965	5	-16.44959888458252	5.6491054901382045e-06	0.0006351941396982615	0.8766239016431248	0.0990148835111407	0.0015405463532107816	0.02217982524733527	HN-D	0.8766239016431248	7	True	1	HN-D	0	0	1	0	0	0	True
(ಠ‿ಠ)	5	-24.71829490661621	5	-18.327357482910156	5	-19.33101921081543	5	-19.169719886779784	5	-20.713724517822264	5	-17.939143943786622	0.0004982402707107046	0.2971581761622481	0.10891882160007939	0.1279836053910293	0.0273276098733146	0.4381135467026178	NB	0.4381135467026178	8	True	0		0	0	0	0	0	0	
(ง'̀-'́)	5	-15.198665237426757	5	-13.681060409545898	5	-14.394676208496094	5	-14.390422248840332	5	-8.786432361602783	5	-13.242000007629395	0.0015965057575874218	0.007282121010914164	0.003567290587150751	0.0035824980203595152	0.9726752018119467	0.011296382812041672	LN	0.9726752018119467	7	True	0		0	0	0	0	0	0	
(งツ)	5	-28.01515769958496	5	-26.795981216430665	5	-26.808133697509767	5	-27.522345352172852	5	-20.997356414794922	5	-24.056081771850586	0.0008488221207514224	0.0028727531404416505	0.0028380533336760756	0.001389448237080682	0.9475651116109426	0.04448581155710764	LN	0.9475651116109426	5	True	0		0	0	0	0	0	0	
(ง・_・)	5	-23.62334747314453	5	-24.60873794555664	5	-20.729017639160155	5	-21.47439613342285	5	-17.26699905395508	5	-23.20148582458496	0.0016510258612597044	0.0006163171194583468	0.02983632654798057	0.014158967494251924	0.9512198827852615	0.002517480191788008	LN	0.9512198827852615	6	True	0		0	0	0	0	0	0	
(ง・̀_・́)	5	-25.100089645385744	5	-28.001008224487304	5	-24.267903137207032	5	-25.622685623168945	5	-22.080504608154296	5	-26.205171585083008	0.040387290623041694	0.002220198414593951	0.09282366843963609	0.023948822773749854	0.8272444056290331	0.013375614119945289	LN	0.8272444056290331	8	True	0		0	0	0	0	0	0	
(๑><๑)	5	-27.164878845214844	5	-27.627775955200196	5	-24.124767684936522	5	-26.90081024169922	5	-20.173083877563478	5	-28.048929977416993	0.0008993417103141588	0.0005660972893410637	0.018803047241379833	0.0011711385405748192	0.9781888517885016	0.000371523429888752	LN	0.9781888517885016	7	False	4	LP	0	4	0	0	0	0	False
(๑>‿<๑)	5	-22.824667739868165	5	-22.182968139648438	5	-23.4700065612793	5	-23.61723518371582	5	-18.225602531433104	5	-21.36067123413086	0.009294419920485608	0.017656673462074713	0.00487478202252033	0.004207407943438435	0.9237850548573929	0.04018166179408789	LN	0.9237850548573929	10	False	4	LP	0	4	0	0	0	0	False
(๑´ڡ`๑)	5	-23.559949493408205	5	-16.942673110961913	5	-22.479080200195312	5	-25.292718505859376	5	-15.891743087768555	5	-16.890904426574707	0.00027181938234464555	0.20329516010650733	0.0008011170798110922	4.805608651193643e-05	0.5814871867467702	0.2140966605980547	LN	0.5814871867467702	10	False	1	NB	0	0	0	0	0	1	False
(๑˃‿˂)	5	-35.39244384765625	5	-29.69113235473633	5	-37.69924545288086	5	-38.83296432495117	5	-30.993867111206054	5	-30.690829849243165	0.0020331358728256027	0.6084354699053043	0.00020245811787120914	6.51579399355544e-05	0.16536515718705963	0.22389862097700378	LP	0.6084354699053043	10	True	123	HP	100	16	0	0	0	7	False
(๑・̀ㅂ・́)	5	-34.534307861328124	5	-28.682195281982423	5	-30.793139266967774	5	-30.594562149047853	5	-22.513324737548828	5	-30.429035949707032	5.998470710926988e-06	0.00208728015158695	0.00025281883109474427	0.00030835455315156014	0.9969816853414232	0.00036386265203256814	LN	0.9969816853414232	10	True	3	LP	0	3	0	0	0	0	False
(๑・﹏・)	5	-33.12302436828613	5	-27.304661178588866	5	-27.052749252319337	5	-27.8337043762207	5	-24.690837097167968	5	-26.94139518737793	0.00016543300548584812	0.05565512811480743	0.07159936098656426	0.03279024377488863	0.7597567409213412	0.08003309319691265	LN	0.7597567409213412	9	False	1	NB	0	0	0	0	0	1	False
(ᵔᴥᵔ)	5	-20.564899063110353	5	-16.05927562713623	5	-16.36490821838379	5	-20.962125778198242	5	-16.07935276031494	5	-15.16657543182373	0.0021338174910104316	0.19316332234743125	0.14229515682940502	0.0014343128864598715	0.1893238285845649	0.4716495618611286	NB	0.4716495618611286	11	True	0		0	0	0	0	0	0	
(„・֊・„)	5	-54.98825225830078	5	-48.1157958984375	5	-52.421417236328125	5	-52.99267654418945	5	-44.51202545166016	5	-44.57165374755859	1.431462071072328e-05	0.013818144165063807	0.0001864413037299718	0.00010530460563185307	0.5076300681118637	0.47824572719299985	LN	0.5076300681118637	8	True	0		0	0	0	0	0	0	
(‿‿‿)	5	-46.42714233398438	5	-43.18974075317383	5	-28.01035385131836	5	-28.653565979003908	5	-27.764373779296875	5	-39.82697219848633	3.5796251714499973e-09	9.116396287075907e-08	0.3565719414950031	0.1874147154938445	0.45601061645459473	2.6318129695445205e-06	LN	0.45601061645459473	8	False	3	LP	0	3	0	0	0	0	False
(⁄	5	-14.56150188446045	5	-9.438006019592285	5	-19.000446319580078	5	-13.032813835144044	5	-10.520943641662598	5	-9.786070823669434	0.0028656186129674055	0.4811986181800394	3.3838360719793665e-05	0.01321658257614814	0.16293355675162577	0.33975178551849944	LP	0.4811986181800394	3	False	6	HP	4	2	0	0	0	0	False
(⁄⁄・⁄ω⁄・⁄⁄)	5	-36.13052825927734	5	-29.687574768066405	5	-45.538027954101565	5	-39.138117980957034	5	-34.75117950439453	5	-29.664070510864256	0.0007834026839541436	0.4921802737726462	6.432204582956912e-08	3.8708419154182835e-05	0.0031119213198108515	0.5038856294823888	NB	0.5038856294823888	17	True	0		0	0	0	0	0	0	
(⁎‿‿‿⁎)	5	-62.74808807373047	5	-53.45542907714844	5	-41.117888641357425	5	-41.09523010253906	5	-36.21424102783203	5	-59.09297866821289	2.9513909981423763e-12	3.20462541587017e-08	0.0073097580845079045	0.007477277224186347	0.9852129325279647	1.1413546010580335e-10	LN	0.9852129325279647	12	False	1	LP	0	1	0	0	0	0	False
(≧ω≦)	5	-22.75185432434082	5	-21.004097747802735	5	-25.859960556030273	5	-22.230362319946288	5	-22.64269676208496	5	-22.88990364074707	0.09562674459051758	0.5490607617921038	0.0042731288231185605	0.1610869917446329	0.10665614891264083	0.08329622413698622	LP	0.5490607617921038	7	True	0		0	0	0	0	0	0	
(≧‿≦)	5	-19.975244522094727	5	-20.417676162719726	5	-23.68279914855957	5	-20.74243621826172	5	-17.841648292541503	5	-20.46414566040039	0.08936703886278792	0.057415843290867574	0.002192839534159659	0.041494472484396784	0.7547210048370332	0.05480880099075492	LN	0.7547210048370332	8	True	66	HP	33	25	0	0	2	6	False
(≧∇≦)	5	-14.20621337890625	5	-12.818555450439453	5	-19.66315116882324	5	-17.798895645141602	5	-15.026375579833985	5	-11.565682792663575	0.051286653904800646	0.20542653764848687	0.00021881968830101358	0.0014116345584721777	0.022584602292816697	0.7190717519071225	NB	0.7190717519071225	8	False	1	HP	1	0	0	0	0	0	False
(≧▽≦)	5	-10.974264240264892	5	-10.841918563842773	5	-22.01206703186035	5	-18.111235046386717	5	-14.978071784973144	5	-11.313454246520996	0.3480794645146705	0.3973336978784433	5.597853873435863e-06	0.0002767778704840394	0.0063510696993357985	0.247953392183193	LP	0.3973336978784433	8	True	27	HP	22	1	0	0	0	4	False
(≧▽≦�	5	-36.96176376342773	5	-42.60441665649414	5	-47.77456817626953	5	-43.81123352050781	5	-41.85307159423828	5	-43.20095291137695	0.9861090346048758	0.0034942334995024223	1.9860201357105936e-05	0.0010452929428018916	0.007407248889830401	0.0019243298616322129	HP	0.9861090346048758	8	False	1	HP	1	0	0	0	0	0	True
(⊙_⊙)	5	-20.722393226623534	5	-25.160122680664063	5	-14.321291732788087	5	-16.86165771484375	5	-14.856148147583008	5	-19.669400024414063	0.0009932380896762539	1.1742807779637732e-05	0.5984342244028258	0.04717908293238351	0.3505348754130614	0.0028468363542734645	HN-D	0.5984342244028258	9	True	101	HN-S	0	0	15	70	0	16	False
(⊙_⊙;)	5	-37.04739227294922	5	-42.210123443603514	5	-27.871292114257812	5	-29.03665657043457	5	-27.656148147583007	5	-35.919399642944335	4.054554821977208e-05	2.3216541142574242e-07	0.3918075867989224	0.12216913206937029	0.4858572400306892	0.00012526338738681669	LN	0.4858572400306892	9	False	8	HN-S	3	0	1	4	0	0	False
(⊙o⊙)	5	-23.94415740966797	5	-24.39102210998535	5	-20.510053634643555	5	-24.392477607727052	5	-24.448337936401366	5	-22.505299758911132	0.026245464145880755	0.01678739789030114	0.8137042369356353	0.016762981643789015	0.015852269131243074	0.11064765025315076	HN-D	0.8137042369356353	9	False	1	HP	1	0	0	0	0	0	False
(⊙ᗜ⊙)	5	-25.008769989013672	5	-24.005464172363283	5	-20.9603328704834	5	-25.76065788269043	5	-22.47759552001953	5	-22.28575553894043	0.011198084110491053	0.030540342629111688	0.64173780743318	0.005279623605966039	0.14074041582549995	0.17050372639575134	HN-D	0.64173780743318	11	False	1	HP	1	0	0	0	0	0	False
(⊙‿⊙)	5	-25.623538208007812	5	-26.319725799560548	5	-22.35202865600586	5	-25.62360038757324	5	-22.48570556640625	5	-23.963851165771484	0.017494439551171102	0.008720665021562756	0.4609975103815996	0.01749335178834105	0.40331412793864563	0.09197990531867992	HN-D	0.4609975103815996	10	True	0		0	0	0	0	0	0	
(⊙⊙)	5	-29.550778961181642	5	-27.51667594909668	5	-22.36728630065918	5	-26.335241317749023	5	-23.815888977050783	5	-22.373795318603516	0.00033675738818909103	0.0025746419807264435	0.44367847126244375	0.008390877629047553	0.10421931323445846	0.4407999385051347	HN-D	0.44367847126244375	8	False	1	HP	1	0	0	0	0	0	False
(⊙▽⊙)	5	-19.188780784606934	5	-22.816506576538085	5	-18.020000076293947	5	-20.64698143005371	5	-17.915625190734865	5	-19.53801441192627	0.11422523585560944	0.003035713417604749	0.3675844031041284	0.02657501814025906	0.40802475482439515	0.08055487465800319	LN	0.40802475482439515	10	False	1	HP	1	0	0	0	0	0	False
(⊙﹏⊙)	5	-21.920795822143553	5	-20.091788291931152	5	-11.992166137695312	5	-17.023410415649415	5	-13.373262405395508	5	-17.53272399902344	3.863256926320401e-05	0.00024059215913494475	0.7923237546929973	0.005174412527803828	0.19911326263085577	0.0031093454199450318	HN-D	0.7923237546929973	11	False	18	HN-S	0	0	0	16	2	0	False
(⌐■_ω■)	5	-53.81077575683594	5	-47.65125427246094	5	-44.94462203979492	5	-50.25375595092773	5	-44.83420104980469	5	-42.55518569946289	1.0773124037397913e-05	0.005097859383873035	0.07635953854078507	0.00037769021534145774	0.08527437044418001	0.8328797682917831	NB	0.8328797682917831	9	True	0		0	0	0	0	0	0	
(⌐■_■)	5	-19.13747215270996	5	-13.248341369628907	5	-10.887605476379395	5	-15.889798164367676	5	-10.817231559753418	5	-7.830463218688965	1.1146881957724785e-05	0.004025041888310232	0.04266040518900512	0.00028681396559792	0.04577074482401235	0.9072458472511167	NB	0.9072458472511167	8	True	4	NB	0	0	0	0	0	4	True
(⌒‿⌒)	5	-15.247770881652832	5	-9.428403568267822	5	-20.144258880615233	5	-19.98318729400635	5	-14.163324928283691	5	-6.29661979675293	0.00012410793723256395	0.04179445532182131	9.274314918747545e-07	1.0895178252046953e-06	0.0003670865318592055	0.9577123332597699	NB	0.9577123332597699	10	True	1	NB	0	0	0	0	0	1	True
(⌒▽⌒)	5	-13.404099273681641	5	-7.658310413360596	5	-19.018331718444824	5	-19.16955852508545	5	-12.598369026184082	5	-5.264067268371582	0.00026701249663634317	0.08354029100844586	9.734225812009765e-07	8.368053517330941e-07	0.000597662198376132	0.9155932240686087	NB	0.9155932240686087	10	True	0		0	0	0	0	0	0	
(─‿‿─)	5	-18.843878173828124	5	-13.950695419311524	5	-16.408270263671874	5	-15.059696769714355	5	-11.361088943481445	5	-13.420634651184082	0.00045587087316188615	0.06080287487954095	0.0052073038556238885	0.02005815334376322	0.8101695509217757	0.10330624612613448	LN	0.8101695509217757	8	True	0		0	0	0	0	0	0	
(╥_╥)	5	-15.948502540588379	5	-23.85498752593994	5	-15.021371269226075	5	-16.295525550842285	5	-10.659298133850097	5	-20.059608459472656	0.004939821042604473	1.8195685234978391e-06	0.01248415669146237	0.003491411494363307	0.9790018293199831	8.096188306316545e-05	LN	0.9790018293199831	7	False	52	HN-D	0	0	28	8	16	0	False
(╥╯﹏╰╥)	5	-25.875901412963866	5	-31.24912033081055	5	-20.52547721862793	5	-25.041994094848633	5	-18.4430419921875	5	-26.460451126098633	0.0005248801446024615	2.4350103881012556e-06	0.11059101597280634	0.0012084299797312603	0.8873806933874201	0.0002925455050517028	LN	0.8873806933874201	13	False	1	LN	0	0	0	0	1	0	True
(╥﹏╥	5	-13.448831176757812	5	-21.230414390563965	5	-7.921516799926758	5	-12.495635414123536	5	-4.709412288665772	5	-17.05986785888672	0.00015386141870435676	6.42142008908888e-08	0.0386911703079146	0.00039911439552375877	0.9607516317407983	4.157922858056777e-06	LN	0.9607516317407983	8	False	2	HP	1	0	1	0	0	0	False
(╥﹏╥)	5	-13.448925590515136	5	-21.23041477203369	5	-7.921519088745117	5	-12.495638275146485	5	-4.709423065185547	5	-17.05986785888672	0.00015384850166122517	6.421484793653182e-08	0.0386914863759946	0.0003991174275114355	0.9607513255136438	4.1579663409377156e-06	LN	0.9607513255136438	9	True	103	HN-D	9	1	37	21	35	0	False
(╭ರ_・́)	5	-49.242628479003905	5	-45.40225067138672	5	-49.393307495117185	5	-49.15150375366211	5	-52.20802688598633	5	-45.29873275756836	0.009884408830139092	0.4600505881662109	0.008501814692799183	0.010827436998520285	0.0005094417519046884	0.5102263095604258	NB	0.5102263095604258	9	True	0		0	0	0	0	0	0	
(╯°□°)	5	-22.594396591186523	5	-18.71416816711426	5	-11.498620796203614	5	-16.538702964782715	5	-14.684832000732422	5	-24.843509674072266	1.4473558518221859e-05	0.0007010308245621592	0.9536950347481622	0.006173474340905944	0.03941445967241326	1.5268554383390966e-06	HN-D	0.9536950347481622	8	True	327	HN-D	5	1	286	14	13	8	True
(╯✧∇✧)	5	-26.96026725769043	5	-23.144711685180663	5	-21.58509292602539	5	-24.63308792114258	5	-19.347744369506835	5	-31.198152923583983	0.00043553640095822136	0.019774212119645675	0.09406607207518855	0.004463808987634578	0.881254082104328	6.288312245113971e-06	LN	0.881254082104328	10	True	0		0	0	0	0	0	0	
(╯✧▽✧)	5	-24.93221969604492	5	-22.80334129333496	5	-20.05326156616211	5	-23.91160354614258	5	-18.9631290435791	5	-30.484222412109375	0.0018697612953683313	0.015716155183641438	0.2458616312438706	0.005188408086651258	0.7313567901157864	7.254074682054819e-06	LN	0.7313567901157864	10	False	31	HP	11	2	10	2	1	5	False
(╹ヮ╹)	5	-35.83265762329101	5	-26.710237503051758	5	-40.56071548461914	5	-36.25341262817383	5	-34.753011322021486	5	-25.400647735595705	2.3206474650512875e-05	0.2125327641590872	2.0522947373210147e-07	1.523623259456762e-05	6.831146540361435e-05	0.7873602764387904	NB	0.7873602764387904	8	True	0		0	0	0	0	0	0	
(◎_◎;)	5	-27.62281494140625	5	-31.757216262817384	5	-22.684653091430665	5	-18.354691123962404	5	-19.902471923828124	5	-24.06764450073242	7.678067107117665e-05	1.2294311814396757e-06	0.01071194528668302	0.813480103269118	0.1730430951366558	0.00268684620529048	HN-S	0.813480103269118	7	True	0		0	0	0	0	0	0	
(◕‿◕)	5	-34.615692901611325	5	-22.738646697998046	5	-36.58878021240234	5	-30.618166732788087	5	-27.60623550415039	5	-15.615712070465088	5.598352874835776e-09	0.0008057418046927795	7.783220567186707e-10	3.049044942017884e-07	6.197676994045018e-06	0.999187749237144	NB	0.999187749237144	8	True	11	NB	0	0	0	0	0	11	True
(◕‿◕✿)	5	-22.565694999694824	5	-13.613648223876954	5	-28.41378059387207	5	-21.043167114257812	5	-17.631236267089843	5	-10.840712928771973	7.605137896969986e-06	0.058739684509544574	2.194399976136764e-08	3.486041495154048e-05	0.0010570980991098683	0.9401607298944973	NB	0.9401607298944973	10	True	236	NB	42	67	9	12	19	87	True
(◕‿◕�	5	-40.803192901611325	5	-32.01364517211914	5	-42.92628021240235	5	-36.93066596984863	5	-33.85623474121094	5	-28.41571159362793	4.041458373361133e-06	0.026533234010423328	4.836074764121864e-07	0.00019424738790952117	0.004203041760100352	0.9690649517757172	NB	0.9690649517757172	8	False	9	LP	0	5	0	0	0	4	False
(◕▿◕✿)	5	-31.841563415527343	5	-28.323695755004884	5	-32.510362243652345	5	-27.896546936035158	5	-24.472725677490235	5	-24.237334060668946	0.0002717866592440304	0.009162598331127147	0.00013924271889039194	0.014045170752829059	0.4309964599858139	0.5453847415520954	NB	0.5453847415520954	10	True	0		0	0	0	0	0	0	
(◞‸◟)	5	-30.187648963928222	5	-21.78526611328125	5	-28.69726905822754	5	-26.044032669067384	5	-21.314715576171874	5	-21.110728073120118	4.898765065239032e-05	0.2183710784689142	0.00021744547828323957	0.0030877085762183107	0.3495848639890658	0.428689915836866	NB	0.428689915836866	8	True	0		0	0	0	0	0	0	
(◠‿◠✿)	5	-13.869071578979492	5	-17.6268102645874	5	-26.710341262817384	5	-25.0133415222168	5	-24.305758666992187	5	-16.20042610168457	0.8924213367851296	0.02082594751850273	2.364162807936124e-06	1.290253375837245e-05	2.6180282803155344e-05	0.08671126871699834	HP	0.8924213367851296	10	True	0		0	0	0	0	0	0	
(◠‿・)	5	-33.52825241088867	5	-33.597434997558594	5	-43.06855087280273	5	-41.49342498779297	5	-41.68800735473633	5	-34.27596817016602	0.4154017256313226	0.38763473008586924	2.986546758386692e-05	0.00014429052007199655	0.00011877683552011307	0.1966706114596321	HP	0.4154017256313226	7	True	0		0	0	0	0	0	0	
(☁️‿☁️)	5	-34.147063446044925	5	-41.200627136230466	5	-47.53370590209961	5	-43.377899169921875	5	-36.6440071105957	5	-45.55195083618164	0.9230957547540496	0.0007978531523308987	1.417430598619302e-06	9.043691421989975e-05	0.07600425362979898	1.028411900226022e-05	HP	0.9230957547540496	10	False	1	LP	0	1	0	0	0	0	False
(★ω★)	5	-25.928155517578126	5	-23.56202926635742	5	-29.008620834350587	5	-28.311404037475587	5	-23.786575317382812	5	-22.479381561279297	0.019316618263999313	0.20583853002263458	0.0008873644147604462	0.001781966011208265	0.1644400351134984	0.6077354861738989	NB	0.6077354861738989	5	False	2	HP	2	0	0	0	0	0	False
(☆▽☆)	5	-17.14348087310791	5	-14.931432914733886	5	-25.979330444335936	5	-21.800917053222655	5	-20.29007034301758	5	-12.253290748596191	0.006984903867986114	0.06380293473997828	1.015780149782958e-06	6.62920730925462e-05	0.0003003405624767832	0.9288445129763165	NB	0.9288445129763165	6	True	0		0	0	0	0	0	0	
(☉_☉)	5	-20.632528686523436	5	-22.531317901611327	5	-18.76229591369629	5	-19.53825397491455	5	-17.834761238098146	5	-20.94720039367676	0.03601711913448303	0.0053935572631960155	0.23374414734694357	0.10758369131644772	0.590967961552472	0.026293523386457695	LN	0.590967961552472	7	False	1	HN-S	0	0	0	1	0	0	False
(☕´・ω・`)	5	-49.55568389892578	5	-46.10900115966797	5	-49.40345764160156	5	-51.122762298583986	5	-49.98303985595703	5	-49.53271636962891	0.02821303226281201	0.8857783477158658	0.03285192245679188	0.005886759099861203	0.01840142396715021	0.028868514497518743	LP	0.8857783477158658	8	False	1	LP	0	1	0	0	0	0	True
(☕❄️)	5	-41.64422836303711	5	-34.20573844909668	5	-50.926873779296876	5	-45.524967193603516	5	-44.4381706237793	5	-42.73854293823242	0.0005876830313022722	0.9991674428854604	5.4669042734308676e-08	1.2127176302395864e-05	3.595418465211886e-05	0.0001967380532400288	LP	0.9991674428854604	7	False	1	LP	0	1	0	0	0	0	True
(☕️´▽`☕️)	5	-39.363851165771486	5	-37.40084228515625	5	-50.48153228759766	5	-52.90983428955078	5	-48.038117218017575	5	-48.9907844543457	0.1231379498585879	0.876830894504182	1.8282869355298778e-06	1.612301269988851e-07	2.104776749404908e-05	8.118352673625883e-06	LP	0.876830894504182	12	False	1	LP	0	1	0	0	0	0	True
(☕️‿‿‿)	5	-69.1772689819336	5	-62.25162353515625	5	-65.72323303222656	5	-66.60012969970703	5	-67.70243530273437	5	-66.80447463989258	0.0009268390232101033	0.9435695384916194	0.02931386369347355	0.012196681423090019	0.0040505727756631645	0.009942504592943706	LP	0.9435695384916194	11	False	2	LP	0	2	0	0	0	0	True
(☕️‿☕️)	5	-59.49134063720703	5	-51.15982284545898	5	-64.33056945800782	5	-62.35206069946289	5	-62.808468627929685	5	-58.318328857421875	0.0002405552686597625	0.9989576478718125	1.9035509246741702e-06	1.3766385786945224e-05	8.721767215700348e-06	0.00077740515560041	LP	0.9989576478718125	10	False	1	LP	0	1	0	0	0	0	True
(☕️☁️)	5	-44.60681838989258	5	-33.88818588256836	5	-46.51179504394531	5	-50.86797866821289	5	-43.94125213623047	5	-44.84698486328125	2.212685728061241e-05	0.9999140853080825	3.2930542519972e-06	4.22408234143558e-08	4.304983447503254e-05	1.7402705086327954e-05	LP	0.9999140853080825	8	False	1	LP	0	1	0	0	0	0	True
(☞ﾟヮﾟ)	5	-29.278887939453124	5	-19.312227630615233	5	-27.32690315246582	5	-26.22635498046875	5	-21.80894241333008	5	-11.729356575012208	2.388338197735511e-08	0.0005088167500576294	1.6820234502500247e-07	5.055848415761661e-07	4.190365897467564e-05	0.9994485819203992	NB	0.9994485819203992	10	True	0		0	0	0	0	0	0	
(✧ω✧)	5	-25.466854095458984	5	-13.059911727905273	5	-30.507661819458008	5	-24.764277267456055	5	-16.64152240753174	5	-17.29238395690918	3.923880689248381e-06	0.9593617546210985	2.5381706317889375e-08	7.92211300539297e-06	0.02669983925018216	0.013926534753318424	LP	0.9593617546210985	7	True	3	HP	2	0	0	0	1	0	False
(✿◠‿◠)	5	-12.666535758972168	5	-12.49053134918213	5	-16.517921257019044	5	-14.998745727539063	5	-12.275171089172364	5	-9.10735731124878	0.02569102900009379	0.030635095839652498	0.0005459414009699885	0.002494109860611781	0.037996974366379145	0.9026368495322928	NB	0.9026368495322928	10	True	44	LP	8	29	0	0	2	5	False
(✿・̀ㅁ・́)	5	-40.731807708740234	5	-38.8845718383789	5	-42.79672393798828	5	-39.68366622924805	5	-38.456905364990234	5	-36.30890731811523	0.009672484419908938	0.061345453890136334	0.0012267507012028488	0.027589263028320033	0.09408395675207798	0.8060820912083538	NB	0.8060820912083538	10	True	0		0	0	0	0	0	0	
(❁´‿`❁)	5	-27.41810302734375	5	-23.954253005981446	5	-31.858187866210937	5	-27.1695987701416	5	-19.879865646362305	5	-24.38967628479004	0.0005172197176199628	0.016519847095555328	6.100574402471386e-06	0.0006631306483813894	0.9716055136747709	0.010688188289270097	LN	0.9716055136747709	10	False	2	LP	0	2	0	0	0	0	False
(・	5	-12.778652381896972	5	-9.53356876373291	5	-15.793177795410156	5	-12.077433395385743	5	-8.617925691604615	5	-6.968454456329345	0.002344487794005922	0.06016859698679486	0.00011504194704608454	0.00472697725377453	0.1503241020627307	0.7823207939556478	NB	0.7823207939556478	2	True	0		0	0	0	0	0	0	
(・_・)	5	-25.338766860961915	5	-21.07078628540039	5	-22.450715637207033	5	-18.790565299987794	5	-13.748847389221192	5	-12.680255889892578	2.362836931305843e-06	0.00016865303584480905	4.243248439944353e-05	0.0016492312473324127	0.25519480110087356	0.7429425192946185	NB	0.7429425192946185	5	True	25	NB	0	0	0	0	0	25	True
(・_・;)	5	-24.788767623901368	5	-25.520786666870116	5	-17.450715637207033	5	-14.86556568145752	5	-10.548846817016601	5	-16.180255699157716	6.426305310703169e-07	3.090647847678395e-07	0.0009881817764105666	0.013108506122455765	0.98238197200694	0.0035203883988779183	LN	0.98238197200694	5	True	33	NB	0	0	0	10	1	22	False
(・_・?)	5	-33.58876724243164	5	-31.59578628540039	5	-31.025714874267578	5	-26.440565872192384	5	-22.14884662628174	5	-20.930256271362303	2.446896577066854e-06	1.7953794321387422e-05	3.1749370124262284e-05	0.003112003122311351	0.22746260597488127	0.7693732408417846	NB	0.7693732408417846	5	True	1	NB	0	0	0	0	0	1	True
(・_・ヾ	5	-32.511145401000974	5	-32.687125778198244	5	-23.13658027648926	5	-19.02478656768799	5	-14.717255592346191	5	-23.73528594970703	1.8461028394714188e-08	1.5482054201018418e-08	0.00021755937078561465	0.013283334604013403	0.9863795183263618	0.00011955375575650698	LN	0.9863795183263618	6	True	0		0	0	0	0	0	0	
(・̀.̫・́)	5	-44.876870727539064	5	-44.57404556274414	5	-46.638973236083984	5	-43.085853576660156	5	-40.531018829345705	5	-40.08887481689453	0.004860523287464003	0.006579582340462237	0.0008344717374399827	0.029141499424037445	0.37502699221769287	0.5835569309929034	NB	0.5835569309929034	9	True	0		0	0	0	0	0	0	
(・̀ω・́)	5	-27.978244400024415	5	-23.605480194091797	5	-31.26948776245117	5	-27.042878341674804	5	-22.81360626220703	5	-19.580794525146484	0.00021305777725495251	0.01688747648094318	7.927359635242934e-06	0.0005429023350628784	0.03727959934140949	0.9450690367056942	NB	0.9450690367056942	7	True	7	NB	0	0	0	1	0	6	True
(・̀‿-)	5	-49.486036682128905	5	-53.16477584838867	5	-52.06611328125	5	-46.43471832275391	5	-42.80283126831055	5	-48.34113464355469	0.0012132063383389034	3.063927963597609e-05	9.192246051246885e-05	0.02565106472940131	0.9692011108728997	0.0038120563192116977	LN	0.9692011108728997	6	True	0		0	0	0	0	0	0	
(・̀‿・́)	5	-34.95356788635254	5	-35.45233993530273	5	-33.79043045043945	5	-31.51612968444824	5	-26.515628814697266	5	-30.77687339782715	0.00021186035681053196	0.00012865769036975655	0.000677944074981829	0.006590375230490488	0.9785884302428315	0.013802732404515966	LN	0.9785884302428315	8	True	6	NB	0	0	0	0	0	6	False
(・̀ㅁ・́;)	5	-45.5153564453125	5	-44.16998825073242	5	-44.139505004882814	5	-40.68270721435547	5	-35.160972595214844	5	-40.58545761108398	3.157853870259352e-05	0.0001212489572113087	0.00012500192976599764	0.003964468058651734	0.9913883217837275	0.0043693807319408196	LN	0.9913883217837275	8	True	0		0	0	0	0	0	0	
(・́⌓・̀)	5	-50.43717651367187	5	-50.78443298339844	5	-47.246873474121095	5	-49.94986343383789	5	-48.43271102905273	5	-43.83184280395508	0.001291857936028186	0.0009128579220901409	0.031386707718792234	0.002103062303966889	0.009588331853395266	0.9547171822657272	NB	0.9547171822657272	9	True	0		0	0	0	0	0	0	
(・ω<)	5	-24.981704330444337	5	-24.705099487304686	5	-30.225471115112306	5	-27.359807586669923	5	-26.71978187561035	5	-22.834785079956056	0.0896783672819087	0.11825394823487655	0.0004735313250694719	0.008315542186299946	0.01577067223285218	0.7675079387389933	NB	0.7675079387389933	5	True	0		0	0	0	0	0	0	
(・ω・)	5	-28.87931098937988	5	-18.722886276245116	5	-34.59025344848633	5	-33.72902984619141	5	-32.99868469238281	5	-18.328114700317382	1.5629832725063345e-05	0.4025627061323354	5.17277434865263e-08	1.2239063606018524e-07	2.5405810944209446e-07	0.5974212358584505	NB	0.5974212358584505	5	True	3	NB	0	0	0	0	0	3	True
(・ө・)	5	-38.540689849853514	5	-32.91057357788086	5	-50.344991302490236	5	-46.933423614501955	5	-42.71730422973633	5	-32.50577812194824	0.0014337492382688955	0.39957805591868156	1.071347144903568e-08	3.2475454521350573e-07	2.2008610370687868e-05	0.5989658507646621	NB	0.5989658507646621	6	False	3	NB	0	0	0	0	0	3	True
(・‿・)	5	-23.145635223388673	5	-17.903959846496583	5	-29.880812454223634	5	-27.884810638427734	5	-21.855176734924317	5	-15.922332000732421	0.00063912416909194	0.1207858147739945	7.59512516237341e-07	5.589687254520746e-06	0.002322866452296991	0.8762458454048458	NB	0.8762458454048458	6	True	2	NB	0	0	0	0	0	2	True
(・∀・)	5	-17.45500068664551	5	-12.217014980316161	5	-26.203855514526367	5	-24.289417266845703	5	-20.685083198547364	5	-9.867657661437988	0.0004624501147186082	0.08707493923581527	7.336442478464293e-08	4.976402318022303e-07	1.829186049420918e-05	0.9124437477843153	NB	0.9124437477843153	6	True	16	NB	0	0	0	0	0	16	True
(・﹏・)	5	-25.943145751953125	5	-23.345587539672852	5	-19.883425140380858	5	-23.944018173217774	5	-18.44207763671875	5	-21.334164810180663	0.00042365238882913854	0.005690033949338535	0.1814315801754934	0.003127661438549601	0.7668000815836036	0.0425269904641857	LN	0.7668000815836036	7	True	0		0	0	0	0	0	0	
(ーー;)	5	-20.65555591583252	5	-14.731352615356446	5	-15.832472610473634	5	-15.513555717468261	5	-10.769176483154297	5	-13.315004920959472	4.571910324842483e-05	0.017098046996229042	0.0056850746099721934	0.00782059895337543	0.8988717613760379	0.07047879896113708	LN	0.8988717613760379	4	True	0		0	0	0	0	0	0	
(灬°‿°灬)	5	-35.34262619018555	5	-33.22421455383301	5	-28.613666152954103	5	-30.15086097717285	5	-25.789106369018555	5	-32.658752822875975	6.607534104452315e-05	0.0005496090780365726	0.05525729568084402	0.011879397010845979	0.9312801678146689	0.0009674550745600391	LN	0.9312801678146689	10	True	0		0	0	0	0	0	0	
(ꈍ‿ꈍ)	5	-48.17418594360352	5	-45.91200485229492	5	-39.94446716308594	5	-42.77025527954102	5	-37.205796813964845	5	-45.812496185302734	1.612764323261744e-05	0.00015489010445781303	0.06049122251933316	0.003584826783006185	0.9355818369967702	0.00017109595319980442	LN	0.9355818369967702	10	False	1	HP	1	0	0	0	0	0	False
(꒪_꒪ʃ)	5	-57.0321647644043	5	-54.879862213134764	5	-49.04350967407227	5	-52.895257568359376	5	-46.744580841064455	5	-57.89111404418945	3.0877819760798884e-05	0.00026569277772563724	0.0910071368543819	0.0019332258569876636	0.9067499866323723	1.3080058771825665e-05	LN	0.9067499866323723	11	False	1	HN-D	0	0	1	0	0	0	False
(꒪_꒪✿)	5	-37.70100135803223	5	-36.41849822998047	5	-31.393013763427735	5	-33.98272171020508	5	-27.729413986206055	5	-38.71247940063476	4.544515671755801e-05	0.00016385950439197941	0.024946625628431623	0.0018720435111486894	0.9729554986571776	1.6527542132735503e-05	LN	0.9729554986571776	11	False	1	HN-D	0	0	1	0	0	0	False
(﹏-)	5	-41.05647277832031	5	-37.635240936279295	5	-37.45678939819336	5	-39.59300765991211	5	-37.938933563232425	5	-40.886715698242185	0.010385252708441494	0.31786241536058296	0.3799615909424649	0.04487370145374722	0.23461033902312572	0.012306700511637729	HN-D	0.3799615909424649	5	False	1	HN-S	0	0	0	1	0	0	False
(＾▽＾)	5	-13.644472122192383	5	-8.949143409729004	5	-22.9695556640625	5	-17.877718353271483	5	-16.352166748046876	5	-8.526529312133789	0.003603505654603277	0.39434883162077405	3.2128679951641033e-07	5.226966650575484e-05	0.00024031914665656275	0.6017547526246608	NB	0.6017547526246608	6	True	1	LN	0	0	0	0	1	0	False
(＾・ω・＾)	5	-21.64817008972168	5	-17.195748710632323	5	-27.005245208740234	5	-22.589043426513673	5	-22.54091796875	5	-15.774617767333984	0.002256578960192432	0.19369239561879764	1.0639038273147487e-05	0.0008807130594522702	0.0009241342302797498	0.8022355390930048	NB	0.8022355390930048	7	True	4	NB	0	0	0	0	0	4	True
(｡>﹏<｡)	5	-24.079500579833983	5	-24.7906551361084	5	-18.714815521240233	5	-23.469194412231445	5	-16.549546241760254	5	-22.544717025756835	0.0004796814748495046	0.00023556048883735734	0.10251940207210779	0.0008830911802507501	0.8936563887424271	0.002225876041527397	LN	0.8936563887424271	11	False	5	HN-S	0	0	0	5	0	0	False
(｡´꒳`｡)	5	-33.1506290435791	5	-32.26234092712402	5	-29.864111328125	5	-34.67246856689453	5	-27.07574577331543	5	-30.893634033203124	0.002106363313054599	0.005120494562421396	0.056344274405263996	0.0004598400298575928	0.9158441263172435	0.020124901372158773	LN	0.9158441263172435	11	True	0		0	0	0	0	0	0	
(｡˃‿˂)	5	-28.76010208129883	5	-28.34052505493164	5	-32.15839805603027	5	-36.361183166503906	5	-29.84746742248535	5	-27.0034122467041	0.11513335112662187	0.17515443280715295	0.0038489294968055737	5.7556393596060965e-05	0.03881185302854707	0.6669938771472764	NB	0.6669938771472764	10	False	10	HP	10	0	0	0	0	0	False
(｡‿‿‿｡)	5	-60.4829345703125	5	-46.94687271118164	5	-43.94617462158203	5	-55.016543579101565	5	-43.499951171875	5	-50.85377883911133	2.5177289040793925e-08	0.019039079084703234	0.38267717567247594	5.957065963471826e-06	0.5978950280117593	0.00038273498780908456	LN	0.5978950280117593	12	False	17	LP	0	17	0	0	0	0	False
(｡╯︵╰｡)	5	-27.65735321044922	5	-24.218107223510742	5	-21.054434967041015	5	-26.50731506347656	5	-17.6294921875	5	-22.428651428222658	4.235871949873901e-05	0.0013200439073820054	0.0312286910028711	0.0001337821108696427	0.9593730855196326	0.007902038739745924	LN	0.9593730855196326	12	True	27	LN	0	0	0	0	27	0	True
(｡◕‿◕｡)	5	-18.448271179199217	5	-18.656975936889648	5	-17.33608512878418	5	-22.66546630859375	5	-13.883534812927246	5	-16.52273235321045	0.009279580761117942	0.00753163094622837	0.028219194984179297	0.00013678037246497618	0.8911856217383937	0.06364719119761571	LN	0.8911856217383937	12	True	99	NB	0	9	0	0	0	90	False
(｡◕◕｡)	5	-55.800924682617186	5	-56.295989227294925	5	-53.37082977294922	5	-59.9119255065918	5	-50.973533630371094	5	-55.13119659423828	0.007151832350281174	0.004359267557991701	0.08124453084832278	0.000117228269060722	0.893154563107376	0.013972577866967623	LN	0.893154563107376	10	True	0		0	0	0	0	0	0	
(｡♡‿♡｡)	5	-22.224916076660158	5	-20.497390365600587	5	-23.761951065063478	5	-26.815408325195314	5	-19.705088424682618	5	-21.56132698059082	0.047125167176733346	0.265159863963714	0.010132744453109535	0.00047821968727831715	0.5855987600572651	0.0915052446618997	LN	0.5855987600572651	12	False	2	HP	2	0	0	0	0	0	False
(｡♥‿♥｡)	5	-18.39994010925293	5	-13.89374885559082	5	-22.38797073364258	5	-24.673808288574218	5	-15.901258277893067	5	-15.386852645874024	0.008057162058353249	0.7297869529234183	0.00014934902960230122	1.5187132028568963e-05	0.09802702676196151	0.16396432209463607	LP	0.7297869529234183	10	True	64	LP	8	50	0	0	2	4	True
(｡・̀‿-)	5	-56.43620147705078	5	-50.45087585449219	5	-54.5552375793457	5	-56.112100982666014	5	-48.911930084228516	5	-49.68240051269531	0.00032089658338526727	0.12757306313394556	0.0021050253710260033	0.00044373138715366096	0.594449052814995	0.27510823070949453	LN	0.594449052814995	8	True	9	NB	0	1	0	0	0	8	False
(｡・̀‿・́｡)	5	-42.03449249267578	5	-34.964996337890625	5	-39.20858154296875	5	-38.99408645629883	5	-33.334693908691406	5	-36.031907653808595	0.00013122460934592234	0.15426182266239863	0.0022145873781400567	0.002744396475410737	0.7875711652254932	0.05307680364921152	LN	0.7875711652254932	12	True	0		0	0	0	0	0	0	
(｡・́⌒・̀｡)	5	-53.326979064941405	5	-48.97394027709961	5	-52.93715057373047	5	-53.45541687011719	5	-47.77966156005859	5	-47.858778381347655	0.0017401829870573658	0.13523703593339503	0.0025697760727451686	0.0015304357021275522	0.44644123430463634	0.4124813350000385	LN	0.44644123430463634	13	True	0		0	0	0	0	0	0	
(｡・́︿・̀｡)	5	-35.866630172729494	5	-31.525553512573243	5	-33.86343078613281	5	-35.55538482666016	5	-29.203794479370117	5	-30.278718185424804	0.0008798845962717378	0.06756648928119326	0.006522350818160349	0.0012011516745729137	0.6887450494084123	0.2350850742213895	LN	0.6887450494084123	12	True	227	LN	3	1	11	65	145	2	True
(｡・ω・｡)	5	-25.840615844726564	5	-17.83671646118164	5	-24.505733489990234	5	-27.080176162719727	5	-19.541240310668947	5	-18.398771286010742	0.00019055533334888205	0.5702567629554861	0.0007240243112527309	5.5167957141629784e-05	0.10370630058900993	0.3250671888537609	LP	0.5702567629554861	9	True	5	LP	0	5	0	0	0	0	True
(｡・ㅅ・｡)	5	-35.70711898803711	5	-28.251097106933592	5	-37.264930725097656	5	-37.57553367614746	5	-31.503921127319337	5	-28.18415756225586	0.0002740811814330151	0.47422929394465846	5.772051221769562e-05	4.2309415798764036e-05	0.018336010750594284	0.5070605841952976	NB	0.5070605841952976	10	False	2	LP	0	2	0	0	0	0	False
(ﾉ>ω<)	5	-20.06219539642334	5	-21.936531829833985	5	-22.86982841491699	5	-24.515753173828124	5	-15.851318168640137	5	-20.8739990234375	0.014474890619735954	0.0022212698425997626	0.0008735258541045499	0.0001684456201312818	0.9758341997907958	0.006427668272632673	LN	0.9758341997907958	7	False	53	HP	52	0	0	0	0	1	False
(ﾉωﾉ)	5	-30.933287048339842	5	-30.36267967224121	5	-36.641997528076175	5	-36.1584716796875	5	-25.895417404174804	5	-27.333588790893554	0.005167784533685216	0.009143575022531972	1.714126770909142e-05	2.7799407870494607e-05	0.7965689703500329	0.18907472941817013	LN	0.7965689703500329	7	True	0		0	0	0	0	0	0	
(ﾉ≧▽≦�	5	-60.437574768066405	5	-63.61485366821289	5	-67.28993225097656	5	-67.8395751953125	5	-59.08699493408203	5	-61.50426177978515	0.1905787185256996	0.007946935873670336	0.00020143427024113555	0.00011625896753263667	0.7355695990718685	0.0655870532909879	LN	0.7355695990718685	10	False	1	HP	1	0	0	0	0	0	False
(ﾉ◕ヮ◕)	5	-12.844657707214356	5	-20.48409538269043	5	-23.15469970703125	5	-24.38879737854004	5	-14.89236660003662	5	-17.24494457244873	0.8757885753635948	0.0004213409287562803	2.916116880014881e-05	8.488737773595604e-06	0.11300316381229682	0.010749269988778296	HP	0.8757885753635948	10	True	138	HP	81	21	4	4	9	19	True
(￣^￣)	5	-20.59157829284668	5	-18.399883270263672	5	-20.543271255493163	5	-21.91114921569824	5	-19.079092025756836	5	-16.395123863220213	0.0121572532610999	0.10881193123245031	0.012758950243866344	0.003249025304450378	0.05516960871891279	0.8078532312392204	NB	0.8078532312392204	7	True	0		0	0	0	0	0	0	
(￣~￣;)	5	-37.90872497558594	5	-38.6414909362793	5	-31.097717666625975	5	-32.56420669555664	5	-30.676447677612305	5	-34.82988815307617	0.0003962240361622876	0.00019041651146389045	0.35968614406185195	0.08299188236740199	0.5481241531634771	0.008611179859642909	LN	0.5481241531634771	7	True	0		0	0	0	0	0	0	
(￣ω￣)	5	-29.496596908569337	5	-28.612396240234375	5	-29.67148666381836	5	-31.949272537231444	5	-29.210055923461915	5	-24.328755187988282	0.0055183359960603836	0.013360158518425574	0.004632916621442575	0.00047492458127955655	0.0073493902453141404	0.9686642740374777	NB	0.9686642740374777	7	True	1	LP	0	1	0	0	0	0	False
(￣▽￣)	5	-14.579291152954102	5	-12.691900634765625	5	-14.45664710998535	5	-16.587202072143555	5	-11.993112564086914	5	-10.630064582824707	0.013506028039534575	0.08916839185780932	0.015268320865218087	0.0018134392638192828	0.17934560456544923	0.7008982154081695	NB	0.7008982154081695	8	True	12	NB	0	2	0	1	4	5	True
(￣▽￣;)	5	-30.30429000854492	5	-34.2294002532959	5	-28.681647491455077	5	-29.02470169067383	5	-29.155612564086915	5	-32.5550651550293	0.0772755932464306	0.0015254171601916434	0.391513768016353	0.2778180722057941	0.24372867272270324	0.008138476648527397	HN-D	0.391513768016353	8	True	2	LN	0	0	0	0	2	0	False
(￣へ￣)	5	-29.101771545410156	5	-25.01801986694336	5	-26.288962173461915	5	-28.712295150756837	5	-25.725222015380858	5	-22.904687881469727	0.001669214021434926	0.09909753312683778	0.02780350916649621	0.0024641064933624435	0.048857231377317574	0.820108405814551	NB	0.820108405814551	8	True	0		0	0	0	0	0	0	
(￣ヘ￣)	5	-28.50909423828125	5	-26.17772331237793	5	-31.41167297363281	5	-31.403124618530274	5	-28.707733154296875	5	-22.60204162597656	0.002632665566973979	0.027095503250159053	0.0001444846682888852	0.00014572506867834231	0.0021583800003554822	0.9678232414455442	NB	0.9678232414455442	8	True	2	HN-S	0	0	0	1	1	0	False
(￣ヘ￣;)	5	-26.57563896179199	5	-25.63412094116211	5	-25.808600234985352	5	-26.604296493530274	5	-25.276935958862303	5	-23.791873931884766	0.037688398152849516	0.0966281712372374	0.08115744493165448	0.03662367078247188	0.1381106684026429	0.6097916464931439	NB	0.6097916464931439	8	True	0		0	0	0	0	0	0	
(￣ー￣;)	5	-25.631594085693358	5	-25.989166259765625	5	-17.908016967773438	5	-20.303702545166015	5	-17.201604080200195	5	-23.290705490112305	0.0001416113591734139	9.90390507244549e-05	0.3201879724151503	0.029172388416581332	0.6489275808329823	0.0014714079253882503	LN	0.6489275808329823	7	True	0		0	0	0	0	0	0	
(🌤️✨)	5	-60.2396842956543	5	-57.442498779296876	5	-67.38777694702148	5	-51.90910186767578	5	-52.034532165527345	5	-60.69427719116211	0.00012776900132735155	0.0020952108522460963	1.00472753773618e-07	0.5300922804222417	0.46760354346043065	8.109579100047098e-05	HN-S	0.5300922804222417	8	False	1	LP	0	1	0	0	0	0	False
(🌸´▽`🌸)	5	-67.02865371704101	5	-62.7940315246582	5	-84.87674102783203	5	-72.92602081298828	5	-61.88725891113281	5	-78.7192169189453	0.004149508509254329	0.286463774924613	7.356493031408212e-11	1.1397318161785928e-05	0.7093752844328256	3.474158039228184e-08	LN	0.7093752844328256	12	False	1	LP	0	1	0	0	0	0	False
(🌿✨)	5	-49.481241607666014	5	-33.612755966186526	5	-51.71530990600586	5	-50.46460876464844	5	-41.32157897949219	5	-50.503649139404295	1.2829486026611048e-07	0.9995511158511512	1.3739335349146153e-08	4.798862739462169e-08	0.00044864797479266005	4.615123304535494e-08	LP	0.9995511158511512	7	False	3	LP	0	3	0	0	0	0	True
(🍋✨)	5	-58.10813598632812	5	-56.95510559082031	5	-73.921337890625	5	-69.04147567749024	5	-65.13400955200196	5	-73.4064811706543	0.23988381146027551	0.7598986603241904	3.253978000039333e-08	4.2826427115811255e-06	0.00021315858101625206	5.445202620181551e-08	LP	0.7598986603241904	7	False	1	LP	0	1	0	0	0	0	True
(🐾‿🐾)	5	-68.90413436889648	5	-75.90009918212891	5	-81.42701568603516	5	-73.99864654541015	5	-79.13713073730469	5	-70.94620742797852	0.879627463723361	0.000805359649258162	3.2039116150321473e-06	0.005392377081343226	3.16347877025634e-05	0.11413996084672003	HP	0.879627463723361	10	False	1	LP	0	1	0	0	0	0	False
(👀)	5	-41.853877258300784	5	-28.016819763183594	5	-37.702110290527344	5	-32.03927154541016	5	-37.2126823425293	5	-20.80736198425293	7.232487392173292e-10	0.0007390016382473814	4.595969834009983e-08	1.323478188745754e-05	7.497785756093362e-08	0.9992476419190606	NB	0.9992476419190606	5	False	2	NB	0	0	0	0	0	2	True
(👀_👀)	5	-52.107173919677734	5	-46.08831100463867	5	-56.467586517333984	5	-48.462799835205075	5	-53.19118881225586	5	-41.242182922363284	1.89525889441987e-05	0.007791615175558772	2.420836247464817e-07	0.000725103661792201	6.410425499875697e-06	0.9914576760645802	NB	0.9914576760645802	9	False	1	NB	0	0	0	0	0	1	True
(👀📻)	5	-82.08016510009766	5	-76.3991195678711	5	-94.66920318603516	5	-70.40966491699218	5	-79.47604522705078	5	-72.74093017578124	7.766972234105131e-06	0.0022777102631966703	2.647902437652917e-11	0.9092547597842395	0.00010500419351766707	0.08835475876033314	HN-S	0.9092547597842395	8	False	1	NB	0	0	0	0	0	1	False
(📚)	5	-52.40113906860351	5	-42.258364868164065	5	-48.15906677246094	5	-45.3899284362793	5	-38.91649856567383	5	-33.53924217224121	6.401861989737234e-09	0.00016265116335606979	4.452612462314556e-07	7.09964112709698e-06	0.004598447878841887	0.9952313496535667	NB	0.9952313496535667	5	False	1	NB	0	0	0	0	0	1	True
(🔥´∀`)	5	-73.47596282958985	5	-68.73475036621093	5	-83.61416015625	5	-84.13592681884765	5	-73.96283569335938	5	-85.46220550537109	0.00860676691124941	0.9861033902581474	3.403117044106445e-07	2.019651812929487e-07	0.005289246939374445	5.361434303323287e-08	LP	0.9861033902581474	8	False	1	LP	0	1	0	0	0	0	True
(🛀⁎‿⁎)	5	-83.39631805419921	5	-70.915380859375	5	-102.12985382080078	5	-95.10901489257813	5	-80.1226593017578	5	-76.7979019165039	3.787422403497181e-06	0.9971164852977062	2.7699538528815387e-14	3.1015882211282984e-11	0.00010001742647357687	0.0027797098223733604	LP	0.9971164852977062	11	False	1	LP	0	1	0	0	0	0	True
(🛀🌿)	5	-82.17896423339843	5	-61.98766098022461	5	-101.60341796875	5	-91.73407592773438	5	-75.76092376708985	5	-76.172607421875	1.7022669245579628e-09	0.9999982640236182	6.238707000112e-18	1.205855803739862e-13	1.043151098987687e-06	6.911228952926224e-07	LP	0.9999982640236182	8	False	1	LP	0	1	0	0	0	0	True
(🛁✨)	5	-65.34468002319336	5	-54.758574676513675	5	-80.80178375244141	5	-68.76023788452149	5	-60.332176208496094	5	-63.32218627929687	2.516362351379709e-05	0.9960022414077333	4.8734702922822805e-12	8.268281365987313e-07	0.003781602932677801	0.00019016520306526594	LP	0.9960022414077333	7	False	1	LP	0	1	0	0	0	0	True
(🥰)	5	-34.603091430664065	5	-22.1151065826416	5	-49.18798065185547	5	-38.57247467041016	5	-35.271627807617186	5	-29.597182846069337	3.7695551940314056e-06	0.9994314605690165	1.7464381057290387e-12	7.118834050578271e-08	1.931738996872823e-06	0.0005627669467054459	LP	0.9994314605690165	5	False	1	LP	0	1	0	0	0	0	True
(🥺💧)	5	-70.24119491577149	5	-60.96343231201172	5	-73.32579956054687	5	-57.98237991333008	5	-58.78186264038086	5	-70.04449005126953	3.1614245754345764e-06	0.0338192465776065	1.4462922162430754e-07	0.666528210118656	0.2996453885800502	3.8486698901362045e-06	HN-S	0.666528210118656	7	False	1	HP	1	0	0	0	0	0	False
(🧶´・ω・`)	5	-89.49169311523437	5	-78.65810699462891	5	-82.14903259277344	5	-78.09643096923828	5	-77.76533813476563	5	-89.82903289794922	3.7745411364294196e-06	0.1913510432049025	0.005830974071279029	0.3355549368018535	0.46725657761799416	2.6937628343062588e-06	LN	0.46725657761799416	9	False	1	LP	0	1	0	0	0	0	False
٩(｡・́‿・̀｡)۶	5	-30.495286178588866	5	-31.687485122680663	5	-26.64683418273926	5	-26.603373718261718	5	-28.69208335876465	5	-31.40997772216797	0.00964337470656244	0.0029272756452152493	0.45247074834344636	0.47256891161300435	0.058526166245334556	0.003863523446436993	HN-S	0.47256891161300435	16	True	0		0	0	0	0	0	0	
ヽ(	5	-8.496709632873536	5	-9.33102855682373	5	-7.596096515655518	5	-7.222546005249024	5	-7.418528938293457	5	-7.064254379272461	0.06849648200594524	0.029739123319051083	0.16857748632582917	0.24492352378408744	0.20133356923277168	0.28692981533231543	NB	0.28692981533231543	3	True	0		0	0	0	0	0	0	
ヽ(>∀<☆)ノ	5	-38.85829391479492	5	-43.08699111938476	5	-47.897119140625	5	-49.19947509765625	5	-44.31311264038086	5	-44.8128776550293	0.9788644342986779	0.014263387718724888	0.0001162012047711533	3.159400082991518e-05	0.004185283458673432	0.0025390993183228845	HP	0.9788644342986779	11	True	0		0	0	0	0	0	0	
ヽ(´∀`)ノ	5	-29.469761276245116	5	-30.582912826538085	5	-34.302222442626956	5	-32.088381958007815	5	-29.351239013671876	5	-30.900605773925783	0.3604472491219424	0.1184148419309531	0.0028716433239585376	0.026277812114310108	0.40580302493163545	0.08618542857720042	LN	0.40580302493163545	9	True	0		0	0	0	0	0	0	
ヽ(´∀`)ﾉ	5	-27.746416091918945	5	-31.02248611450195	5	-34.93917694091797	5	-32.80027084350586	5	-30.66424102783203	5	-31.778245162963866	0.8954907780374036	0.033828441080385456	0.0006734180787351662	0.005717417238816488	0.048402283260759474	0.01588766230389971	HP	0.8954907780374036	9	True	0		0	0	0	0	0	0	
ヾ(≧▽≦)	5	-14.070267677307129	5	-15.615577125549317	5	-23.49164924621582	5	-25.400830459594726	5	-18.6317195892334	5	-15.821307945251466	0.7156254709914415	0.1526041779100541	5.7947107508605425e-05	8.58785882796104e-06	0.007476053404075559	0.12422776272809215	HP	0.7156254709914415	10	True	0		0	0	0	0	0	0	
＼(^	5	-10.762144756317138	5	-9.628052139282227	5	-10.341029930114747	5	-11.333872032165527	5	-10.020211791992187	5	-6.969850063323975	0.018991684729887465	0.059032837366300356	0.028936855624959974	0.010721745423311483	0.03988236323150061	0.8424345136240401	NB	0.8424345136240401	3	True	0		0	0	0	0	0	0	
