first_word	ensemble_pred	ensemble_conf	majority_pred	vote_strength	n_encoders_voting	empirical	total_emit_count	is_claude	ensemble_p_HP	ensemble_p_LP	ensemble_p_HN-D	ensemble_p_HN-S	ensemble_p_LN	ensemble_p_NB	gemma_pred	gemma_conf	gpt_oss_20b_pred	gpt_oss_20b_conf	granite_pred	granite_conf	ministral_pred	ministral_conf	qwen_pred	qwen_conf	rinna_bilingual_4b_jpfull_pred	rinna_bilingual_4b_jpfull_conf	rinna_jp_3_6b_jp_pred	rinna_jp_3_6b_jp_conf	rinna_jp_3_6b_jpfull_pred	rinna_jp_3_6b_jpfull_conf	claude_modal_n
(	LN	0.1994		2-2-2-1-1	8		0	False	0.1423	0.1777	0.157	0.152	0.1994	0.1716	LP	0.167	HN-S	0.174	LN	0.481	NB	0.177	HN-D	0.17	HN-D	0.277	NB	0.232	LN	0.215	0
(((;°д°)))	HN-S	0.3638	HN-S	5-1-1-1	8	HN-S	2	True	0.1747	0.0593	0.152	0.3638	0.182	0.0682	HN-S	0.973	HN-D	0.332	LN	0.777	HN-S	0.389	HN-S	0.429	HN-S	0.341	HP	0.622	HN-S	0.31	2
(((o(*°▽°*)o)))	HP	0.4732	HP	5-1-1-1	8		0	True	0.4732	0.1359	0.0633	0.1351	0.0971	0.0954	HN-S	0.64	HP	0.441	LP	0.635	HP	0.904	LN	0.401	HP	0.943	HP	0.514	HP	0.509	0
((⊂(`ω´∩)	HN-S	0.2185		2-2-1-1-1-1	8		0	False	0.1801	0.1887	0.1248	0.2185	0.1427	0.1452	HN-S	0.812	LP	0.271	LP	0.599	NB	0.425	LN	0.419	HN-D	0.37	HP	0.683	HN-D	0.359	0
((✿◕‿◕))	HP	0.2939		2-2-2-1-1	8		0	False	0.2939	0.0962	0.1209	0.1461	0.0876	0.2553	HN-S	0.543	HP	0.445	NB	0.906	NB	0.404	LN	0.382	HN-D	0.338	HP	0.671	HN-D	0.39	0
(-_-;)	LN	0.2604		3-2-2-1	8		0	False	0.0894	0.0678	0.2561	0.2348	0.2604	0.0914	HN-S	0.895	HN-S	0.305	LN	0.79	HN-D	0.295	LN	0.392	HN-D	0.575	HP	0.479	HN-D	0.604	0
(-‸–)	LN	0.2675		3-2-2-1	8		0	False	0.0768	0.2264	0.216	0.0736	0.2675	0.1398	LN	0.924	LP	0.254	LP	0.729	LP	0.534	LN	0.38	HN-D	0.738	HP	0.453	HN-D	0.627	0
(..)	NB	0.2695		3-2-1-1-1	8		0	False	0.0894	0.1255	0.1115	0.1667	0.2374	0.2695	NB	0.399	NB	0.224	NB	0.567	LN	0.265	HN-S	0.514	HN-D	0.317	LP	0.26	LN	0.298	0
(._.)	LN	0.2726		4-2-1-1	8		0	False	0.0845	0.1051	0.1571	0.2509	0.2726	0.1299	LN	0.73	LN	0.337	HN-S	0.872	LN	0.323	HN-S	0.207	HN-D	0.413	HP	0.318	LN	0.327	0
(/≧▽≦)	LP	0.2309		3-2-1-1-1	8		0	False	0.2275	0.2309	0.1858	0.0799	0.1083	0.1676	HN-D	0.743	HP	0.262	LP	0.911	HP	0.45	LN	0.339	HP	0.627	NB	0.399	NB	0.258	0
(/▽＼)	NB	0.1921		2-2-2-1-1	8		0	False	0.1873	0.1437	0.1885	0.1075	0.181	0.1921	NB	0.34	LN	0.214	LN	0.432	LP	0.235	NB	0.277	HN-D	0.359	HP	0.454	HN-D	0.334	0
(;'ω';)	LN	0.3193		3-2-1-1-1	8		0	False	0.1629	0.0712	0.176	0.1755	0.3193	0.095	HN-S	0.537	LN	0.313	LN	0.863	LN	0.66	LP	0.252	HN-D	0.514	HP	0.315	HP	0.301	0
(;;)	HN-S	0.2661		3-2-2-1	8		0	False	0.1073	0.1278	0.126	0.2661	0.2485	0.1244	HN-S	0.971	HN-S	0.285	LN	0.799	NB	0.357	HN-S	0.219	HN-D	0.268	NB	0.212	LN	0.389	0
(;;_;;)	HN-S	0.3733		4-3-1	8		0	False	0.1206	0.0641	0.1262	0.3733	0.2638	0.0519	HN-S	0.869	LN	0.321	HN-S	0.543	LN	0.549	HN-S	0.255	HN-S	0.639	HP	0.421	LN	0.382	0
(;_;)	LN	0.4368	LN	6-1-1	8		0	False	0.0789	0.0902	0.0891	0.2085	0.4368	0.0966	LN	0.547	NB	0.281	LN	0.959	LN	0.507	LN	0.361	LN	0.278	HP	0.272	LN	0.511	0
(;`ﾉωﾉ´)	LN	0.2463		2-2-2-2	8		0	False	0.2004	0.0629	0.1991	0.2295	0.2463	0.0619	HN-S	0.996	HP	0.272	LN	0.951	HN-S	0.357	LN	0.56	HN-D	0.874	HP	0.804	HN-D	0.388	0
(;´д`)	LN	0.3326		3-2-2-1	8		0	False	0.0858	0.0805	0.2325	0.1715	0.3326	0.0971	HN-D	0.451	HN-S	0.215	LN	0.809	LN	0.564	HN-S	0.311	HN-D	0.567	HP	0.311	LN	0.38	0
(;´༎ຶд༎ຶ`)	LN	0.3707		4-2-1-1	8		0	False	0.1095	0.0359	0.1416	0.2455	0.3707	0.0968	HN-S	0.476	LN	0.208	LN	0.989	LN	0.515	LN	0.413	HN-D	0.397	NB	0.458	HN-S	0.319	0
(;´∀`)	LN	0.2773		3-2-2-1	8		0	False	0.1657	0.1461	0.082	0.0795	0.2773	0.2494	NB	0.985	NB	0.205	LN	0.946	LN	0.361	LN	0.403	LP	0.463	HP	0.39	HP	0.235	0
(;´꒳`)	LN	0.3029	LN	5-1-1-1	8		0	False	0.1267	0.0663	0.1752	0.143	0.3029	0.186	NB	0.805	LN	0.216	LN	0.8	LN	0.54	LN	0.335	HN-D	0.609	HP	0.518	LN	0.368	0
(;ω;)	LN	0.2571		3-2-1-1-1	8		0	False	0.0984	0.1454	0.1358	0.2391	0.2571	0.1242	HN-S	0.769	LP	0.296	LP	0.54	LN	0.343	LN	0.483	HN-D	0.471	NB	0.339	LN	0.456	0
(;д;)	LN	0.3262		4-1-1-1-1	8		0	False	0.0771	0.0854	0.1296	0.2776	0.3262	0.1042	HN-S	0.969	NB	0.261	LN	0.977	LN	0.445	LN	0.387	HN-D	0.386	HP	0.234	LN	0.367	0
(;′⌒`)	LN	0.3199		3-2-2-1	8		0	False	0.1012	0.0424	0.248	0.2111	0.3199	0.0774	HN-S	0.49	LN	0.231	LN	0.98	HN-S	0.369	LN	0.53	HN-D	0.529	HP	0.333	HN-D	0.456	0
(;⁎_⁎)	HN-S	0.3029		2-2-2-1-1	8		0	False	0.1119	0.0645	0.1866	0.3029	0.2473	0.0869	HN-S	0.809	LP	0.237	LN	0.72	HN-S	0.578	LN	0.512	HN-D	0.364	HP	0.463	HN-D	0.41	0
(;╹⌓╹)	LN	0.3052		3-2-2-1	8		0	True	0.087	0.0673	0.1978	0.265	0.3052	0.0776	HN-S	0.92	HP	0.234	LN	0.813	LN	0.421	LN	0.544	HN-D	0.596	HP	0.322	HN-D	0.308	0
(;へ:)	LN	0.3187		3-2-1-1-1	8		0	False	0.1092	0.0967	0.181	0.2089	0.3187	0.0856	HN-D	0.451	LP	0.283	LN	0.886	HN-S	0.342	LN	0.38	HN-D	0.393	HP	0.309	LN	0.515	0
(;・`O・´)	HP	0.2169		2-2-2-1-1	8		0	False	0.2169	0.2086	0.0932	0.2016	0.1747	0.1049	HN-S	0.86	NB	0.283	LP	0.871	LN	0.401	LN	0.604	HP	0.728	HP	0.442	LP	0.252	0
(;・∀・)	NB	0.2955		2-2-2-2	8		0	False	0.1389	0.2435	0.076	0.0795	0.1667	0.2955	NB	0.986	LP	0.304	LP	0.908	LN	0.362	LN	0.519	HP	0.309	NB	0.292	HP	0.26	0
(;一_一)	LN	0.2903		2-2-1-1-1-1	8		0	False	0.1385	0.077	0.1489	0.2494	0.2903	0.096	HN-S	0.642	NB	0.265	LN	0.808	HN-S	0.604	LN	0.463	LP	0.214	HP	0.686	HN-D	0.404	0
(;︵;)	LN	0.4203		4-2-1-1	8		0	True	0.0686	0.0675	0.1457	0.2034	0.4203	0.0945	LN	0.803	LN	0.254	LN	0.959	HN-S	0.456	LN	0.532	HN-D	0.355	HP	0.239	HN-S	0.326	0
(;﹏;)	LN	0.3932	LN	5-1-1-1	8		0	False	0.0739	0.0812	0.1336	0.2458	0.3932	0.0722	HN-S	0.831	HN-D	0.242	LN	0.871	LN	0.558	LN	0.428	LN	0.278	HP	0.272	LN	0.511	0
(;￣д￣)	LN	0.2661		3-2-2-1	8		0	False	0.0828	0.0964	0.2432	0.2141	0.2661	0.0974	HN-S	0.734	NB	0.203	LN	0.685	LN	0.559	LN	0.476	HN-D	0.764	NB	0.422	HN-D	0.592	0
(=^-^=)	NB	0.2551		2-2-2-1-1	8		0	False	0.1442	0.2438	0.1103	0.0737	0.1727	0.2551	LN	0.646	LP	0.286	NB	0.65	LP	0.389	HP	0.23	HN-D	0.305	HP	0.254	NB	0.403	0
(=^-ω-^=)	NB	0.2704		4-2-1-1	8		0	False	0.1662	0.2148	0.0945	0.068	0.1861	0.2704	LN	0.642	NB	0.231	LP	0.453	HP	0.582	HP	0.227	NB	0.58	NB	0.26	NB	0.431	0
(=^-ω^-=)	LN	0.2543		2-2-1-1-1-1	8		0	False	0.1811	0.1849	0.0897	0.0862	0.2543	0.2038	LN	0.908	LP	0.3	NB	0.5	HP	0.447	HN-S	0.266	HP	0.546	HN-D	0.239	NB	0.398	0
(=^_^=)	LP	0.2687		3-2-1-1-1	8		0	False	0.203	0.2687	0.0912	0.0823	0.1135	0.2413	LN	0.306	LP	0.264	LP	0.702	LP	0.404	HP	0.267	HN-D	0.359	HP	0.267	NB	0.51	0
(=^・^=)	LP	0.3011		3-3-2	8		0	False	0.1904	0.3011	0.0926	0.0603	0.0845	0.2711	HP	0.472	LP	0.252	LP	0.841	LP	0.585	NB	0.204	NB	0.365	HP	0.362	NB	0.363	0
(=^・ω・^=)	LP	0.3342		4-2-1-1	8		0	False	0.1927	0.3342	0.144	0.0653	0.095	0.1688	HN-D	0.47	NB	0.219	LP	0.922	LP	0.703	LP	0.235	HN-D	0.324	HP	0.34	LP	0.299	0
(=^・ｪ・^=)	LP	0.3332		4-3-1	8		0	False	0.2031	0.3332	0.1193	0.0614	0.0999	0.1831	HP	0.563	LP	0.216	LP	0.952	LP	0.737	HP	0.258	HN-D	0.34	HP	0.354	LP	0.279	0
(=`ω´=)	HN-D	0.2962		3-2-2-1	8		0	False	0.1833	0.2034	0.2962	0.0849	0.0987	0.1333	HN-D	0.986	HN-S	0.253	LP	0.633	LP	0.299	HP	0.224	HN-D	0.647	HP	0.544	HN-D	0.251	0
(=ↀωↀ=)	HN-D	0.2278		2-2-1-1-1-1	8		0	False	0.1669	0.1188	0.2278	0.1198	0.2198	0.1469	HN-D	0.696	HN-S	0.254	LN	0.823	LP	0.392	HP	0.226	HP	0.497	NB	0.452	HN-D	0.406	0
(=⌒‿‿⌒=)	NB	0.2712		3-3-1-1	8		0	False	0.1155	0.1887	0.1141	0.0825	0.2281	0.2712	LN	0.911	LP	0.386	NB	0.972	LP	0.648	LP	0.313	NB	0.338	NB	0.391	HN-D	0.42	0
(>^_^)	HP	0.3504		4-1-1-1-1	8		0	False	0.3504	0.1964	0.1145	0.0842	0.125	0.1295	HP	0.999	HN-S	0.202	LP	0.575	HP	0.41	HP	0.217	HP	0.621	NB	0.256	HN-D	0.27	0
(>_<)	LN	0.2614		2-2-2-1-1	8		0	False	0.1445	0.0521	0.2121	0.2441	0.2614	0.0858	HN-S	0.831	HN-D	0.456	LN	0.91	HN-D	0.32	HN-S	0.201	HP	0.417	NB	0.345	LN	0.416	0
(>_<;)	LN	0.2886		3-2-2-1	8		0	False	0.12	0.0466	0.2053	0.2715	0.2886	0.0679	HN-S	0.966	HN-S	0.469	LN	0.927	LN	0.521	HN-S	0.197	HN-D	0.373	HP	0.308	HN-D	0.48	0
(>ω<)	HP	0.3484		3-2-1-1-1	8		0	False	0.3484	0.0945	0.1047	0.0865	0.2575	0.1084	HP	0.981	HN-D	0.357	LN	0.979	LP	0.317	NB	0.218	HP	0.793	HP	0.371	LN	0.326	0
(>ω<*	HP	0.4236	HP	5-1-1-1	8		0	False	0.4236	0.0998	0.072	0.091	0.2323	0.0813	HP	1.0	HN-S	0.373	LN	0.963	HP	0.422	LP	0.22	HP	0.87	HP	0.508	HP	0.312	0
(>‿◠)	HP	0.2927		4-2-1-1	8		0	False	0.2927	0.0968	0.1398	0.1052	0.2506	0.115	HP	0.985	HN-D	0.254	LN	0.938	HP	0.338	NB	0.185	HP	0.287	HP	0.451	HN-D	0.535	0
(>‿◼︵◼<)	HP	0.2428		2-2-2-1-1	8		0	False	0.2428	0.1195	0.1446	0.1253	0.2176	0.1502	HP	0.993	HN-S	0.271	LN	0.791	LN	0.266	HN-S	0.226	NB	0.387	NB	0.401	HN-D	0.595	0
(>∀<☆)	HP	0.4832	HP	5-1-1-1	8		0	True	0.4832	0.1066	0.0707	0.0958	0.1269	0.1168	HP	1.0	HN-S	0.281	LN	0.411	LP	0.376	HP	0.218	HP	0.818	HP	0.561	HP	0.663	0
(>﹏<)	LN	0.2699		3-2-1-1-1	8		0	True	0.144	0.0637	0.1847	0.2407	0.2699	0.097	HN-S	0.928	HN-D	0.424	LN	0.912	LN	0.283	NB	0.209	HP	0.417	NB	0.345	LN	0.416	0
(>﹏<｡)	LN	0.2381		2-2-2-1-1	8		0	False	0.1849	0.067	0.2118	0.2148	0.2381	0.0834	HP	0.5	HN-S	0.373	LN	0.684	LN	0.302	NB	0.228	HN-D	0.399	HP	0.439	HN-D	0.551	0
(O_O)	NB	0.2117		2-2-2-1-1	8		0	False	0.2031	0.0583	0.1998	0.1736	0.1535	0.2117	NB	0.666	HN-S	0.345	LN	0.635	HN-S	0.347	HP	0.463	HN-D	0.675	NB	0.492	HP	0.347	0
(OwO)	HP	0.2606		3-2-1-1-1	8		0	False	0.2606	0.1293	0.0862	0.1035	0.1749	0.2456	NB	0.861	HN-S	0.327	LN	0.801	HP	0.337	HP	0.572	HP	0.609	NB	0.451	LP	0.291	0
(T-T)	LN	0.348	LN	5-1-1-1	8		0	False	0.1778	0.0595	0.1622	0.1604	0.348	0.0921	HP	0.516	LN	0.274	LN	0.995	LN	0.291	LN	0.497	HN-D	0.422	NB	0.368	LN	0.306	0
(T^T)	LN	0.3008		3-3-2	8		0	False	0.2561	0.0877	0.0884	0.0793	0.3008	0.1877	NB	0.533	NB	0.372	LN	0.999	NB	0.311	LN	0.447	HP	0.47	HP	0.286	HP	0.338	0
(T_T)	LN	0.3796	LN	6-1-1	8		0	False	0.1206	0.0465	0.1622	0.2089	0.3796	0.0822	HN-S	0.727	LN	0.282	LN	1.0	LN	0.237	LN	0.532	LN	0.368	HP	0.29	LN	0.374	0
(T▽T)	HP	0.3159		3-3-1-1	8		0	False	0.3159	0.1274	0.0793	0.0803	0.2946	0.1025	HP	0.996	NB	0.202	LN	0.999	LP	0.46	LN	0.61	HP	0.272	HP	0.574	LN	0.319	0
(^	NB	0.4184	NB	6-1-1	8		0	False	0.1491	0.23	0.0865	0.0424	0.0737	0.4184	NB	0.762	NB	0.28	NB	0.556	NB	0.462	NB	0.552	HN-D	0.412	NB	0.331	HP	0.306	0
(^-^)	NB	0.4546	NB	5-2-1	8		0	False	0.141	0.2441	0.0665	0.036	0.0578	0.4546	NB	0.977	NB	0.337	LP	0.528	NB	0.405	NB	0.721	HN-D	0.342	NB	0.344	LP	0.353	0
(^.^)	NB	0.384		4-3-1	8		0	False	0.1197	0.3017	0.0747	0.0467	0.0732	0.384	NB	0.777	NB	0.275	LP	0.704	LP	0.388	NB	0.641	HN-D	0.313	NB	0.313	LP	0.348	0
(^^)	NB	0.4609	NB	6-1-1	8		0	False	0.1493	0.2217	0.0768	0.0374	0.0539	0.4609	NB	0.958	HP	0.263	NB	0.59	NB	0.52	NB	0.495	HN-D	0.447	NB	0.339	NB	0.381	0
(^_^)	NB	0.5375	NB	7-1	8		0	False	0.1143	0.1713	0.08	0.0307	0.0663	0.5375	NB	0.962	NB	0.404	NB	0.912	NB	0.493	NB	0.551	HN-D	0.484	NB	0.401	NB	0.423	0
(^_^;)	LN	0.3262		4-3-1	8		0	False	0.0511	0.0825	0.1775	0.1184	0.3262	0.2442	NB	0.704	LN	0.29	LN	0.934	LN	0.671	NB	0.533	HN-D	0.712	NB	0.309	LN	0.297	0
(^_~)	NB	0.4904	NB	7-1	8		0	False	0.0917	0.1665	0.1177	0.0468	0.0869	0.4904	NB	0.982	NB	0.322	NB	0.891	NB	0.403	NB	0.43	HN-D	0.674	NB	0.353	NB	0.458	0
(^_−)	NB	0.4759	NB	7-1	8		0	False	0.1196	0.18	0.0948	0.0442	0.0855	0.4759	NB	0.854	NB	0.277	NB	0.925	NB	0.39	NB	0.453	HN-D	0.434	NB	0.412	NB	0.375	0
(^o^)	NB	0.344		4-3-1	8		0	False	0.2529	0.1867	0.0799	0.0628	0.0738	0.344	HP	0.505	HP	0.36	NB	0.552	NB	0.397	NB	0.57	HN-D	0.37	NB	0.326	HP	0.358	0
(^‿^)	NB	0.3397		4-2-1-1	8		0	False	0.1565	0.3261	0.0934	0.0305	0.0539	0.3397	NB	0.565	NB	0.359	LP	0.81	LP	0.427	NB	0.592	HN-D	0.407	NB	0.343	HP	0.267	0
(^▽^)	NB	0.428		3-2-2-1	8		0	False	0.1763	0.2184	0.0871	0.0303	0.06	0.428	NB	0.8	HP	0.289	NB	0.873	LP	0.391	LP	0.445	HN-D	0.359	NB	0.343	HP	0.267	0
(^・ω・^)	NB	0.4073	NB	5-2-1	8		0	False	0.1423	0.3	0.0563	0.0315	0.0626	0.4073	NB	0.785	NB	0.334	NB	0.53	NB	0.502	LP	0.434	HP	0.274	NB	0.36	LP	0.335	0
(__)	LN	0.2444		3-2-2-1	8		0	False	0.107	0.2248	0.0834	0.12	0.2444	0.2204	LP	0.507	LP	0.245	LP	0.41	HP	0.241	LN	0.522	NB	0.339	NB	0.257	LN	0.343	0
(`_´)	LN	0.3328		3-3-1-1	8		0	False	0.1028	0.0581	0.2683	0.1317	0.3328	0.1063	LN	0.986	HN-S	0.299	HN-D	0.375	LN	0.544	LN	0.291	HN-D	0.956	HP	0.445	HN-D	0.371	0
(`⇧´)	HP	0.2334		3-2-1-1-1	8		0	False	0.2334	0.1199	0.1887	0.1211	0.1215	0.2155	HP	0.783	HN-S	0.271	HP	0.383	NB	0.484	LP	0.242	HN-D	0.769	HP	0.443	HN-D	0.259	0
(`⌒´)	LN	0.2203		3-2-1-1-1	8		0	False	0.1088	0.2129	0.1733	0.1047	0.2203	0.18	LN	0.945	NB	0.236	LP	0.458	LP	0.503	LP	0.286	HN-D	0.769	HP	0.443	HN-D	0.259	0
(`⌒´メ)	HN-D	0.211		2-2-1-1-1-1	8		0	False	0.1106	0.1826	0.211	0.1246	0.2082	0.1631	LN	0.893	HN-S	0.264	NB	0.488	LP	0.482	LN	0.27	HN-D	0.733	HP	0.447	HN-D	0.408	0
(`◇´)	HN-D	0.2254		3-2-1-1-1	8		0	False	0.1261	0.1779	0.2254	0.1742	0.121	0.1754	HN-S	0.624	NB	0.321	LP	0.699	NB	0.524	NB	0.264	HN-D	0.888	HP	0.506	HN-D	0.405	0
(`へ´)	HN-D	0.2581		2-2-2-1-1	8		0	False	0.1447	0.1135	0.2581	0.116	0.1705	0.1971	LN	0.301	HN-S	0.261	NB	0.574	NB	0.389	LN	0.325	HN-D	0.849	HP	0.622	HN-D	0.504	0
(`・ω・´)	NB	0.2145		2-2-1-1-1-1	8		0	False	0.1127	0.2057	0.1893	0.1531	0.1248	0.2145	HN-S	0.499	NB	0.215	LP	0.742	NB	0.399	LN	0.272	HN-D	0.757	HP	0.396	HN-D	0.203	0
(o>ω<o)	HP	0.4099	HP	5-1-1-1	8		0	False	0.4099	0.0807	0.0628	0.0736	0.2126	0.1603	HP	0.558	HN-D	0.27	LN	0.994	HP	0.803	HP	0.264	HP	0.978	NB	0.311	HP	0.305	0
(o^^o)	HP	0.3172		4-2-2	8		0	False	0.3172	0.1409	0.0388	0.053	0.1971	0.253	NB	0.929	HP	0.317	LN	0.868	HP	0.357	NB	0.364	HP	0.793	LN	0.264	HP	0.51	0
(o^_^o)	NB	0.2835		4-2-1-1	8		0	False	0.2783	0.1614	0.0415	0.0468	0.1885	0.2835	NB	0.995	NB	0.245	LN	0.915	LP	0.546	HP	0.415	HP	0.805	HP	0.256	HP	0.405	0
(o^▽^o)	HP	0.3332		4-2-1-1	8		0	False	0.3332	0.1746	0.0314	0.0416	0.1569	0.2623	NB	0.708	HP	0.312	LN	0.653	LP	0.346	HP	0.339	HP	0.941	HP	0.227	NB	0.306	0
(o_o)	LN	0.2465		2-2-2-1-1	8		0	False	0.1688	0.0611	0.1603	0.2229	0.2465	0.1404	HN-S	0.75	HN-S	0.302	LN	0.887	HN-D	0.307	HP	0.37	HP	0.324	NB	0.261	LN	0.376	0
(o°ω°o)	HP	0.3428	HP	5-1-1-1	8		0	False	0.3428	0.0837	0.0731	0.1352	0.2233	0.1419	HP	0.594	HN-S	0.246	LN	0.984	HP	0.239	NB	0.401	HP	0.695	HP	0.395	HP	0.422	0
(~^▽^)~	HP	0.2869		3-3-1-1	8		0	False	0.2869	0.2068	0.0893	0.0692	0.0895	0.2582	HP	0.778	HP	0.246	NB	0.679	LP	0.583	HN-S	0.246	HP	0.514	NB	0.36	NB	0.22	0
( *▽)	HP	0.335		3-2-2-1	8		0	False	0.335	0.1918	0.1565	0.0635	0.0868	0.1664	HP	0.991	LP	0.356	LP	0.702	HP	0.414	NB	0.247	HN-D	0.499	HP	0.661	HN-D	0.474	0
(¬_¬)	HN-D	0.3132		3-2-2-1	8		0	False	0.1167	0.0418	0.3132	0.1516	0.187	0.1898	NB	0.616	HN-D	0.298	LN	0.406	LN	0.339	NB	0.219	HN-D	0.627	HP	0.595	LN	0.318	0
(¬‿¬)	NB	0.2906		3-2-2-1	8	NB	2	True	0.1253	0.0943	0.1561	0.1213	0.2125	0.2906	NB	0.988	HN-D	0.261	LN	0.74	LN	0.265	NB	0.199	NB	0.373	HP	0.533	HN-D	0.271	2
(¬､¬)	LN	0.2419		3-2-1-1-1	8		0	False	0.1255	0.0593	0.2363	0.1263	0.2419	0.2107	NB	0.896	HN-D	0.297	LN	0.823	LN	0.337	HN-S	0.233	HN-D	0.686	HP	0.658	LN	0.277	0
(¯`·._.·(¯)	NB	0.2853		3-2-1-1-1	8		0	False	0.1148	0.1618	0.2376	0.1037	0.0968	0.2853	NB	0.999	LN	0.325	LP	0.47	LP	0.448	LP	0.256	HN-D	0.661	HP	0.524	HN-D	0.704	0
(¯`·._.·(¯)___)	NB	0.2378		3-2-1-1-1	8		0	False	0.1343	0.1595	0.2214	0.1449	0.1021	0.2378	NB	0.997	LN	0.292	LP	0.483	LP	0.414	LP	0.272	HN-D	0.517	HP	0.575	HN-D	0.771	0
(¯`・.¸)	NB	0.335		2-2-2-1-1	8		0	False	0.1414	0.1575	0.18	0.1071	0.079	0.335	NB	0.992	LN	0.314	NB	0.649	LP	0.464	HP	0.236	HN-D	0.543	HP	0.713	HN-D	0.572	0
(¯`・.｡)	NB	0.3291		3-2-2-1	8		0	False	0.1579	0.1942	0.1657	0.0706	0.0826	0.3291	NB	0.992	NB	0.277	LP	0.624	NB	0.485	HP	0.261	HN-D	0.536	HP	0.693	HN-D	0.503	0
(¯▽¯)	NB	0.2831		2-2-2-1-1	8		0	False	0.2199	0.1395	0.14	0.0738	0.1437	0.2831	NB	0.987	LN	0.303	LP	0.34	NB	0.301	LP	0.224	HP	0.609	HP	0.612	HN-D	0.537	0
(¯︎_¯︎)	LN	0.2741		2-2-2-1-1	8		0	False	0.1136	0.0627	0.1733	0.1539	0.2741	0.2225	NB	0.999	NB	0.251	LN	0.699	LN	0.756	LP	0.221	HN-D	0.57	HP	0.591	HN-D	0.415	0
(¯︵¯)	LN	0.2548		4-1-1-1-1	8		0	False	0.088	0.0786	0.199	0.1439	0.2548	0.2357	NB	0.776	LN	0.322	LN	0.67	LN	0.528	LP	0.278	HN-D	0.575	HP	0.384	LN	0.33	0
(¯︿¯)	LN	0.2185		3-2-1-1-1	8		0	False	0.1316	0.0631	0.2097	0.1885	0.2185	0.1885	NB	0.774	LN	0.313	LN	0.525	LN	0.473	HN-S	0.216	HN-D	0.485	HP	0.733	HN-D	0.35	0
(¯﹏¯)	HN-D	0.2679		3-2-1-1-1	8		0	False	0.1096	0.0465	0.2679	0.1834	0.2413	0.1513	NB	0.593	LN	0.38	LN	0.738	HN-D	0.438	HN-S	0.232	HN-D	0.57	HP	0.591	HN-D	0.415	0
(°_°;)	HN-S	0.3169		3-2-2-1	8		0	False	0.1012	0.0414	0.1972	0.3169	0.2282	0.115	HN-S	0.809	HN-S	0.375	LN	0.555	HN-D	0.414	HN-D	0.204	HN-S	0.275	NB	0.402	LN	0.337	0
(°д°)	HN-S	0.2409		3-2-2-1	8		0	False	0.1529	0.09	0.1154	0.2409	0.2308	0.17	HN-S	0.823	HN-S	0.427	LN	0.939	NB	0.28	HP	0.224	HP	0.476	NB	0.433	NB	0.236	0
(°д°;)	HN-S	0.2951		3-2-1-1-1	8		0	False	0.1326	0.0506	0.1737	0.2951	0.2504	0.0976	HN-S	0.836	HN-S	0.449	LN	0.982	HN-D	0.367	HP	0.209	HN-S	0.431	NB	0.373	LN	0.237	0
(°□°)	HN-S	0.2355		4-2-1-1	8		0	False	0.2244	0.0913	0.1335	0.2355	0.1676	0.1477	HN-S	0.805	HN-S	0.382	LN	0.663	HN-D	0.276	HP	0.253	HP	0.654	HP	0.46	HP	0.298	0
(°□°;)	HN-S	0.2741		4-2-1-1	8	HN-S	2	True	0.2059	0.05	0.1711	0.2741	0.2212	0.0778	HN-S	0.987	HN-S	0.456	LN	0.976	HN-D	0.536	HP	0.218	HP	0.656	HP	0.44	HP	0.291	2
(°△°)	HN-S	0.2547		3-2-2-1	8		0	False	0.1278	0.0649	0.1468	0.2547	0.2317	0.1741	HN-S	0.809	HN-S	0.369	LN	0.983	NB	0.254	NB	0.208	HP	0.308	NB	0.42	LN	0.3	0
(°▽°)	NB	0.2776		4-2-2	8		0	False	0.267	0.1393	0.0679	0.0762	0.172	0.2776	NB	0.529	HP	0.278	LN	0.641	NB	0.445	HP	0.266	HP	0.542	HP	0.394	LN	0.291	0
(°◇°)	NB	0.27		4-2-1-1	8		0	False	0.2335	0.1381	0.0775	0.1292	0.1515	0.27	NB	0.716	HN-S	0.289	LN	0.615	NB	0.499	HP	0.234	HP	0.556	HP	0.499	HP	0.379	0
(°〇°)	NB	0.2065		3-2-2-1	8	HP	4	True	0.1944	0.1197	0.0921	0.2035	0.1837	0.2065	HN-S	0.646	HN-S	0.381	LN	0.742	NB	0.394	HP	0.212	HP	0.495	HP	0.379	NB	0.321	4
(°ロ°)	HP	0.2538		4-2-1-1	8		0	False	0.2538	0.1147	0.0924	0.2223	0.1792	0.1375	HN-S	0.977	HN-S	0.258	LN	0.809	NB	0.371	HP	0.309	HP	0.418	HP	0.534	HP	0.564	0
(°ヮ°)	HP	0.2718		4-2-2	8		0	False	0.2718	0.1929	0.0656	0.0733	0.1255	0.2708	NB	0.954	NB	0.228	LP	0.575	LP	0.437	HP	0.247	HP	0.753	HP	0.396	HP	0.592	0
(°ー°ll)	HN-S	0.1861		2-2-2-1-1	8		0	False	0.1548	0.18	0.1462	0.1861	0.1708	0.1621	HN-S	0.602	HN-S	0.326	LP	0.488	NB	0.514	HP	0.285	LP	0.317	HP	0.544	LN	0.372	0
(°ー°|||)	HN-S	0.239		2-2-2-1-1	8		0	False	0.1582	0.1075	0.1422	0.239	0.2241	0.1292	HN-S	0.951	HN-S	0.36	LN	0.617	NB	0.244	HP	0.235	HN-D	0.3	HP	0.49	LN	0.366	0
(°ー°〃)	NB	0.2211		3-2-2-1	8		0	False	0.1526	0.14	0.1233	0.1596	0.2034	0.2211	NB	0.563	HN-S	0.324	LN	0.675	NB	0.327	HP	0.232	HP	0.284	HP	0.355	LN	0.262	0
(´	LN	0.302		4-2-1-1	8		0	False	0.122	0.1841	0.1203	0.1592	0.302	0.1124	LN	0.491	HN-D	0.211	LN	0.755	LN	0.295	LP	0.226	HN-S	0.328	LP	0.244	LN	0.279	0
(´-`)	LN	0.2614		2-2-2-2	8	LN	6	True	0.0782	0.2121	0.1117	0.1158	0.2614	0.2208	LN	0.908	LN	0.398	NB	0.674	LP	0.294	HN-S	0.193	HN-S	0.297	NB	0.298	LP	0.357	6
(´-ω-`)	LN	0.3646	LN	5-2-1	8		0	True	0.0866	0.1639	0.1096	0.1517	0.3646	0.1237	LN	0.991	LN	0.351	LN	0.466	LN	0.268	LP	0.258	HN-S	0.394	LP	0.272	LN	0.373	0
(´-﹏-`;)	LN	0.377	LN	5-2-1	8		0	True	0.0666	0.0844	0.2162	0.1857	0.377	0.07	LN	0.492	LN	0.417	LN	0.831	HN-D	0.33	LN	0.217	HN-D	0.564	HP	0.293	LN	0.503	0
(´;ω;`)	LN	0.3975	LN	5-2-1	8	LN	2	True	0.1765	0.0635	0.1478	0.1762	0.3975	0.0386	LN	0.988	LN	0.337	LN	0.568	LN	0.626	HN-S	0.232	HP	0.427	HP	0.334	LN	0.308	2
(´_ゝ`)	LN	0.2483		2-2-2-1-1	8		0	False	0.0952	0.1213	0.1497	0.2091	0.2483	0.1765	LN	0.826	LN	0.261	HN-S	0.677	NB	0.386	LP	0.182	HN-S	0.339	HP	0.3	NB	0.248	0
(´`;ω;´)	LN	0.275		3-2-2-1	8		0	False	0.232	0.0965	0.2094	0.1517	0.275	0.0354	LN	0.787	HN-S	0.334	HP	0.848	LN	0.61	HN-S	0.206	HN-D	0.573	HP	0.411	HN-S	0.325	0
(´°̥̥̥̥̥̥	LN	0.2576		3-2-1-1-1	8		0	True	0.1041	0.2047	0.1933	0.1575	0.2576	0.0828	LN	0.931	HN-D	0.33	LP	0.907	LN	0.35	HN-S	0.204	HN-D	0.307	HP	0.246	HN-D	0.277	0
(´°ω°`)	HN-D	0.266		2-2-2-1-1	8		0	False	0.1447	0.2331	0.266	0.1522	0.0974	0.1066	HN-D	0.87	HN-S	0.334	LP	0.913	HN-D	0.323	HP	0.234	HN-S	0.353	NB	0.283	LP	0.308	0
(´·_·`)	LN	0.2782		3-2-1-1-1	8		0	False	0.0553	0.1558	0.2187	0.1808	0.2782	0.1112	LN	0.574	LN	0.297	LP	0.537	HN-D	0.45	HN-S	0.209	HN-D	0.487	NB	0.228	LN	0.482	0
(´˘`)	LP	0.3026		3-3-1-1	8		0	True	0.1691	0.3026	0.101	0.0844	0.1295	0.2133	LP	0.855	LP	0.368	NB	0.802	HP	0.503	HP	0.216	LP	0.438	HP	0.325	HN-D	0.418	0
(´ω`	LP	0.433	LP	7-1	8		0	False	0.1637	0.433	0.0618	0.0653	0.1159	0.1604	LP	0.782	LP	0.419	LP	0.646	HP	0.328	LP	0.287	LP	0.405	LP	0.278	LP	0.369	0
(´ω`)	LP	0.4563	LP	7-1	8		0	False	0.1307	0.4563	0.0572	0.0612	0.1215	0.1731	LP	0.765	LP	0.468	LP	0.775	NB	0.286	LP	0.289	LP	0.398	LP	0.276	LP	0.402	0
(´д`)	LN	0.2825		4-3-1	8		0	False	0.1157	0.1235	0.1466	0.2211	0.2825	0.1106	LN	0.916	HN-S	0.403	HN-S	0.331	LN	0.331	HN-S	0.232	HN-S	0.424	HP	0.262	LN	0.223	0
(´д`;)	LN	0.2656		3-2-1-1-1	8		0	False	0.1241	0.1126	0.2225	0.2034	0.2656	0.0718	LN	0.796	HN-S	0.403	LN	0.333	HN-D	0.316	HP	0.249	HN-D	0.426	LP	0.29	HN-D	0.304	0
(´ུ`っ)	LN	0.2438		2-2-2-1-1	8		0	False	0.1324	0.1484	0.2315	0.1755	0.2438	0.0685	LN	0.524	HN-S	0.331	LP	0.676	LN	0.6	HN-S	0.224	HN-D	0.528	HP	0.542	HN-D	0.508	0
(´∀`)	LP	0.3561		4-2-1-1	8		0	True	0.2349	0.3561	0.0344	0.03	0.1597	0.1849	LN	0.889	HP	0.342	LP	0.79	NB	0.329	LP	0.307	LP	0.473	HP	0.333	LP	0.396	0
(´∀`;)	LN	0.2799		2-2-2-1-1	8		0	False	0.1704	0.2289	0.1072	0.0763	0.2799	0.1373	LN	0.99	LP	0.343	LN	0.446	NB	0.381	HP	0.285	LP	0.356	HP	0.31	HN-D	0.251	0
(´∇`)	LP	0.3615		3-2-2-1	8		0	False	0.2066	0.3615	0.0968	0.0631	0.0842	0.1878	LP	0.794	LP	0.483	NB	0.497	NB	0.327	HP	0.265	HP	0.511	HP	0.221	HN-D	0.514	0
(´□`)	HN-D	0.2668		2-2-2-1-1	8		0	False	0.1492	0.1228	0.2668	0.2043	0.1526	0.1044	HN-D	0.916	LN	0.262	HN-S	0.515	HN-D	0.48	LP	0.197	HN-S	0.298	HP	0.405	HP	0.229	0
(´▽`)	LP	0.3817		4-3-1	8		0	True	0.2449	0.3817	0.0954	0.0628	0.099	0.1164	LP	0.563	HP	0.436	LP	0.806	HP	0.405	LP	0.352	LP	0.451	HP	0.221	HN-D	0.514	0
(´▽`;)	LN	0.2657		3-2-2-1	8		0	False	0.1521	0.2465	0.1526	0.0866	0.2657	0.0966	LN	0.93	LP	0.418	LN	0.467	HP	0.273	LP	0.267	LP	0.527	HP	0.335	HN-D	0.649	0
(´▽`ʃ♡ƪ)	LP	0.4308	LP	5-2-1	8		0	False	0.2049	0.4308	0.1035	0.0464	0.0657	0.1487	LP	0.97	HP	0.367	LP	0.948	LP	0.379	LP	0.349	LP	0.369	HP	0.518	HN-D	0.508	0
(´▿`;)	HN-S	0.2716		3-3-1-1	8		0	False	0.1258	0.1296	0.2324	0.2716	0.1705	0.0701	LN	0.514	HP	0.255	HN-S	0.962	HN-D	0.365	HP	0.219	HN-D	0.44	HP	0.335	HN-D	0.649	0
(´◕ω◕`)	HP	0.3138	HP	5-1-1-1	8		0	False	0.3138	0.2217	0.0827	0.159	0.1243	0.0985	HP	0.588	HP	0.372	LP	0.876	HP	0.317	HP	0.216	HN-S	0.689	HP	0.648	LN	0.345	0
(´◕‸◕`;)	HN-D	0.2452		2-2-1-1-1-1	8		0	False	0.1177	0.2088	0.2452	0.133	0.1988	0.0965	LN	0.68	NB	0.464	LP	0.905	LN	0.355	HN-S	0.227	HN-D	0.44	HP	0.335	HN-D	0.649	0
(´◕‿◕`;)	LP	0.2085		3-1-1-1-1-1	8		0	False	0.1652	0.2085	0.174	0.1573	0.2003	0.0946	LN	0.847	NB	0.371	LP	0.976	HP	0.408	HP	0.234	HN-S	0.664	HP	0.335	HN-D	0.649	0
(´ヘ`;)	LN	0.3728	LN	5-1-1-1	8		0	False	0.1034	0.0865	0.2064	0.1545	0.3728	0.0765	LN	0.961	HN-S	0.309	LN	0.832	LN	0.339	LN	0.187	HN-D	0.628	HP	0.271	LN	0.307	0
(´・_・`)	LN	0.266		3-2-1-1-1	8	LN	3	True	0.0613	0.0919	0.2332	0.256	0.266	0.0915	HN-D	0.653	LN	0.312	LN	0.652	HN-D	0.41	NB	0.194	HN-S	0.474	LP	0.227	LN	0.373	3
(´・̥̥̥ω・̥̥�	LN	0.3422		4-3-1	8		0	False	0.0897	0.0961	0.2201	0.1703	0.3422	0.0816	HN-D	0.579	LP	0.349	LN	0.843	LN	0.521	HN-D	0.257	HN-D	0.422	LN	0.312	LN	0.314	0
(´・̥ω・̥`)	LN	0.4022	LN	6-1-1	8		0	True	0.1044	0.0886	0.1238	0.1809	0.4022	0.1001	LN	0.938	LN	0.255	LN	0.775	LN	0.359	LP	0.215	HN-D	0.24	LN	0.293	LN	0.273	0
(´・ω・)	NB	0.325		4-3-1	8		0	False	0.1057	0.1993	0.0959	0.1095	0.1646	0.325	NB	0.984	LP	0.252	LP	0.409	NB	0.323	LP	0.22	HN-S	0.267	NB	0.321	NB	0.332	0
(´・ω・`)	LN	0.2772		4-2-1-1	8		0	False	0.1017	0.1379	0.1247	0.1754	0.2772	0.183	NB	0.382	LN	0.208	LN	0.733	LN	0.264	LP	0.238	HN-S	0.345	NB	0.274	LN	0.288	0
(´・‿・`)	NB	0.241		3-3-1-1	8		0	False	0.0951	0.151	0.1284	0.1494	0.2352	0.241	NB	0.98	LP	0.265	LN	0.687	LN	0.348	LP	0.203	LP	0.268	HP	0.242	LN	0.292	0
(´・・)	LN	0.2806		3-2-2-1	8		0	False	0.1019	0.1823	0.082	0.1545	0.2806	0.1988	LN	0.888	LN	0.239	LP	0.345	LN	0.308	LP	0.267	HN-S	0.429	NB	0.306	NB	0.41	0
(´ー`)	LP	0.2852		3-3-1-1	8		0	False	0.076	0.2852	0.0743	0.0915	0.255	0.2179	LN	0.93	HN-S	0.223	NB	0.375	NB	0.293	LP	0.2	LP	0.592	NB	0.351	LP	0.508	0
(´艸`)	LP	0.3075		3-2-2-1	8		0	False	0.2207	0.3075	0.0855	0.0904	0.1437	0.1522	LP	0.737	LN	0.29	LP	0.429	NB	0.224	HP	0.244	HP	0.511	NB	0.36	LP	0.364	0
(´꒳`)	LN	0.2791		2-2-2-1-1	8		0	False	0.0983	0.1888	0.1564	0.1875	0.2791	0.0899	LP	0.585	HN-S	0.298	LN	0.826	LN	0.318	LP	0.221	HN-S	0.512	HP	0.221	HN-D	0.514	0
(´︶`)	LN	0.2783		4-2-1-1	8		0	False	0.094	0.1882	0.1223	0.1556	0.2783	0.1617	LN	0.415	LN	0.318	LN	0.713	LN	0.342	LP	0.249	HN-S	0.387	LP	0.325	NB	0.452	0
(´｡・ω・｡`)	LP	0.308		4-3-1	8		0	True	0.1723	0.308	0.0895	0.1022	0.2066	0.1215	LP	0.876	HP	0.335	LN	0.777	LP	0.258	LP	0.377	HP	0.346	HP	0.241	LP	0.457	0
(´｡・‿・｡`)	LP	0.2379		3-2-2-1	8	LN	3	True	0.2139	0.2379	0.101	0.0894	0.1829	0.1749	HP	0.594	HP	0.303	LN	0.675	LN	0.235	LP	0.266	HP	0.316	HN-D	0.291	LP	0.503	3
(´｡・ﻌ・｡`)	HP	0.2189		2-2-2-1-1	8		0	False	0.2189	0.2171	0.1019	0.1137	0.1713	0.177	HP	0.761	HP	0.281	LN	0.44	LN	0.268	LP	0.293	HN-D	0.372	NB	0.33	LP	0.726	0
(´ｰ`)	LP	0.3201		4-3-1	8		0	False	0.0748	0.3201	0.1691	0.0828	0.1023	0.2509	HN-D	0.816	NB	0.207	NB	0.53	NB	0.352	LP	0.218	LP	0.592	NB	0.351	LP	0.508	0
(ò_ó)	NB	0.2376		3-2-1-1-1	8		0	False	0.1206	0.1404	0.1865	0.1234	0.1915	0.2376	NB	0.588	HN-S	0.217	LN	0.447	NB	0.252	HP	0.239	HN-D	0.263	NB	0.356	LN	0.283	0
(˃˂)	HP	0.237		2-2-2-1-1	8		0	False	0.237	0.1568	0.1557	0.1868	0.1165	0.1471	HN-S	0.807	LP	0.307	HP	0.822	NB	0.406	NB	0.21	HN-D	0.551	HP	0.536	HN-D	0.276	0
(˃᷄⁺˂	HP	0.3138		3-2-2-1	8		0	False	0.3138	0.1476	0.1851	0.0932	0.092	0.1683	HN-D	0.524	LP	0.28	HP	0.792	NB	0.498	LP	0.252	HN-D	0.343	HP	0.684	HN-D	0.345	0
(˃‿˂)	HP	0.4394		4-2-1-1	8		0	False	0.4394	0.1794	0.0911	0.068	0.0882	0.1339	HP	0.995	LP	0.496	HP	0.939	LP	0.441	NB	0.219	HP	0.464	HP	0.536	HN-D	0.276	0
(˃⌑˂)	HP	0.3255		3-2-2-1	8		0	False	0.3255	0.1577	0.1499	0.0932	0.11	0.1637	HP	0.837	LP	0.428	HP	0.653	NB	0.503	NB	0.2	HN-D	0.551	HP	0.536	HN-D	0.276	0
(˃⌑˂ഈ)	HP	0.3764		3-2-2-1	8		0	False	0.3764	0.1484	0.1451	0.0798	0.0981	0.1522	HP	0.994	LP	0.43	HP	0.888	NB	0.461	NB	0.196	HN-D	0.551	HP	0.536	HN-D	0.276	0
(ˆᴥˆ)	NB	0.2827		3-2-2-1	8		0	False	0.2748	0.1601	0.1078	0.0712	0.1033	0.2827	NB	0.948	HP	0.352	HP	0.861	LP	0.371	LP	0.278	NB	0.464	HP	0.536	HN-D	0.276	0
(ˆ‿ˆ)	LP	0.218		2-2-2-1-1	8		0	False	0.1788	0.218	0.1292	0.0703	0.1878	0.2159	NB	0.58	HP	0.352	LN	0.748	LP	0.302	LP	0.233	HN-D	0.535	HP	0.536	HN-D	0.276	0
(ˆ‿ˆс)	LP	0.2291		2-2-2-2	8		0	False	0.1862	0.2291	0.1612	0.0846	0.1907	0.1482	LP	0.616	HP	0.379	LN	0.689	LN	0.437	LP	0.267	HN-D	0.702	HP	0.671	HN-D	0.365	0
(ˆ‿ˆԅ)	LN	0.229		2-2-2-1-1	8		0	False	0.1641	0.2223	0.131	0.0797	0.229	0.1739	LP	0.792	LP	0.345	LN	0.963	LN	0.371	NB	0.219	HN-D	0.507	HP	0.536	HN-D	0.276	0
(ˆ⌒ˆ)	NB	0.2532		4-1-1-1-1	8		0	False	0.1656	0.2059	0.1068	0.0723	0.1962	0.2532	LP	0.505	LP	0.342	LN	0.9	LP	0.31	LP	0.221	NB	0.464	HP	0.536	HN-D	0.276	0
(ˊᗜˋ)	NB	0.2641		3-2-1-1-1	8		0	False	0.1342	0.2534	0.1058	0.1167	0.1258	0.2641	NB	0.844	LP	0.345	LP	0.684	LP	0.391	HN-S	0.221	NB	0.321	HP	0.536	HN-D	0.276	0
(ˊᗜˋ*)و	HP	0.4034		4-3-1	8		0	False	0.4034	0.2366	0.1073	0.0721	0.0821	0.0984	HP	0.999	LP	0.437	LP	0.832	HP	0.339	LP	0.187	HN-D	0.369	HP	0.741	HP	0.474	0
(˘³˘)	LP	0.3399		4-2-1-1	8		0	False	0.148	0.3399	0.1122	0.0909	0.1833	0.1257	LP	0.997	LP	0.349	LP	0.663	LN	0.299	LP	0.249	LN	0.307	HP	0.672	HN-D	0.424	0
(˘̩╭╭˘̩)	LN	0.4122		4-2-1-1	8		0	False	0.1105	0.0904	0.1558	0.1165	0.4122	0.1146	LN	0.975	LN	0.286	LN	0.927	LN	0.517	NB	0.181	NB	0.274	HP	0.613	HN-D	0.548	0
(˘̩╭╮˘̩)	LN	0.3898		4-1-1-1-1	8		0	False	0.1098	0.0916	0.1585	0.128	0.3898	0.1223	LN	0.86	LN	0.292	LN	0.952	LN	0.408	LP	0.194	NB	0.274	HP	0.613	HN-D	0.548	0
(˘̩╭╯˘̩)	LN	0.3764		4-1-1-1-1	8		0	False	0.1102	0.098	0.1605	0.137	0.3764	0.118	LN	0.769	LN	0.302	LN	0.892	LN	0.461	HN-S	0.183	NB	0.274	HP	0.613	HN-D	0.548	0
(˘ω˘)	LP	0.3652		4-3-1	8		0	False	0.1068	0.3652	0.1005	0.0976	0.1937	0.1364	LP	0.984	LP	0.386	LP	0.67	LN	0.281	LP	0.263	LN	0.321	HP	0.479	LN	0.324	0
(˘ڡ˘)	LP	0.3406		4-1-1-1-1	8		0	False	0.1159	0.3406	0.1346	0.0955	0.1763	0.1371	LP	0.999	LP	0.305	LP	0.777	LN	0.457	LP	0.256	NB	0.274	HP	0.613	HN-D	0.548	0
(˘‿˘)	LP	0.3041		4-2-1-1	8		0	False	0.131	0.3041	0.1158	0.0749	0.1506	0.2236	LP	0.62	LP	0.397	LP	0.692	NB	0.337	LP	0.235	NB	0.412	HP	0.613	HN-D	0.548	0
(˘▽˘)	LP	0.364		4-2-1-1	8		0	False	0.1278	0.364	0.1298	0.0736	0.1142	0.1905	LP	0.775	LP	0.388	LP	0.897	NB	0.414	NB	0.244	LP	0.228	HP	0.613	HN-D	0.548	0
(˘・_・˘)	LN	0.2386		2-2-1-1-1-1	8		0	False	0.1067	0.2141	0.1354	0.1595	0.2386	0.1458	LP	0.824	LN	0.253	LN	0.803	NB	0.385	LP	0.206	HN-S	0.367	HP	0.579	HN-D	0.442	0
(˘・ω・˘)	LP	0.2619		3-1-1-1-1-1	8		0	False	0.1442	0.2619	0.0956	0.1232	0.233	0.1421	LP	0.963	LP	0.262	LN	0.798	NB	0.469	LP	0.243	HN-S	0.341	HP	0.786	HN-D	0.296	0
(˘︶˘)	LP	0.3252		3-1-1-1-1-1	8		0	False	0.1329	0.3252	0.1193	0.0963	0.2158	0.1104	LP	0.998	LN	0.238	LP	0.537	NB	0.331	HN-S	0.213	LP	0.442	HP	0.755	HN-D	0.51	0
(˙▂˙)	LP	0.2357		3-2-1-1-1	8		0	False	0.1329	0.2357	0.1925	0.1712	0.118	0.1498	HN-S	0.513	LP	0.323	LP	0.925	LN	0.255	LP	0.24	HN-D	0.454	HP	0.613	HN-D	0.548	0
(˙꒳˙)	NB	0.2445		2-2-2-1-1	8		0	False	0.1357	0.1364	0.1674	0.1003	0.2157	0.2445	NB	0.995	LP	0.304	LN	0.864	LN	0.27	LP	0.281	HN-D	0.454	HP	0.613	HN-D	0.548	0
(˜︵˜;)	LN	0.2765		3-2-2-1	8		0	False	0.107	0.1098	0.2588	0.1859	0.2765	0.0619	HN-D	0.724	LN	0.329	LN	0.601	LN	0.766	HP	0.24	HP	0.404	HN-S	0.299	HN-D	0.382	0
(˵・̀‿-˵)	HP	0.2115		3-2-1-1-1	8		0	False	0.2115	0.1714	0.1843	0.1187	0.1749	0.1393	HP	0.627	LP	0.356	LN	0.69	LP	0.375	LP	0.262	HN-D	0.659	HP	0.602	HN-S	0.34	0
(˶˃‿˂˶)	LP	0.3516		4-2-1-1	8		0	False	0.1889	0.3516	0.0842	0.0652	0.1293	0.1807	LP	0.953	LP	0.546	LP	0.492	NB	0.394	LP	0.29	HP	0.464	HP	0.536	HN-D	0.276	0
(˶ˆᗜˆ˵)	LP	0.3829		3-3-1-1	8		0	False	0.1589	0.3829	0.0938	0.0884	0.0874	0.1888	LP	0.953	LP	0.377	LP	0.913	NB	0.346	NB	0.259	NB	0.29	HP	0.536	HN-D	0.276	0
(˶ˆ‿ˆ˵)	LP	0.3855		4-2-1-1	8		0	False	0.1515	0.3855	0.1381	0.07	0.0881	0.1668	LP	0.972	LP	0.426	LP	0.807	NB	0.351	LP	0.293	HN-D	0.613	HP	0.536	HN-D	0.276	0
(˶ˆ꒳ˆ˵)	LP	0.3625		4-2-1-1	8		0	False	0.1588	0.3625	0.0966	0.0851	0.1009	0.1961	LP	0.973	LP	0.413	LP	0.662	NB	0.333	LP	0.248	NB	0.29	HP	0.536	HN-D	0.276	0
(˶ᵔ‿ᵔ˶)	LP	0.3324		3-2-1-1-1	8		0	False	0.203	0.3324	0.0876	0.0674	0.1359	0.1736	LP	0.994	LP	0.427	LN	0.389	LP	0.404	NB	0.231	HP	0.464	HP	0.536	HN-D	0.276	0
(˶‾᷄⁻̫‾�	LP	0.3395		4-2-1-1	8		0	False	0.1373	0.3395	0.2174	0.0583	0.1193	0.1282	LP	0.999	LP	0.392	LP	0.689	NB	0.34	LP	0.227	HN-D	0.946	HP	0.67	HN-D	0.531	0
(˶‾᷄ꇴ‾᷅	LP	0.3096		4-2-1-1	8		0	False	0.1409	0.3096	0.1827	0.0859	0.1296	0.1514	LP	0.975	LP	0.416	LP	0.523	NB	0.38	LP	0.234	HN-D	0.809	HP	0.589	HN-D	0.355	0
(˶・̀ω・́˵)	HP	0.1904		2-2-1-1-1-1	8		0	False	0.1904	0.1894	0.1448	0.1733	0.1516	0.1504	HN-S	0.594	LP	0.294	LN	0.495	LP	0.41	NB	0.261	HN-D	0.607	HP	0.62	HN-S	0.355	0
(̄³̄)	HN-D	0.2621		3-3-2	8		0	False	0.1656	0.0994	0.2621	0.1798	0.1515	0.1415	HN-D	0.9	LN	0.258	LN	0.444	HP	0.466	HN-D	0.26	HN-D	0.522	HP	0.464	LN	0.254	0
(̄▽̄)	HP	0.3009		3-2-2-1	8		0	False	0.3009	0.1803	0.1266	0.0866	0.0898	0.2157	HP	0.562	NB	0.265	LP	0.63	HP	0.675	LP	0.213	HN-D	0.449	HP	0.536	HN-D	0.276	0
(̑‿̑)	LN	0.2489		2-2-2-1-1	8		0	False	0.2034	0.1761	0.1094	0.1158	0.2489	0.1464	LP	0.756	HN-S	0.328	LN	0.68	LN	0.597	LP	0.23	HP	0.464	HP	0.536	HN-D	0.276	0
(̒‿̒)	LN	0.2295		2-2-2-1-1	8		0	False	0.1879	0.211	0.1121	0.099	0.2295	0.1605	LP	0.627	HN-S	0.222	LN	0.671	LN	0.473	LP	0.282	HP	0.464	HP	0.536	HN-D	0.276	0
(̛̠̠)	HN-S	0.2564		3-2-1-1-1	8		0	False	0.1678	0.1865	0.1659	0.2564	0.1146	0.1089	HN-S	0.89	HN-S	0.429	LP	0.879	NB	0.275	HN-S	0.268	HN-D	0.39	HP	0.536	HN-D	0.276	0
(̥̯̥)	LN	0.3871	LN	5-1-1-1	8		0	False	0.1701	0.0647	0.1524	0.1602	0.3871	0.0655	LN	0.815	HN-D	0.329	LN	0.928	LN	0.332	LP	0.25	LN	0.323	HP	0.7	LN	0.331	0
(͡°͜ʖ͡°)	LN	0.2558		3-2-2-1	8		0	False	0.199	0.1219	0.1435	0.1002	0.2558	0.1797	HP	0.541	HN-D	0.285	LN	0.9	LN	0.349	LP	0.286	HN-D	0.455	HP	0.355	LN	0.392	0
(҂‿_‿)	HN-D	0.2523		3-2-1-1-1	8		0	False	0.1727	0.0712	0.2523	0.1546	0.2478	0.1014	HN-D	0.692	HN-S	0.286	LN	0.926	LN	0.261	NB	0.227	HP	0.413	HP	0.589	LN	0.314	0
(ू・‿・ू)	LN	0.2318		2-2-1-1-1-1	8		0	False	0.1481	0.2222	0.1195	0.1471	0.2318	0.1314	LP	0.93	NB	0.21	LN	0.937	NB	0.373	HN-S	0.238	HN-D	0.379	HP	0.659	HN-S	0.434	0
(ಠ_ಠ)	HN-D	0.4388	HN-D	6-1-1	8		0	False	0.1239	0.043	0.4388	0.1615	0.1057	0.1272	HN-D	0.982	HN-D	0.47	HN-D	0.436	HN-D	0.394	HN-D	0.22	HN-D	0.666	HP	0.589	LN	0.314	0
(ಠ‿ಠ)	HP	0.2535	HN-D	5-2-1	8		0	False	0.2535	0.0854	0.2417	0.1169	0.1014	0.2012	HN-D	0.461	HN-D	0.496	NB	0.78	HN-D	0.223	HN-D	0.221	HP	0.464	HP	0.536	HN-D	0.276	0
(ಠ益ಠ)	HN-D	0.45	HN-D	5-3	8		0	False	0.2343	0.0448	0.45	0.1173	0.0886	0.065	HN-D	0.99	HN-D	0.424	HN-D	0.98	HN-D	0.316	HP	0.243	HP	0.431	HP	0.834	HN-D	0.313	0
(ಥ﹏ಥ)	HN-D	0.2851		3-2-2-1	8		0	False	0.1577	0.0431	0.2851	0.1758	0.2597	0.0785	HN-S	0.456	HN-D	0.48	LN	0.868	LN	0.287	HP	0.238	HN-D	0.666	HP	0.589	LN	0.314	0
(ฅ́˘ฅ̀)	LP	0.2945		3-3-1-1	8		0	False	0.2398	0.2945	0.1223	0.0919	0.1145	0.137	HP	0.642	LP	0.261	LP	0.792	LP	0.467	LN	0.188	HP	0.362	HP	0.374	HN-D	0.329	0
(ง'̀-'́)	HN-D	0.3996	HN-D	5-2-1	8		0	False	0.0864	0.0677	0.3996	0.158	0.1911	0.0972	HN-D	0.911	HN-D	0.309	LN	0.65	HN-D	0.581	HN-S	0.253	HN-D	0.319	HN-D	0.64	LN	0.296	0
(งᵒ̌皿ᵒ̌)	LN	0.2399		3-3-1-1	8		0	False	0.2256	0.0697	0.2157	0.1754	0.2399	0.0736	HN-D	0.792	HP	0.263	LN	0.689	HP	0.296	HN-S	0.276	LN	0.35	HP	0.519	LN	0.261	0
(งツ)	HN-D	0.2812	HN-D	5-1-1-1	8		0	False	0.1363	0.0871	0.2812	0.1509	0.1955	0.1489	HN-D	0.79	HN-D	0.351	LN	0.74	HN-D	0.428	HN-D	0.242	HN-D	0.262	HP	0.378	NB	0.357	0
(ง・_・)	HN-S	0.2814		2-2-2-1-1	8		0	False	0.1344	0.0771	0.1644	0.2814	0.2206	0.1223	HN-S	0.85	HP	0.274	LN	0.654	HN-D	0.312	HN-D	0.212	HP	0.268	NB	0.365	LN	0.324	0
(ง・̀_・́)	HN-S	0.2602		3-2-2-1	8		0	False	0.136	0.072	0.2264	0.2602	0.1747	0.1306	HN-S	0.497	HN-D	0.312	LN	0.428	HN-S	0.349	HN-D	0.203	HN-S	0.292	NB	0.234	NB	0.348	0
(ง・̀ω・́)	HP	0.26		3-3-1-1	8		0	False	0.26	0.0848	0.1463	0.1483	0.2014	0.1591	HP	0.844	HP	0.283	LN	0.702	HP	0.235	NB	0.212	HN-D	0.303	NB	0.396	NB	0.333	0
(ง・̀ᗜ・́)	HP	0.2776		4-3-1	8		0	False	0.2776	0.0707	0.1151	0.1532	0.1553	0.2281	HP	0.965	HP	0.321	LN	0.524	HP	0.23	NB	0.2	NB	0.464	HP	0.299	NB	0.639	0
(๑><๑)	HN-S	0.2431		2-2-2-1-1	8		0	False	0.1708	0.0745	0.1874	0.2431	0.2088	0.1154	HN-S	0.98	HP	0.43	LN	0.988	HN-S	0.284	LP	0.218	HN-D	0.709	HP	0.492	HN-D	0.274	0
(๑>‿<๑)	HP	0.276		4-2-2	8		0	False	0.276	0.2056	0.1244	0.0889	0.1956	0.1096	LP	0.793	HP	0.194	LN	0.714	HP	0.446	LP	0.223	HP	0.554	HP	0.718	LN	0.353	0
(๑´ڡ`๑)	LP	0.2397		3-2-1-1-1	8		0	False	0.1708	0.2397	0.1298	0.1797	0.1719	0.1082	LP	0.995	HP	0.225	LN	0.792	LP	0.402	LP	0.219	HN-S	0.709	HP	0.756	HN-D	0.384	0
(๑˃‿˂)	LP	0.2957		3-3-1-1	8		0	False	0.2461	0.2957	0.1043	0.0705	0.1111	0.1722	LP	0.493	HP	0.242	LP	0.819	NB	0.381	LP	0.239	HP	0.464	HP	0.536	HN-D	0.276	0
(๑・̀ㅁ・́๑)	NB	0.2037		2-2-2-1-1	8		0	False	0.1681	0.1661	0.1174	0.1974	0.1472	0.2037	NB	0.846	HP	0.221	LP	0.616	LN	0.321	LP	0.25	HN-S	0.5	HP	0.663	HN-S	0.369	0
(๑・̀ㅂ・́)	NB	0.2198		2-2-1-1-1-1	8		0	False	0.1965	0.1041	0.1309	0.1372	0.2116	0.2198	NB	0.975	HP	0.229	LN	0.937	LN	0.241	LP	0.272	HN-D	0.386	HP	0.646	HN-S	0.262	0
(๑・́₃・̀๑)	HP	0.203		2-2-1-1-1-1	8		0	False	0.203	0.1175	0.124	0.1548	0.1999	0.2008	NB	0.863	LP	0.197	LN	0.826	NB	0.25	HN-D	0.213	HN-D	0.367	HP	0.681	HN-S	0.289	0
(๑・﹏・)	NB	0.2474		3-2-2-1	8		0	False	0.1239	0.1584	0.2038	0.1109	0.1556	0.2474	NB	0.721	LN	0.217	LP	0.394	LP	0.388	LP	0.221	HN-D	0.877	NB	0.461	HN-D	0.352	0
(ᐛ)	NB	0.2139		3-2-1-1-1	8		0	False	0.1701	0.1585	0.1819	0.1591	0.1165	0.2139	HN-S	0.386	HN-D	0.236	LP	0.568	LN	0.273	HN-S	0.25	HN-D	0.551	HP	0.536	HN-D	0.276	0
(ᐢ・ᴥ・ᐢ)	LP	0.2446		3-2-1-1-1	8		0	False	0.1621	0.2446	0.1546	0.1496	0.0955	0.1936	LP	0.425	HN-D	0.262	LP	0.849	NB	0.611	LP	0.197	HN-D	0.543	HP	0.659	HN-S	0.434	0
(ᗒᗨᗕ)	HP	0.2455		3-2-2-1	8		0	False	0.2455	0.1434	0.1898	0.1494	0.1444	0.1276	HP	0.921	HN-D	0.291	LP	0.326	HN-S	0.327	HN-S	0.214	HN-D	0.551	HP	0.536	HN-D	0.276	0
(ᗜ)	NB	0.2279		2-2-2-1-1	8		0	False	0.2237	0.1096	0.1745	0.1496	0.1148	0.2279	HP	0.799	HN-S	0.333	NB	0.858	LP	0.286	HN-S	0.207	HN-D	0.551	HP	0.536	HN-D	0.276	0
(ᗜ3)	HP	0.2383		3-1-1-1-1-1	8		0	False	0.2383	0.0912	0.1955	0.1855	0.1341	0.1555	HP	0.671	HN-S	0.398	HN-D	0.325	LP	0.272	NB	0.202	HP	0.426	HP	0.474	LN	0.254	0
(ᗜ`)	HP	0.2667		2-2-2-1-1	8		0	False	0.2667	0.0919	0.2201	0.1502	0.1556	0.1156	HP	0.871	HN-S	0.361	LN	0.513	LP	0.298	HN-S	0.219	HN-D	0.418	HP	0.588	HN-D	0.368	0
(ᗜ㉨)	HN-D	0.2491		4-3-1	8		0	False	0.1494	0.1056	0.2491	0.236	0.143	0.1169	HN-S	0.536	HN-S	0.328	HN-D	0.456	HN-S	0.352	HN-S	0.237	HN-D	0.551	HP	0.536	HN-D	0.276	0
(ᵏᵈ)	NB	0.3526		3-2-2-1	8		0	False	0.1656	0.1435	0.1185	0.1046	0.1153	0.3526	NB	0.83	LN	0.259	NB	0.95	HP	0.358	NB	0.199	HN-D	0.338	HP	0.346	LN	0.261	0
(ᵐᴥᵐ)	NB	0.2184		3-1-1-1-1-1	8		0	False	0.1465	0.181	0.1574	0.1072	0.1894	0.2184	NB	0.397	HN-S	0.291	LP	0.406	LP	0.323	LP	0.201	HN-D	0.423	HP	0.415	LN	0.437	0
(ᵐᵒᵐ)	LN	0.2443		4-2-1-1	8		0	False	0.1019	0.1309	0.132	0.1485	0.2443	0.2422	LN	0.371	NB	0.378	NB	0.849	LP	0.389	LN	0.233	HN-D	0.421	LN	0.489	LN	0.389	0
(ᵒ̌ᴥᵒ̌)	LN	0.2321		2-2-2-1-1	8		0	False	0.1323	0.1034	0.1485	0.168	0.2321	0.2156	NB	0.775	HN-D	0.22	LN	0.783	HN-S	0.48	HN-D	0.202	HP	0.432	NB	0.326	LN	0.308	0
(ᵒ̌ᵃᵒ̌)	NB	0.3278		4-2-1-1	8		0	False	0.1621	0.1436	0.0967	0.1333	0.1365	0.3278	HP	0.483	LP	0.225	NB	0.769	HN-S	0.329	HN-S	0.209	NB	0.391	NB	0.387	NB	0.384	0
(ᵒ̌ᵏᵒ̌)	HN-S	0.2237		3-2-1-1-1	8		0	False	0.1395	0.147	0.1017	0.2237	0.1793	0.2088	NB	0.489	LN	0.295	LN	0.512	HN-S	0.371	HN-S	0.229	HN-S	0.433	HP	0.246	LP	0.217	0
(ᵒ̌ᵐᵒ̌)	NB	0.2399		3-2-2-1	8		0	False	0.187	0.1108	0.1258	0.1642	0.1723	0.2399	NB	0.39	LN	0.232	NB	0.409	HN-S	0.314	HN-S	0.226	NB	0.273	HP	0.229	LN	0.32	0
(ᵒ̌ᵐ㏑)	HN-S	0.2285		3-2-1-1-1	8		0	False	0.0787	0.1181	0.1988	0.2285	0.1572	0.2187	NB	0.499	HN-D	0.218	LN	0.426	HN-S	0.507	HN-D	0.23	LP	0.426	NB	0.291	HN-D	0.257	0
(ᵒ̌ᵔᵒ̌)	NB	0.3212		3-2-2-1	8		0	False	0.1399	0.1043	0.1215	0.1402	0.1729	0.3212	NB	0.871	LN	0.21	NB	0.627	HN-S	0.418	HN-S	0.214	HP	0.432	NB	0.326	LN	0.308	0
(ᵒ̌ᵗᵒ̌)	HN-S	0.2245		4-2-1-1	8		0	False	0.1348	0.1193	0.1269	0.2245	0.1862	0.2082	HN-S	0.601	LN	0.243	NB	0.492	HN-S	0.396	HN-S	0.265	HP	0.398	HN-S	0.212	LN	0.296	0
(ᵔ̀-̀ᵔ)	HN-S	0.2819		3-2-1-1-1	8		0	False	0.1469	0.0851	0.186	0.2819	0.1494	0.1508	HN-S	0.865	LN	0.194	NB	0.42	LN	0.297	HN-D	0.236	HN-D	0.475	HP	0.628	HN-D	0.314	0
(ᵔᴥᵔ)	NB	0.276		4-2-1-1	8		0	False	0.1631	0.1792	0.1594	0.0977	0.1246	0.276	NB	0.628	NB	0.181	NB	0.519	NB	0.318	LP	0.196	HN-D	0.551	HP	0.536	HN-D	0.276	0
(ᵔᵔ)	NB	0.2476		3-2-2-1	8		0	False	0.2237	0.1471	0.1571	0.1109	0.1136	0.2476	HP	0.642	NB	0.227	NB	0.771	NB	0.283	HN-S	0.212	HN-D	0.551	HP	0.536	HN-D	0.276	0
(ᵔ‿ᵔ)	NB	0.2208		3-2-2-1	8		0	False	0.1928	0.1656	0.1118	0.0923	0.2167	0.2208	NB	0.512	NB	0.243	LN	0.854	NB	0.374	HN-D	0.193	HP	0.464	HP	0.536	HN-D	0.276	0
(ᵔㅂᵔ)	NB	0.2122		2-2-2-1-1	8		0	False	0.1788	0.1567	0.1749	0.1374	0.14	0.2122	LP	0.452	HN-S	0.192	NB	0.549	HN-S	0.298	LP	0.232	HN-D	0.653	HP	0.536	HN-D	0.276	0
(ᵔㅅᵔ)	HP	0.22		2-2-2-1-1	8		0	False	0.22	0.1119	0.198	0.115	0.1751	0.18	HP	0.725	HN-S	0.188	LN	0.557	NB	0.242	HN-S	0.21	HN-D	0.803	HP	0.536	HN-D	0.276	0
(ᵔㅜᵔ)	HP	0.2493		3-2-2-1	8		0	False	0.2493	0.0955	0.1909	0.146	0.1854	0.1329	HP	0.886	HN-D	0.22	LN	0.539	HN-S	0.302	HN-S	0.209	HN-D	0.551	HP	0.536	HN-D	0.276	0
(„‿‿‿„)	LP	0.265		2-2-2-1-1	8		0	False	0.2103	0.265	0.1028	0.0922	0.1071	0.2227	LP	0.792	NB	0.315	LP	0.577	HP	0.606	HN-D	0.261	HP	0.273	NB	0.534	LN	0.31	0
(„・֊・„)	NB	0.2588		2-2-2-1-1	8		0	False	0.0873	0.1438	0.1688	0.1911	0.1501	0.2588	HN-S	0.707	LP	0.257	NB	0.7	LP	0.378	HN-D	0.289	HN-D	0.35	NB	0.325	LN	0.302	0
(„・‿・„)	NB	0.2587		3-2-1-1-1	8		0	False	0.0956	0.1502	0.1365	0.1954	0.1636	0.2587	NB	0.531	LP	0.324	HN-S	0.526	NB	0.453	HN-D	0.293	HN-D	0.308	NB	0.325	LN	0.302	0
(‿͈ˬ‿͈)	LP	0.2866		3-2-2-1	8		0	False	0.1966	0.2866	0.0759	0.1022	0.1866	0.1521	LP	0.988	LP	0.438	LN	0.628	LP	0.336	HP	0.321	LN	0.367	HP	0.536	HN-D	0.276	0
(‿‿)	NB	0.2336		2-2-1-1-1-1	8		0	False	0.1696	0.1578	0.0992	0.1904	0.1493	0.2336	NB	0.819	LP	0.39	HN-S	0.769	LN	0.467	HP	0.249	HN-S	0.228	HP	0.536	HN-D	0.276	0
(‿‿‿)	HP	0.2402		4-2-1-1	8		0	False	0.2402	0.2378	0.0847	0.1845	0.1192	0.1336	LP	0.768	LP	0.459	HN-S	0.822	HP	0.585	HP	0.3	HP	0.28	HP	0.536	HN-D	0.276	0
(‿‿‿✿)	LP	0.3058		3-2-2-1	8		0	True	0.2146	0.3058	0.0971	0.194	0.0888	0.0996	LP	0.974	LP	0.444	HN-S	0.917	LP	0.526	HP	0.319	HN-D	0.223	HP	0.536	HN-D	0.276	0
(⁀˘ω˘⁀)	NB	0.2318		4-1-1-1-1	8		0	False	0.1953	0.1796	0.1643	0.1007	0.1283	0.2318	LP	0.417	HP	0.232	NB	0.624	HP	0.358	HP	0.227	HN-D	0.626	HP	0.519	LN	0.304	0
(⁀ᗜ⁀)	HP	0.232		3-3-1-1	8		0	False	0.232	0.1242	0.1992	0.1311	0.1169	0.1966	HP	0.496	HN-S	0.3	NB	0.49	HN-D	0.396	HP	0.294	HN-D	0.551	HP	0.536	HN-D	0.276	0
(⁀✰)	NB	0.2336		3-2-2-1	8		0	False	0.2097	0.1043	0.1763	0.1674	0.1086	0.2336	NB	0.699	HN-S	0.281	HN-S	0.463	HP	0.402	HP	0.286	HN-D	0.551	HP	0.536	HN-D	0.276	0
(⁄	HP	0.214		3-2-1-1-1	8		0	False	0.214	0.1929	0.1468	0.1402	0.1628	0.1432	HP	0.557	NB	0.234	LP	0.609	HN-S	0.244	HP	0.221	HP	0.291	LN	0.264	LN	0.298	0
(⁄⁂⁄)	HN-S	0.1941		2-2-2-1-1	8		0	False	0.1843	0.1887	0.1833	0.1941	0.1367	0.1128	HP	0.631	HN-S	0.336	LP	0.721	HN-S	0.265	HP	0.251	HN-D	0.554	LP	0.308	LN	0.382	0
(⁄⁄・⁄ω⁄・⁄)	LN	0.2776		2-2-1-1-1-1	8		0	False	0.1649	0.1844	0.1242	0.1037	0.2776	0.1452	LN	0.963	HN-S	0.29	LP	0.848	NB	0.553	HP	0.399	HN-D	0.449	HP	0.389	LN	0.561	0
(⁄⁄・⁄ω⁄・⁄⁄)	LN	0.2752		3-1-1-1-1-1	8		0	False	0.1604	0.1824	0.1306	0.1143	0.2752	0.137	LN	0.877	HN-S	0.269	LP	0.804	NB	0.438	HP	0.309	HN-D	0.421	LN	0.389	LN	0.559	0
(⁎˃ᆺ˂)	HP	0.2612		3-3-1-1	8		0	False	0.2612	0.1373	0.2105	0.0858	0.1903	0.1149	HN-D	0.602	LP	0.346	LN	0.88	HP	0.645	HP	0.323	HN-D	0.551	HP	0.536	HN-D	0.276	0
(⁎˃‿˂⁎)	HP	0.2789		4-2-1-1	8		0	False	0.2789	0.1985	0.0942	0.0842	0.1916	0.1526	LP	0.585	LP	0.404	LN	0.826	HP	0.491	HP	0.255	HP	0.464	HP	0.536	HN-D	0.276	0
(⁎‿‿‿⁎)	LP	0.248		3-2-1-1-1	8		0	False	0.2332	0.248	0.0968	0.0783	0.1786	0.165	LP	0.767	LP	0.509	LN	0.775	HP	0.385	NB	0.255	HP	0.443	HP	0.536	HN-D	0.276	0
(≖‿≖)	NB	0.2449		3-2-1-1-1	8		0	False	0.2343	0.1286	0.1241	0.1047	0.1633	0.2449	NB	0.88	NB	0.294	HP	0.312	LN	0.439	HN-S	0.208	HP	0.464	HP	0.536	HN-D	0.276	0
(≧^O^≦)	HP	0.34		2-2-1-1-1-1	8		0	False	0.34	0.175	0.1442	0.1258	0.1183	0.0968	HN-D	0.562	LP	0.257	HN-S	0.362	LP	0.434	NB	0.192	HP	0.834	HP	0.602	LN	0.248	0
(≧ω≦)	HP	0.3677		3-2-1-1-1	8		0	False	0.3677	0.1552	0.0992	0.1339	0.1154	0.1287	HP	0.935	LP	0.242	HN-S	0.408	NB	0.23	LP	0.213	HP	0.55	HP	0.683	LN	0.275	0
(≧‿≦)	HP	0.2843		3-2-1-1-1	8		0	True	0.2843	0.1244	0.1398	0.1245	0.1693	0.1577	HP	0.954	HP	0.254	LN	0.521	LN	0.297	HN-S	0.199	NB	0.454	HP	0.536	HN-D	0.276	0
(≧∇≦)	HP	0.3949		4-2-1-1	8		0	False	0.3949	0.2023	0.0793	0.0677	0.0822	0.1735	HP	1.0	HP	0.321	LP	0.631	LP	0.262	NB	0.202	HP	0.65	HP	0.536	HN-D	0.276	0
(≧▽≦)	HP	0.4372	HP	5-1-1-1	8		0	True	0.4372	0.1674	0.0929	0.0697	0.0817	0.1511	HP	1.0	HP	0.343	LP	0.466	HP	0.285	NB	0.192	HP	0.63	HP	0.536	HN-D	0.276	0
(≧▽≦*)o	HP	0.5311		4-2-1-1	8		0	False	0.5311	0.1277	0.088	0.0586	0.0706	0.1241	HP	0.983	LP	0.365	HP	0.967	LP	0.267	LN	0.203	HP	0.723	HP	0.634	HN-D	0.288	0
(≧︿≦)	HN-D	0.3178		3-2-2-1	8		0	False	0.1733	0.0432	0.3178	0.2156	0.1413	0.1088	HN-D	0.996	HN-D	0.363	HN-S	0.557	HN-D	0.35	HN-S	0.261	HP	0.34	HP	0.689	NB	0.24	0
(⊃｡・́‿・̀｡)	NB	0.2614		3-3-1-1	8		0	False	0.1802	0.2599	0.0861	0.0975	0.1149	0.2614	HP	0.903	LN	0.248	LP	0.998	NB	0.355	LP	0.293	NB	0.406	LP	0.479	NB	0.851	0
(⊙^▽^⊙)	NB	0.2619		3-3-2	8		0	False	0.2253	0.1163	0.1316	0.1503	0.1145	0.2619	NB	0.729	NB	0.261	HN-S	0.315	NB	0.379	HP	0.224	HP	0.488	HP	0.41	HN-S	0.271	0
(⊙_⊙)	HN-S	0.2954		4-2-1-1	8		0	False	0.12	0.0472	0.2338	0.2954	0.1654	0.1382	HN-S	0.527	HN-S	0.328	HN-S	0.76	LN	0.379	HN-S	0.2	HN-D	0.666	HP	0.589	LN	0.314	0
(⊙_⊙;)	HN-S	0.3536		4-2-1-1	8		0	False	0.12	0.0417	0.226	0.3536	0.1746	0.084	HN-S	0.965	HN-S	0.299	HN-S	0.841	LN	0.492	HN-S	0.21	HN-D	0.694	HP	0.564	HN-D	0.352	0
(⊙_◎)	NB	0.2219		3-2-2-1	8		0	False	0.1586	0.059	0.2126	0.22	0.1279	0.2219	NB	0.858	HN-S	0.366	HN-S	0.736	NB	0.398	HN-S	0.188	HN-D	0.71	HP	0.712	HP	0.255	0
(⊙_☉;)	HN-S	0.318		3-2-1-1-1	8		0	False	0.1125	0.0518	0.2651	0.318	0.1665	0.0862	HN-S	0.732	HN-S	0.412	HN-S	0.689	LN	0.601	NB	0.2	HN-D	0.585	HP	0.564	HN-D	0.352	0
(⊙o⊙)	HP	0.2944		4-1-1-1-1	8		0	False	0.2944	0.0749	0.1762	0.1642	0.1253	0.165	HP	0.943	HN-S	0.332	NB	0.442	LN	0.326	HP	0.228	HP	0.445	HP	0.51	HN-D	0.333	0
(⊙´ ω `⊙)	HN-S	0.2564		3-2-1-1-1	8		0	False	0.2094	0.0607	0.1639	0.2564	0.1831	0.1265	HN-S	0.682	HN-S	0.41	LN	0.497	NB	0.371	HP	0.243	HN-D	0.443	HP	0.527	HP	0.3	0
(⊙ˊωˋ⊙)	NB	0.2875		3-2-1-1-1	8		0	False	0.178	0.0979	0.1331	0.1164	0.1871	0.2875	NB	0.99	NB	0.232	LN	0.641	NB	0.453	HN-S	0.192	HN-D	0.471	HP	0.683	LN	0.275	0
(⊙ˊᵔ⊙ˋ)	NB	0.2921		2-2-2-1-1	8		0	False	0.1586	0.1119	0.1456	0.1477	0.1441	0.2921	NB	0.981	LP	0.288	HN-S	0.492	NB	0.416	LP	0.22	HN-D	0.37	HP	0.536	HN-D	0.276	0
(⊙′ω`-)	HN-S	0.2583		4-2-1-1	8		0	False	0.2179	0.0587	0.1956	0.2583	0.1177	0.1518	HN-S	0.62	HN-S	0.342	HN-S	0.51	NB	0.464	HN-S	0.218	HP	0.708	HP	0.454	HN-D	0.291	0
(⊙‿⊙)	HP	0.2379		3-2-2-1	8		0	False	0.2379	0.0872	0.1198	0.1319	0.2006	0.2226	NB	0.623	NB	0.232	LN	0.556	LN	0.415	HP	0.21	HP	0.464	HP	0.536	HN-D	0.276	0
(⊙⊃□⊂)	HN-S	0.2342		3-2-2-1	8		0	False	0.2204	0.0665	0.2232	0.2342	0.1426	0.1131	HN-S	0.834	HN-S	0.318	HN-D	0.702	LN	0.332	HP	0.226	HP	0.686	HP	0.555	HN-D	0.296	0
(⊙⊙)	HP	0.2423		3-2-2-1	8		0	False	0.2423	0.0865	0.161	0.1965	0.1352	0.1786	HP	0.779	HN-S	0.293	HN-S	0.462	NB	0.439	HP	0.218	HN-D	0.551	HP	0.536	HN-D	0.276	0
(⊙⌒∇⌒⊙)ゝ	HN-S	0.2606		3-2-2-1	8		0	False	0.1831	0.1196	0.1551	0.2606	0.1558	0.1257	HN-S	0.998	HN-S	0.28	HN-D	0.399	LN	0.503	HP	0.244	HN-D	0.33	HP	0.636	HN-D	0.252	0
(⊙▽⊙)	HP	0.2863		4-2-1-1	8		0	False	0.2863	0.1014	0.1312	0.1384	0.1438	0.1987	HP	0.736	NB	0.203	LN	0.377	NB	0.408	HP	0.216	HP	0.398	HP	0.536	HN-D	0.276	0
(⊙◞⊙)	HN-S	0.3046		3-2-2-1	8		0	False	0.1433	0.0816	0.1551	0.3046	0.1408	0.1746	HN-S	0.926	HN-S	0.368	HN-S	0.618	NB	0.696	HP	0.208	HN-D	0.551	HP	0.536	HN-D	0.276	0
(⊙ヮ⊙)	HP	0.3006		3-2-2-1	8		0	False	0.3006	0.136	0.1543	0.0943	0.1115	0.2034	HP	0.95	NB	0.23	NB	0.488	NB	0.352	LP	0.215	HN-D	0.556	HP	0.64	HN-D	0.239	0
(⊙﹏⊙)	HN-S	0.2828		3-3-1-1	8		0	False	0.1169	0.0477	0.2423	0.2828	0.2164	0.0939	HN-S	0.976	HN-S	0.35	LN	0.432	LN	0.516	HN-S	0.215	HN-D	0.666	HP	0.589	LN	0.314	0
(⊙�	HN-S	0.2226		3-3-1-1	8		0	False	0.2177	0.0667	0.1676	0.2226	0.1534	0.172	HP	0.475	HN-S	0.382	HN-S	0.441	LN	0.348	HN-S	0.205	HP	0.427	HP	0.45	HN-D	0.276	0
(⊡-⊡)و	HP	0.3359		4-3-1	8		0	False	0.3359	0.2852	0.1268	0.065	0.1132	0.074	LP	0.919	LP	0.322	HP	0.581	LN	0.452	LP	0.235	HP	0.406	HP	0.875	HP	0.451	0
(⌐■_ω■)	NB	0.4169		4-2-1-1	8		0	False	0.2096	0.0659	0.119	0.0821	0.1067	0.4169	NB	0.94	NB	0.268	NB	0.867	NB	0.627	HN-S	0.219	HP	0.527	HP	0.487	LN	0.295	0
(⌐■_■)	NB	0.4248		4-2-1-1	8		0	False	0.1742	0.062	0.1623	0.0794	0.0973	0.4248	NB	0.881	NB	0.344	NB	0.9	NB	0.65	HN-S	0.203	HN-D	0.713	HP	0.514	HN-D	0.251	0
(⌐■‿■)	NB	0.3921		4-2-1-1	8		0	False	0.212	0.0833	0.1289	0.0808	0.103	0.3921	NB	0.836	NB	0.338	NB	0.908	NB	0.565	HN-S	0.224	HP	0.425	HP	0.592	HN-D	0.383	0
(⌒_⌒;)	LN	0.2828		3-3-1-1	8		0	False	0.116	0.0506	0.2762	0.1593	0.2828	0.115	HN-D	0.476	LN	0.29	LN	0.67	LN	0.356	HN-S	0.222	HN-D	0.694	HP	0.564	HN-D	0.352	0
(⌒‿⌒)	NB	0.3562		3-2-2-1	8		0	True	0.185	0.174	0.0944	0.0802	0.1101	0.3562	NB	0.971	NB	0.309	NB	0.798	LP	0.41	LP	0.246	HP	0.464	HP	0.536	HN-D	0.276	0
(⌒▽⌒)	NB	0.35		3-2-2-1	8		0	False	0.185	0.1728	0.1165	0.0823	0.0934	0.35	NB	0.925	NB	0.315	NB	0.743	LP	0.323	LP	0.21	HP	0.398	HP	0.536	HN-D	0.276	0
(⌓・ᴥ・⌓)	LN	0.3521		2-2-2-1-1	8		0	False	0.1553	0.0755	0.1456	0.1619	0.3521	0.1095	LN	0.958	HN-S	0.427	LN	0.976	NB	0.37	HN-D	0.218	HN-D	0.543	HP	0.66	HN-S	0.434	0
(⌛)	HP	0.2543		2-2-2-1-1	8		0	False	0.2543	0.0696	0.1546	0.1868	0.0907	0.244	NB	0.987	HN-S	0.44	HP	0.995	HN-S	0.563	LP	0.205	HN-D	0.551	HP	0.536	HN-D	0.276	0
(⌛️)	HP	0.2293		2-2-2-1-1	8		0	False	0.2293	0.0669	0.201	0.1912	0.0976	0.214	NB	0.96	HN-S	0.46	HP	0.908	HN-S	0.635	LP	0.206	HN-D	0.928	HP	0.536	HN-D	0.276	0
(⌯˃᷄	LN	0.2086		2-2-2-1-1	8		0	False	0.1643	0.1313	0.1699	0.1884	0.2086	0.1375	HN-S	0.362	HN-S	0.454	LN	0.698	LP	0.566	HP	0.232	HN-D	0.559	HP	0.45	HN-D	0.276	0
(⏰)	NB	0.3766		3-2-2-1	8		0	False	0.1324	0.0904	0.1342	0.191	0.0754	0.3766	NB	1.0	HN-S	0.369	NB	0.565	NB	0.633	HP	0.196	HN-D	0.551	HP	0.536	HN-D	0.276	0
(─‿‿─)	LP	0.2293		4-2-1-1	8		0	False	0.1521	0.2293	0.1541	0.1283	0.1592	0.1769	LP	0.625	LP	0.276	LP	0.344	NB	0.297	LP	0.27	HN-D	0.25	HP	0.534	HN-D	0.522	0
(┛▧益▧)	HN-D	0.3444		4-2-1-1	8		0	False	0.1514	0.0543	0.3444	0.1416	0.2173	0.091	HN-D	0.891	HN-D	0.427	LN	0.896	LN	0.279	HN-S	0.215	HN-D	0.607	HP	0.697	HN-D	0.298	0
(╥_╥)	LN	0.3124		3-2-2-1	8		0	False	0.1237	0.0406	0.2484	0.2046	0.3124	0.0704	LN	0.552	HN-D	0.391	LN	0.831	HN-S	0.431	HP	0.218	HN-D	0.666	HP	0.589	LN	0.314	0
(╥_﹏)	LN	0.2832		2-2-2-1-1	8		0	False	0.1348	0.0672	0.2125	0.2173	0.2832	0.0851	HN-S	0.371	HN-S	0.363	LN	0.574	LN	0.445	LP	0.271	HN-D	0.403	HP	0.463	HN-D	0.349	0
(╥╯﹏╰╥)	HN-D	0.2453		2-2-2-2	8		0	False	0.2376	0.0364	0.2453	0.1813	0.2256	0.0739	HP	0.947	HN-D	0.425	LN	0.81	HN-S	0.403	HN-S	0.229	HN-D	0.666	HP	0.589	LN	0.314	0
(╥﹏╥	LN	0.307		3-3-1-1	8		0	False	0.1433	0.036	0.2516	0.1829	0.307	0.0792	LN	0.357	HN-D	0.448	LN	0.921	LN	0.391	HN-S	0.211	HN-D	0.664	HP	0.559	HN-D	0.329	0
(╥﹏╥)	LN	0.3082		4-2-1-1	8	HN-S	2	True	0.147	0.038	0.2485	0.1847	0.3082	0.0736	LN	0.357	HN-D	0.441	LN	0.921	LN	0.394	HN-S	0.211	HN-D	0.666	HP	0.589	LN	0.314	2
(╬Ò﹏Ó)	HN-D	0.4308		4-1-1-1-1	8	HN-D	4	True	0.1581	0.1254	0.4308	0.1036	0.085	0.097	HN-D	0.923	HN-D	0.599	HN-D	0.999	LP	0.723	HN-S	0.209	HN-D	0.468	HP	0.464	LN	0.345	4
(╬ಠ益ಠ)	HN-D	0.4654	HN-D	5-2-1	8	HN-D	10	True	0.2147	0.0485	0.4654	0.1104	0.0905	0.0705	HN-D	0.99	HN-D	0.635	HN-D	1.0	HN-D	0.242	HN-S	0.229	HP	0.431	HP	0.833	HN-D	0.313	10
(╬⊙△⊙)	HN-D	0.3932		4-3-1	8		0	True	0.1469	0.0555	0.3932	0.2328	0.0681	0.1036	HN-S	0.68	HN-D	0.54	HN-D	1.0	HN-S	0.351	HN-S	0.207	HN-D	0.413	HP	0.531	HN-D	0.343	0
(╭ರ_・́)	HN-D	0.3083		4-2-1-1	8		0	False	0.2504	0.1194	0.3083	0.1479	0.0994	0.0746	HP	0.758	HN-D	0.4	LP	0.601	HN-D	0.71	HN-D	0.207	HN-D	0.606	HP	0.655	LN	0.288	0
(╭☞・́⍛・̀)	LP	0.2496		2-2-1-1-1-1	8		0	False	0.1152	0.2496	0.2353	0.1798	0.0824	0.1377	HN-D	0.795	LN	0.253	LP	0.99	LP	0.491	NB	0.202	HN-S	0.486	HP	0.406	HN-S	0.317	0
(╯°□°	HN-D	0.4038	HN-D	6-1-1	8		0	False	0.129	0.0779	0.4038	0.1524	0.1126	0.1243	HN-D	0.9	HN-D	0.455	HN-D	0.633	HN-D	0.304	HN-S	0.205	HN-D	0.497	HP	0.314	HN-D	0.256	0
(╯°□°)	HN-D	0.4045	HN-D	6-1-1	8	HN-D	4	True	0.1199	0.0858	0.4045	0.1521	0.1048	0.1329	HN-D	0.93	HN-D	0.461	HN-D	0.667	HN-D	0.258	LP	0.193	HN-D	0.498	NB	0.345	HN-D	0.23	4
(╯ↀ╰)	HN-D	0.2976		4-2-1-1	8		0	False	0.15	0.0928	0.2976	0.144	0.2186	0.0971	LN	0.903	HN-D	0.374	HN-D	0.814	LN	0.252	HN-S	0.231	HN-D	0.551	HP	0.536	HN-D	0.276	0
(╯✧∇✧)	HP	0.3278		3-2-2-1	8		0	False	0.3278	0.16	0.1399	0.091	0.1497	0.1317	HP	0.998	HN-D	0.294	LN	0.604	LP	0.35	LP	0.252	HN-D	0.329	HP	0.536	HN-D	0.276	0
(╯✧╰)	HP	0.2889		3-2-1-1-1	8		0	False	0.2889	0.0922	0.2301	0.1207	0.156	0.112	HP	0.999	HN-D	0.413	LN	0.533	NB	0.329	HN-S	0.243	HN-D	0.551	HP	0.536	HN-D	0.276	0
(╯✧╰╯)	HP	0.3256		3-3-1-1	8		0	False	0.3256	0.0737	0.2575	0.1233	0.1388	0.081	HP	0.984	HN-D	0.522	LN	0.488	HP	0.516	HN-S	0.233	HN-D	0.551	HP	0.536	HN-D	0.276	0
(╯✧▽✧)	HP	0.3578	HP	5-1-1-1	8		0	False	0.3578	0.1252	0.1464	0.0984	0.1669	0.1054	HP	0.999	HP	0.35	LN	0.727	HP	0.217	LP	0.206	HP	0.398	HP	0.536	HN-D	0.276	0
(╲︿╱')	HP	0.3507		4-3-1	8		0	False	0.3507	0.0925	0.1999	0.1575	0.0922	0.1071	HP	0.333	HN-S	0.35	HP	0.998	HN-D	0.276	HP	0.234	HN-D	0.502	HP	0.54	HN-D	0.301	0
(╹ω╹)	NB	0.3026		2-2-2-1-1	8		0	False	0.2299	0.1123	0.1258	0.1107	0.1187	0.3026	NB	0.979	HN-D	0.295	NB	0.795	LN	0.223	LP	0.26	HP	0.602	HP	0.682	LN	0.275	0
(╹‿╹)	NB	0.3379		3-2-2-1	8		0	False	0.1926	0.102	0.1235	0.1018	0.1421	0.3379	NB	0.957	HN-D	0.209	NB	0.978	LN	0.43	NB	0.206	HP	0.464	HP	0.536	HN-D	0.276	0
(╹▽╹)	HP	0.2651		3-2-2-1	8		0	False	0.2651	0.1961	0.1217	0.0802	0.0836	0.2534	NB	0.573	LP	0.253	NB	0.616	LP	0.298	LP	0.242	HP	0.398	HP	0.536	HN-D	0.276	0
(╹ヮ╹)	NB	0.2902		3-2-2-1	8		0	False	0.1948	0.1616	0.1634	0.094	0.0959	0.2902	NB	0.735	LP	0.219	NB	0.731	LP	0.265	LP	0.235	HN-D	0.556	HP	0.638	HN-D	0.239	0
(▼_▼)	HN-S	0.2698		3-2-1-1-1	8		0	False	0.1005	0.0709	0.2054	0.2698	0.2666	0.0869	HN-S	0.811	HN-D	0.336	LN	0.989	HN-S	0.518	HP	0.204	HN-D	0.474	NB	0.299	HN-D	0.425	0
(▽▽)	NB	0.2861		3-2-2-1	8		0	False	0.2598	0.2285	0.0759	0.0742	0.0754	0.2861	HP	0.546	LP	0.316	NB	0.531	LP	0.398	HP	0.225	NB	0.555	HP	0.536	HN-D	0.276	0
(○´∀`○)	LP	0.295		4-2-1-1	8		0	False	0.1987	0.295	0.0653	0.0725	0.0804	0.2881	NB	0.533	LP	0.271	LP	0.663	NB	0.331	HN-S	0.186	LP	0.281	HP	0.37	LP	0.365	0
(◎_◎;)	HN-S	0.4381		4-2-1-1	8		0	False	0.1015	0.0543	0.1939	0.4381	0.1239	0.0884	HN-S	0.952	HN-S	0.401	HN-S	0.916	HN-S	0.681	LP	0.225	HN-D	0.59	HP	0.302	HN-D	0.252	0
(◕_◕)	HN-S	0.2564		2-2-2-1-1	8		0	False	0.1168	0.0586	0.2333	0.2564	0.1445	0.1904	HN-S	0.823	LN	0.279	NB	0.756	HN-D	0.376	HN-S	0.203	HN-D	0.666	HP	0.589	LN	0.314	0
(◕ω◕)	NB	0.3104		4-2-1-1	8		0	False	0.2184	0.1684	0.0987	0.1009	0.1032	0.3104	NB	0.928	NB	0.326	NB	0.52	NB	0.342	HN-D	0.185	HP	0.602	HP	0.682	LN	0.275	0
(◕‿◕)	NB	0.3944		3-2-2-1	8	HP	3	True	0.1842	0.1592	0.0934	0.0762	0.0927	0.3944	NB	0.842	NB	0.422	NB	0.989	LP	0.394	LP	0.197	HP	0.464	HP	0.536	HN-D	0.276	3
(◕‿◕✌)	LP	0.2741		3-2-2-1	8		0	False	0.2246	0.2741	0.1035	0.1132	0.0984	0.1863	LP	0.606	HP	0.276	LP	0.72	HN-S	0.296	HN-S	0.227	HP	0.464	HP	0.536	HN-D	0.276	0
(◕‿◕✿)	LP	0.2737		4-2-1-1	8	LP	2	True	0.2527	0.2737	0.0978	0.0771	0.0925	0.2063	LP	0.535	NB	0.319	LP	0.648	LP	0.311	LP	0.197	HP	0.464	HP	0.536	HN-D	0.276	2
(◕‿◕�	NB	0.247		3-2-2-1	8		0	False	0.2397	0.2358	0.0968	0.0934	0.0873	0.247	NB	0.392	NB	0.27	LP	0.586	LP	0.373	LP	0.225	HP	0.648	HP	0.45	HN-D	0.276	0
(◕▽◕)	HP	0.297		3-3-1-1	8		0	False	0.297	0.196	0.1273	0.0893	0.0907	0.1996	HP	0.902	LP	0.281	LP	0.548	NB	0.389	LP	0.191	HP	0.398	HP	0.536	HN-D	0.276	0
(◕▿◕✿)	HP	0.2736		3-2-1-1-1	8		0	False	0.2736	0.1474	0.165	0.1044	0.1414	0.1681	HP	0.884	HP	0.225	LN	0.481	NB	0.366	HN-S	0.197	HN-D	0.551	HP	0.536	HN-D	0.276	0
(◕ヮ◕)	NB	0.2384		2-2-2-1-1	8		0	False	0.2081	0.1672	0.1569	0.1381	0.0914	0.2384	HN-S	0.384	LP	0.28	NB	0.646	NB	0.305	LP	0.221	HN-D	0.556	HP	0.638	HN-D	0.239	0
(◜‿◝)	LP	0.2688		3-2-1-1-1	8		0	False	0.1839	0.2688	0.1097	0.1131	0.1227	0.2017	NB	0.62	LP	0.291	LP	0.73	HN-S	0.322	LP	0.239	HP	0.464	HP	0.536	HN-D	0.276	0
(◞‸◟)	LP	0.2327		2-2-2-1-1	8		0	False	0.1334	0.2327	0.187	0.1273	0.2134	0.1063	LN	0.755	LN	0.336	LP	0.982	LP	0.332	HN-S	0.206	HN-D	0.551	HP	0.536	HN-D	0.276	0
(◠‿◠)	NB	0.341		3-2-1-1-1	8		0	False	0.2263	0.1371	0.0941	0.0943	0.1073	0.341	NB	0.924	NB	0.38	NB	0.639	LN	0.231	LP	0.219	HP	0.464	HP	0.536	HN-D	0.276	0
(◠‿◠✿)	HP	0.3721		3-2-2-1	8		0	False	0.3721	0.1895	0.0915	0.0777	0.0935	0.1756	LP	0.453	NB	0.326	HP	0.992	LP	0.337	NB	0.222	HP	0.464	HP	0.536	HN-D	0.276	0
(◠‿・)	HP	0.3316		4-2-2	8		0	False	0.3316	0.1418	0.081	0.0922	0.0882	0.2651	NB	0.945	NB	0.337	HP	0.892	LP	0.362	LP	0.227	HP	0.633	HP	0.607	HP	0.236	0
(◣_◢)	HN-D	0.2841		3-3-1-1	8		0	False	0.125	0.0796	0.2841	0.2333	0.1415	0.1364	HN-D	0.76	HN-S	0.355	HN-S	0.304	HN-S	0.436	HN-D	0.188	HN-D	0.666	HP	0.589	LN	0.314	0
(☀️´▽`)	LP	0.3262		3-3-2	8		0	True	0.2705	0.3262	0.1629	0.0706	0.0553	0.1145	LP	0.783	LP	0.777	HP	0.818	LP	0.6	HP	0.243	HN-D	0.8	HP	0.536	HN-D	0.332	0
(☁️‿☁️)	LP	0.2695		3-2-2-1	8		0	False	0.233	0.2695	0.1709	0.0614	0.1768	0.0884	LP	0.979	LP	0.602	LN	0.795	HP	0.678	HP	0.217	HN-D	0.827	HP	0.536	HN-D	0.276	0
(★^O^★)	HP	0.6153	HP	7-1	8		0	False	0.6153	0.1284	0.0949	0.0403	0.0488	0.0723	HP	1.0	HP	0.68	HP	0.914	HP	0.623	HP	0.204	HN-D	0.476	HP	0.446	HP	0.711	0
(★ω★)	HP	0.4396	HP	6-1-1	8		0	False	0.4396	0.1449	0.1028	0.0724	0.0764	0.164	HP	1.0	HP	0.398	NB	0.457	HP	0.501	HP	0.2	HN-D	0.425	HP	0.564	HP	0.519	0
(★‿★)	HP	0.4227	HP	6-2	8		0	False	0.4227	0.1502	0.1197	0.0999	0.08	0.1276	HP	1.0	HP	0.554	HP	0.393	HP	0.391	HP	0.206	HN-D	0.316	HP	0.461	HN-D	0.402	0
(☆▽☆)	HP	0.4316	HP	5-1-1-1	8		0	False	0.4316	0.1323	0.1151	0.0635	0.0475	0.21	HP	1.0	HP	0.38	NB	0.739	HP	0.452	LP	0.246	HP	0.544	HP	0.544	HN-D	0.396	0
(☉‿☉)	NB	0.2964		2-2-1-1-1-1	8		0	False	0.1419	0.2048	0.1082	0.0943	0.1545	0.2964	NB	0.942	LP	0.478	LN	0.498	LP	0.474	HN-S	0.185	NB	0.392	HP	0.536	HN-D	0.276	0
(☕~☕)	LP	0.4211		3-3-2	8		0	False	0.2107	0.4211	0.1108	0.0811	0.0618	0.1145	LP	0.994	LP	0.693	HP	0.841	LP	0.982	HP	0.187	HN-D	0.439	HP	0.345	HN-D	0.26	0
(☕‿☕)	LP	0.4515		4-3-1	8		0	False	0.1853	0.4515	0.0904	0.0646	0.0808	0.1275	LP	1.0	LP	0.53	LP	0.833	LP	0.833	HP	0.203	HP	0.464	HP	0.536	HN-D	0.276	0
(☕・ω・)	LP	0.475		4-2-1-1	8		0	False	0.1713	0.475	0.1105	0.0684	0.0666	0.1083	LP	0.995	LP	0.552	LP	0.999	LP	0.896	HN-S	0.19	HN-D	0.514	HP	0.583	HP	0.254	0
(☕︎˶◕‿◕˶)	LP	0.4984		4-2-1-1	8		0	False	0.1449	0.4984	0.1336	0.0639	0.0545	0.1048	LP	1.0	LP	0.77	LP	0.998	LP	0.924	HN-S	0.186	HN-D	0.44	HP	0.556	HN-D	0.437	0
(☕︎‿)	LP	0.451		4-2-1-1	8		0	False	0.1528	0.451	0.1379	0.0563	0.0841	0.1179	LP	1.0	LP	0.646	LP	0.962	LP	0.689	HN-S	0.195	HN-D	0.44	HP	0.556	HN-D	0.437	0
(☕️‿‿‿)	LP	0.4453		4-2-2	8		0	False	0.1376	0.4453	0.1595	0.0673	0.087	0.1031	LP	0.999	LP	0.678	LP	0.879	LP	0.575	HP	0.242	HN-D	0.836	HP	0.536	HN-D	0.276	0
(☕️‿☕️)	LP	0.4239		4-2-2	8		0	False	0.1642	0.4239	0.1654	0.0563	0.0928	0.0974	LP	0.997	LP	0.637	LP	0.999	LP	0.378	HP	0.222	HN-D	0.827	HP	0.536	HN-D	0.276	0
(☕️☁️)	LP	0.5151		4-2-1-1	8		0	False	0.1124	0.5151	0.1781	0.0573	0.0615	0.0757	LP	1.0	LP	0.731	LP	0.999	LP	0.962	HN-S	0.194	HN-D	0.958	HP	0.536	HN-D	0.276	0
(☕️✿✿☕️)	LP	0.398		3-3-2	8		0	False	0.2021	0.398	0.1826	0.0549	0.0657	0.0968	LP	0.998	LP	0.577	LP	1.0	HP	0.686	HP	0.202	HN-D	0.958	HP	0.536	HN-D	0.276	0
(☞‿☞)	NB	0.3941		4-2-1-1	8		0	False	0.1973	0.1328	0.104	0.0748	0.0969	0.3941	NB	0.793	NB	0.327	NB	0.976	NB	0.499	HN-S	0.194	HP	0.464	HP	0.536	HN-D	0.276	0
(☞ﾟヮﾟ)	HP	0.3397		4-2-2	8		0	False	0.3397	0.1175	0.1213	0.0871	0.0839	0.2504	HP	0.889	HN-S	0.241	NB	0.936	NB	0.377	HN-S	0.189	HP	0.438	HP	0.491	HP	0.482	0
(♡^▽^♡)	HP	0.4101		4-3-1	8		0	False	0.4101	0.2844	0.0713	0.0665	0.0544	0.1134	HP	0.974	LP	0.317	LP	0.997	LP	0.321	HN-S	0.266	HP	0.579	HP	0.594	HP	0.411	0
(♡‿♡)	HP	0.3289		3-3-1-1	8		0	True	0.3289	0.2841	0.0824	0.1038	0.0795	0.1213	HP	0.982	LP	0.411	LP	0.981	LP	0.283	HN-S	0.307	HN-D	0.238	HP	0.662	HP	0.371	0
(⚖️)	HN-D	0.3716		4-2-1-1	8		0	False	0.1147	0.0628	0.3716	0.2983	0.0604	0.0922	HN-D	0.586	HN-D	0.587	HN-S	0.81	HN-S	0.527	LP	0.211	HN-D	0.928	HP	0.536	HN-D	0.276	0
(⚠️)	HN-S	0.4445	HN-S	5-2-1	8		0	False	0.1143	0.0549	0.2482	0.4445	0.0646	0.0735	HN-S	1.0	HN-S	0.578	HN-S	0.91	HN-S	0.652	HN-S	0.19	HN-D	0.928	HP	0.536	HN-D	0.276	0
(✈️⚡)	HN-S	0.2814		3-2-2-1	8		0	False	0.2419	0.071	0.2087	0.2814	0.0596	0.1373	HN-S	0.591	NB	0.258	HP	0.806	HN-S	0.856	HN-D	0.262	HN-D	0.947	HP	0.536	HN-D	0.276	0
(✌️)	NB	0.3922		4-2-1-1	8		0	False	0.1769	0.0968	0.1941	0.0687	0.0713	0.3922	NB	0.965	NB	0.248	NB	0.979	NB	0.504	HN-S	0.202	HN-D	0.928	HP	0.536	HN-D	0.276	0
(✦‿✦)	HP	0.3383		4-2-2	8		0	False	0.3383	0.1889	0.1077	0.0806	0.163	0.1215	HP	0.99	HP	0.24	LP	0.459	LP	0.398	HN-D	0.214	HP	0.464	HP	0.536	HN-D	0.276	0
(✧·∀·)	HP	0.3281		3-2-1-1-1	8		0	False	0.3281	0.2043	0.1618	0.1176	0.0968	0.0915	HP	0.986	HN-S	0.373	LP	0.959	LN	0.24	LP	0.213	HP	0.463	HP	0.488	HN-D	0.433	0
(✧ω✧)	HP	0.4064	HP	5-1-1-1	8		0	False	0.4064	0.1358	0.1089	0.1157	0.1088	0.1243	HP	0.976	HN-S	0.248	LP	0.488	HP	0.388	HP	0.188	HP	0.602	HP	0.682	LN	0.275	0
(✧‿✧)	LP	0.271		3-3-1-1	8		0	False	0.2487	0.271	0.1294	0.1098	0.1083	0.1327	LP	0.424	HP	0.254	LP	0.898	LP	0.339	HN-S	0.225	HP	0.464	HP	0.536	HN-D	0.276	0
(✧・̮・)	HP	0.2806		3-2-2-1	8		0	False	0.2806	0.2232	0.1508	0.1383	0.0934	0.1137	HP	0.856	HN-S	0.409	LP	0.919	LP	0.377	HN-S	0.244	HN-D	0.522	HP	0.636	HN-S	0.219	0
(✧・ω・✧)	HP	0.3226		3-2-2-1	8		0	False	0.3226	0.2104	0.1384	0.1461	0.0891	0.0934	HP	0.997	HN-S	0.403	LP	0.935	LP	0.351	HN-S	0.204	HN-D	0.452	HP	0.692	HN-S	0.264	0
(✧︎️✧)	HN-D	0.2624		3-2-2-1	8		0	False	0.2553	0.1659	0.2624	0.1578	0.0833	0.0752	HP	0.994	HN-S	0.493	LP	0.958	HN-S	0.369	HN-D	0.199	HN-D	0.96	HP	0.556	HN-D	0.437	0
(✧️)	HP	0.2345		3-2-2-1	8		0	False	0.2345	0.1595	0.2182	0.1646	0.0904	0.1328	HP	0.901	HN-S	0.49	LP	0.569	HN-S	0.353	HN-D	0.222	HN-D	0.928	HP	0.536	HN-D	0.276	0
(✨)	NB	0.2964		3-2-2-1	8		0	False	0.2376	0.1969	0.1265	0.0649	0.0778	0.2964	NB	0.977	LP	0.398	HP	0.419	LP	0.428	HP	0.242	HN-D	0.551	HP	0.536	HN-D	0.276	0
(✿´◜౪◝`✿)	LN	0.2615		2-2-1-1-1-1	8		0	False	0.1986	0.105	0.1032	0.1762	0.2615	0.1554	LN	0.826	HP	0.411	LN	0.763	NB	0.522	LP	0.246	HN-S	0.709	HP	0.756	HN-D	0.384	0
(✿´◜‿◝`✿)	LN	0.2143		3-1-1-1-1-1	8		0	False	0.1953	0.1524	0.0915	0.1773	0.2143	0.1691	LP	0.549	HP	0.383	LN	0.777	NB	0.597	HP	0.213	HN-S	0.78	HP	0.756	HN-D	0.384	0
(✿‾‾)	HN-D	0.1983		2-2-1-1-1-1	8		0	False	0.1878	0.1901	0.1983	0.0789	0.1809	0.1639	LP	0.686	HP	0.47	LN	0.949	NB	0.625	HN-D	0.221	HN-D	0.838	HP	0.579	HN-S	0.353	0
(✿‿❀)	HP	0.2667		4-2-1-1	8		0	False	0.2667	0.2517	0.089	0.0643	0.1581	0.1702	LP	0.611	HP	0.408	LN	0.623	HP	0.358	LP	0.259	HP	0.464	HP	0.536	HN-D	0.276	0
(✿‿❥)	HP	0.2875		4-2-1-1	8		0	False	0.2875	0.2054	0.0928	0.0692	0.2017	0.1434	LP	0.762	HP	0.477	LN	0.976	HP	0.39	LP	0.236	HP	0.464	HP	0.536	HN-D	0.276	0
(✿╹‿╹)	NB	0.2891		3-3-1-1	8		0	False	0.242	0.17	0.0995	0.0787	0.1206	0.2891	NB	0.473	HP	0.274	NB	0.702	NB	0.395	HN-S	0.224	HP	0.464	HP	0.536	HN-D	0.276	0
(✿◕‿◕)	HP	0.344		4-2-1-1	8		0	True	0.344	0.1465	0.0908	0.0648	0.0988	0.2551	HP	0.821	HP	0.408	NB	0.749	NB	0.519	HN-S	0.197	HP	0.464	HP	0.536	HN-D	0.276	0
(✿◕‿◕✿)	HP	0.3841	HP	5-2-1	8		0	False	0.3841	0.1299	0.0958	0.0666	0.1249	0.1988	HP	0.92	HP	0.353	NB	0.5	HP	0.384	HN-D	0.22	HP	0.464	HP	0.536	HN-D	0.276	0
(✿◠‿◠)	HP	0.2677		3-2-1-1-1	8		0	False	0.2677	0.2186	0.0915	0.0647	0.107	0.2505	LP	0.684	HP	0.385	NB	0.635	NB	0.384	HN-S	0.195	HP	0.464	HP	0.536	HN-D	0.276	0
(✿◠‿�	NB	0.2805		3-2-2-1	8		0	False	0.2421	0.2226	0.0978	0.0647	0.0923	0.2805	LP	0.527	HP	0.303	NB	0.603	NB	0.369	HN-D	0.227	HP	0.578	HP	0.45	HN-D	0.276	0
(✿・̀ㅁ・́)	HP	0.2749		3-2-1-1-1	8		0	False	0.2749	0.131	0.1438	0.1352	0.0786	0.2365	HP	0.591	HP	0.426	NB	0.594	NB	0.647	LP	0.221	HN-D	0.5	HP	0.646	HN-S	0.262	0
(❀‿❀)	HP	0.2867		3-1-1-1-1-1	8		0	False	0.2867	0.1745	0.1045	0.0889	0.1804	0.165	HP	0.494	LP	0.251	NB	0.568	LN	0.684	HN-S	0.242	HP	0.464	HP	0.536	HN-D	0.276	0
(❁´‿`❁)	HP	0.2499		2-2-2-2	8		0	False	0.2499	0.1284	0.178	0.1484	0.2064	0.0888	HP	0.708	HN-S	0.234	LN	0.6	LN	0.518	HN-S	0.206	HN-D	0.617	HP	0.756	HN-D	0.384	0
(❄️)	LP	0.265		2-2-2-2	8		0	False	0.1166	0.265	0.2145	0.2108	0.0949	0.0982	HN-S	0.74	HN-S	0.447	LP	0.901	LP	0.713	HP	0.207	HN-D	0.928	HP	0.536	HN-D	0.276	0
(❤️)	LN	0.2718		3-2-2-1	8		0	False	0.1858	0.1186	0.1507	0.1686	0.2718	0.1045	LN	0.437	HP	0.278	LN	0.847	HN-S	0.339	HP	0.275	HN-D	0.575	HP	0.536	HN-D	0.276	0
"(⸜�//
⸝̫⸝)"	HP	0.2687		2-2-1-1-1-1	8		0	False	0.2687	0.1316	0.1397	0.1166	0.154	0.1894	HP	0.935	HN-S	0.425	LN	0.708	NB	0.488	LP	0.319	HN-D	0.486	NB	0.49	HN-D	0.383	0
(　´∀`)	LP	0.32		4-2-1-1	8		0	False	0.2474	0.32	0.0413	0.0452	0.0815	0.2646	LP	0.498	LN	0.286	NB	0.509	HP	0.596	LP	0.229	LP	0.473	HP	0.336	LP	0.396	0
(　´∀`　)	LP	0.4082	LP	5-2-1	8		0	False	0.2295	0.4082	0.0497	0.0432	0.0812	0.1882	LP	0.84	LN	0.256	LP	0.527	HP	0.626	LP	0.246	LP	0.554	HP	0.312	LP	0.477	0
(〃¬‿¬〃)	HN-D	0.228		2-2-2-1-1	8		0	False	0.124	0.1784	0.228	0.1618	0.1446	0.1631	HN-D	0.862	LP	0.233	LN	0.41	LP	0.555	HP	0.235	HN-D	0.522	NB	0.334	NB	0.278	0
(〃°ω°〃)	HP	0.2775		3-2-2-1	8		0	False	0.2775	0.1433	0.1202	0.1795	0.1135	0.166	HP	0.986	HN-S	0.231	HN-S	0.562	NB	0.334	HP	0.242	HN-D	0.425	NB	0.265	NB	0.259	0
(〃´ω`〃)	NB	0.2055		2-2-1-1-1-1	8		0	False	0.144	0.1908	0.0894	0.1892	0.181	0.2055	HN-S	0.663	LN	0.259	LN	0.673	NB	0.394	LP	0.265	HN-D	0.346	NB	0.402	HP	0.362	0
(〃´д`)	LN	0.2323		3-2-1-1-1	8		0	False	0.0972	0.1178	0.2016	0.204	0.2323	0.1471	HN-D	0.574	HN-S	0.256	LN	0.761	NB	0.329	HP	0.19	HN-D	0.436	NB	0.276	NB	0.252	0
(〃∇〃)	HP	0.3748		3-3-1-1	8		0	False	0.3748	0.1715	0.0923	0.0873	0.093	0.1812	HP	1.0	LP	0.311	HP	0.913	NB	0.332	HP	0.243	HN-D	0.327	NB	0.334	NB	0.278	0
(〃▽〃)	HP	0.3487		3-3-1-1	8		0	False	0.3487	0.1912	0.0741	0.0838	0.1058	0.1964	HP	0.998	LP	0.368	HP	0.595	NB	0.332	HP	0.253	HN-D	0.254	NB	0.334	NB	0.278	0
(〃▿〃)	HP	0.2771		4-3-1	8		0	False	0.2771	0.1733	0.0837	0.09	0.1234	0.2524	HP	0.861	LP	0.244	NB	0.307	LP	0.295	LP	0.191	NB	0.326	NB	0.334	NB	0.278	0
(〃＾▽＾〃)	HP	0.3029		3-2-2-1	8		0	False	0.3029	0.214	0.0788	0.076	0.0819	0.2464	HP	0.845	LP	0.268	HP	0.462	LP	0.407	HP	0.247	HN-D	0.276	NB	0.371	NB	0.466	0
(〃ﾟ3ﾟ〃)	HP	0.3212		4-1-1-1-1	8		0	False	0.3212	0.1425	0.0865	0.0966	0.1591	0.1942	HP	0.968	HN-S	0.312	LN	0.661	LP	0.4	HP	0.218	HP	0.429	NB	0.39	HP	0.512	0
(〃￣ω￣〃)	NB	0.2524		2-2-2-1-1	8		0	False	0.1356	0.213	0.1185	0.1236	0.157	0.2524	NB	0.53	LP	0.239	LN	0.592	LP	0.352	HP	0.212	HN-D	0.613	HP	0.385	NB	0.517	0
(つ≧▽≦)	HP	0.4256	HP	5-2-1	8		0	False	0.4256	0.206	0.0795	0.0786	0.1174	0.0928	HP	0.994	HP	0.322	LP	0.847	LP	0.326	HP	0.31	HP	0.88	HP	0.684	LN	0.403	0
(つ◕o◕)	HP	0.2915		4-1-1-1-1	8		0	False	0.2915	0.1728	0.1288	0.1349	0.1262	0.1458	HP	0.76	HN-D	0.292	LP	0.889	NB	0.399	HP	0.27	HP	0.318	HP	0.793	LN	0.348	0
(づ｡◕‿‿◕｡)	HP	0.3048		3-2-1-1-1	8		0	False	0.3048	0.1732	0.12	0.0639	0.1769	0.1612	HP	0.928	HP	0.322	LN	0.671	NB	0.24	LP	0.233	NB	0.377	HP	0.534	HN-D	0.439	0
(づ｡◕‿◕｡)	LP	0.202		2-2-2-1-1	8		0	False	0.2013	0.202	0.1255	0.0871	0.1959	0.1882	NB	0.377	LP	0.391	LN	0.834	NB	0.269	HP	0.21	HN-D	0.292	HP	0.534	HN-D	0.439	0
(゜∇゜)	HP	0.3071		3-2-2-1	8		0	False	0.3071	0.184	0.0697	0.0736	0.089	0.2766	NB	0.949	HN-S	0.229	HP	0.55	NB	0.495	LP	0.214	HP	0.779	HP	0.535	LP	0.284	0
(ノ◕ヮ◕)	HP	0.3075		4-2-1-1	8	HP	4	True	0.3075	0.1012	0.1152	0.0801	0.2042	0.1919	HP	1.0	HN-D	0.223	LN	0.789	NB	0.474	HP	0.236	HP	0.337	HP	0.381	HN-D	0.385	4
(・	NB	0.3406	NB	5-1-1-1	8		0	False	0.1105	0.1814	0.1198	0.1249	0.1227	0.3406	NB	0.713	LN	0.201	NB	0.56	NB	0.437	HP	0.205	HN-D	0.242	NB	0.334	NB	0.219	0
(・_・)	NB	0.4461	NB	6-2	8		0	True	0.0821	0.1122	0.1145	0.1149	0.1302	0.4461	NB	0.999	NB	0.237	NB	0.947	NB	0.506	HN-D	0.207	HN-D	0.261	NB	0.366	NB	0.277	0
(・_・;)	HN-S	0.2656		4-2-1-1	8	NB	2	True	0.0899	0.064	0.1902	0.2656	0.2541	0.1361	HN-S	0.651	LN	0.276	LN	0.691	LN	0.282	HN-D	0.22	HN-S	0.303	NB	0.27	LN	0.315	2
(・_・;?)	HN-S	0.3284		4-2-2	8		0	False	0.1038	0.0526	0.1384	0.3284	0.17	0.2069	NB	0.721	HN-S	0.415	HN-S	0.749	HN-S	0.285	HN-D	0.22	HN-S	0.391	NB	0.359	HN-D	0.29	0
(・_・?)	NB	0.4316		4-2-2	8		0	False	0.0619	0.0714	0.1409	0.1484	0.1457	0.4316	NB	1.0	LN	0.262	NB	0.948	NB	0.387	HN-D	0.27	HN-D	0.308	NB	0.534	LN	0.283	0
(・_・ゞ−☆	HN-S	0.2342		3-3-1-1	8		0	False	0.1906	0.1656	0.1153	0.2342	0.1107	0.1837	HN-S	0.528	LP	0.211	HN-S	0.656	NB	0.487	HN-S	0.196	HP	0.36	HP	0.444	HP	0.388	0
(・_・ヾ	NB	0.2661		3-3-1-1	8		0	False	0.0987	0.0712	0.1586	0.1852	0.2201	0.2661	NB	0.832	LN	0.253	LN	0.673	NB	0.468	NB	0.225	HN-D	0.401	HP	0.401	LN	0.292	0
(・`ω´・)	NB	0.2186		3-1-1-1-1-1	8		0	False	0.1525	0.169	0.2068	0.162	0.091	0.2186	HN-S	0.594	LN	0.214	NB	0.567	LP	0.314	HN-D	0.211	HN-D	0.621	HP	0.413	HN-D	0.343	0
(・̀.̫・́)	HN-S	0.2809		2-2-2-1-1	8		0	False	0.1209	0.1444	0.172	0.2809	0.0932	0.1886	HN-S	0.995	HN-D	0.368	LP	0.515	HN-S	0.263	HP	0.252	NB	0.37	HP	0.302	HN-D	0.451	0
(・̀_・́)	HN-S	0.273		4-1-1-1-1	8		0	False	0.1589	0.1204	0.1797	0.273	0.1464	0.1216	HN-S	0.996	HN-D	0.256	LP	0.41	LN	0.258	HN-D	0.202	HN-D	0.485	HP	0.598	HN-D	0.363	0
(・̀ω・́	HN-S	0.2269		2-2-1-1-1-1	8		0	False	0.1899	0.1803	0.1334	0.2269	0.1219	0.1476	HN-S	0.948	HN-D	0.245	LP	0.688	NB	0.415	LP	0.195	HP	0.476	HP	0.432	LN	0.237	0
(・̀ω・́)	HN-S	0.2235		2-2-1-1-1-1	8		0	False	0.1899	0.2002	0.1323	0.2235	0.0946	0.1595	HN-S	0.948	HN-D	0.237	LP	0.843	NB	0.415	LP	0.195	HP	0.476	HP	0.429	LN	0.235	0
(・̀‿-)	HN-S	0.2229		3-2-1-1-1	8		0	False	0.1077	0.1307	0.135	0.2229	0.1937	0.21	HN-S	0.99	HN-D	0.2	LN	0.739	NB	0.461	HP	0.216	NB	0.464	NB	0.349	LN	0.307	0
(・̀‿・́)	HN-S	0.2306		2-2-2-1-1	8		0	False	0.1395	0.1215	0.1306	0.2306	0.2018	0.1759	HN-S	0.966	HN-D	0.194	LN	0.841	NB	0.568	HP	0.227	HN-D	0.318	NB	0.264	LN	0.277	0
(・̀ㅁ・́)	HN-S	0.2708		2-2-1-1-1-1	8		0	False	0.1177	0.1768	0.1353	0.2708	0.1095	0.1899	HN-S	0.988	HN-D	0.248	LP	0.753	NB	0.487	HP	0.208	HN-S	0.334	NB	0.264	LN	0.277	0
(・̀ㅁ・́;)	HN-S	0.305		2-2-2-1-1	8		0	False	0.0924	0.07	0.1765	0.305	0.2339	0.1222	HN-S	0.963	HN-D	0.354	LN	0.853	NB	0.465	HN-D	0.28	HN-S	0.495	HP	0.273	LN	0.3	0
(・̀ㅂ・́)	HN-S	0.2441		2-2-1-1-1-1	8		0	False	0.1698	0.1972	0.1245	0.2441	0.1097	0.1547	HN-S	0.923	HN-D	0.219	LP	0.833	NB	0.424	HP	0.187	HP	0.537	NB	0.264	LN	0.277	0
(・́⌓・̀)	HN-S	0.2344		3-2-2-1	8		0	False	0.1394	0.1268	0.1778	0.2344	0.1112	0.2104	HN-S	0.997	HN-D	0.231	NB	0.731	NB	0.45	HP	0.235	HN-D	0.321	HP	0.527	HN-D	0.504	0
(・́︵・̀)	HN-S	0.2288		3-2-1-1-1	8		0	False	0.1201	0.1436	0.1302	0.2288	0.1902	0.1871	HN-S	0.99	HN-D	0.288	LN	0.716	NB	0.431	HP	0.192	HP	0.372	NB	0.256	NB	0.283	0
(・ε・)	NB	0.3184		3-1-1-1-1-1	8		0	False	0.1116	0.1762	0.126	0.1468	0.121	0.3184	HN-S	0.483	LP	0.215	NB	0.731	NB	0.476	HN-D	0.198	HP	0.297	NB	0.362	LN	0.263	0
(・ω<)	NB	0.3798		4-2-1-1	8		0	False	0.1509	0.1893	0.1107	0.0708	0.0986	0.3798	NB	0.996	NB	0.278	NB	0.755	LP	0.548	HP	0.225	HN-D	0.451	HP	0.381	NB	0.24	0
(・ω・)	NB	0.392	NB	5-2-1	8	NB	2	True	0.1183	0.2269	0.0847	0.08	0.0981	0.392	NB	0.999	NB	0.229	NB	0.516	LP	0.396	HP	0.238	HP	0.252	NB	0.371	NB	0.387	2
(・ω・;)	HN-S	0.2511		3-2-1-1-1	8		0	False	0.0965	0.1687	0.156	0.2511	0.1506	0.1771	HN-S	0.999	HN-D	0.278	LP	0.562	NB	0.352	HN-D	0.213	HN-D	0.425	NB	0.259	LN	0.374	0
(・ω・?)	NB	0.3756		4-2-1-1	8		0	True	0.0766	0.1547	0.1201	0.1491	0.1238	0.3756	NB	0.727	HN-S	0.254	NB	0.677	NB	0.417	HN-D	0.2	HN-D	0.31	NB	0.498	LN	0.262	0
(・ω・`)	HN-S	0.226		2-2-2-1-1	8		0	False	0.0984	0.1624	0.1664	0.226	0.1495	0.1972	HN-S	0.98	HN-S	0.244	NB	0.553	NB	0.386	HP	0.226	HN-D	0.58	HP	0.254	LN	0.404	0
(・ω・`)ゝo☆	HP	0.331	HP	5-1-1-1	8		0	False	0.331	0.2522	0.1207	0.0664	0.1094	0.1203	HP	0.971	HP	0.482	LP	1.0	HP	0.324	HP	0.308	HN-D	0.518	HP	0.331	LN	0.485	0
(・ω・ﾉ	NB	0.2761		4-3-1	8		0	False	0.2042	0.2479	0.0864	0.0968	0.0884	0.2761	NB	0.781	LP	0.257	LP	0.778	LP	0.464	HP	0.246	HP	0.494	HP	0.405	HP	0.38	0
(・ө・)	NB	0.3475	NB	5-1-1-1	8		0	False	0.1093	0.2097	0.1168	0.1011	0.1156	0.3475	NB	0.8	HN-D	0.224	NB	0.519	NB	0.44	HP	0.262	NB	0.269	NB	0.254	LN	0.265	0
(・‾‿‾・)	NB	0.3052		2-2-2-2	8		0	False	0.1975	0.1997	0.1503	0.0612	0.0861	0.3052	NB	1.0	LP	0.387	LP	0.636	HP	0.425	HP	0.298	HN-D	0.316	NB	0.411	HN-D	0.597	0
(・‿・)	NB	0.363		4-2-1-1	8		0	False	0.1314	0.2501	0.0849	0.0786	0.0919	0.363	NB	0.998	LP	0.36	LP	0.729	NB	0.447	HP	0.232	NB	0.343	NB	0.308	HN-D	0.287	0
(・∀・)	NB	0.4142	NB	5-2-1	8		0	False	0.1707	0.223	0.0646	0.0514	0.0761	0.4142	NB	0.999	NB	0.295	NB	0.713	NB	0.383	HP	0.244	HP	0.401	NB	0.316	LP	0.306	0
(・∀・;)	HN-S	0.2277		3-2-1-1-1	8		0	False	0.1404	0.1635	0.1556	0.2277	0.1351	0.1776	HN-S	0.85	HN-D	0.24	LP	0.6	NB	0.403	HP	0.264	HN-D	0.351	HP	0.298	HN-D	0.342	0
(・▽・)	NB	0.3706		4-2-1-1	8		0	False	0.1451	0.2312	0.0954	0.0746	0.0831	0.3706	NB	0.995	LP	0.363	LP	0.569	NB	0.454	HP	0.24	NB	0.309	NB	0.308	HN-D	0.287	0
(・⩊・)	NB	0.2896		3-2-1-1-1	8		0	False	0.1836	0.1944	0.1031	0.1459	0.0833	0.2896	NB	0.809	LP	0.329	HP	0.606	NB	0.452	HN-S	0.233	HN-S	0.335	NB	0.308	HN-D	0.287	0
(・へ・)	NB	0.2323		3-2-1-1-1	8		0	False	0.0944	0.1231	0.1403	0.2307	0.1792	0.2323	HN-S	0.94	HN-D	0.314	NB	0.608	NB	0.445	HP	0.241	HN-D	0.257	NB	0.264	LN	0.372	0
(・・;)	HN-S	0.3099		3-2-2-1	8		0	False	0.0772	0.1038	0.137	0.3099	0.2222	0.15	HN-S	0.881	LN	0.36	HN-S	0.513	NB	0.309	LP	0.274	HN-S	0.209	NB	0.402	LN	0.329	0
(・・;ノ)	HN-S	0.393		2-2-2-1-1	8		0	False	0.096	0.0775	0.1533	0.393	0.1603	0.1198	HN-S	0.881	HN-D	0.321	HN-S	0.953	LN	0.28	LP	0.245	HN-D	0.274	NB	0.273	LN	0.303	0
(・﹏・)	HN-S	0.2458		3-3-1-1	8		0	False	0.0798	0.133	0.1453	0.2458	0.1981	0.198	HN-S	0.981	HN-D	0.311	LN	0.555	NB	0.515	HN-D	0.21	HN-D	0.261	NB	0.366	NB	0.277	0
(ーー;)	HN-D	0.2881		3-2-1-1-1	8		0	False	0.1067	0.1152	0.2881	0.1466	0.2416	0.1018	HN-D	0.753	LN	0.325	LN	0.612	NB	0.28	HP	0.231	HN-D	0.524	LP	0.216	HN-D	0.395	0
(人*´∀`)	HP	0.3889		3-2-2-1	8		0	False	0.3889	0.307	0.0686	0.045	0.0635	0.127	LP	0.573	LN	0.219	LP	0.975	NB	0.439	NB	0.196	HP	0.773	HP	0.693	HP	0.729	0
(人*´∇	LP	0.3385		3-3-1-1	8		0	False	0.3168	0.3385	0.107	0.0561	0.0747	0.1069	LP	0.89	LN	0.218	LP	0.98	LP	0.372	NB	0.213	HP	0.794	HP	0.63	HP	0.44	0
(灬°‿°灬)	NB	0.3011		3-2-2-1	8		0	False	0.1229	0.2092	0.0817	0.0813	0.2037	0.3011	LP	0.679	LP	0.239	LN	0.919	LP	0.456	HN-D	0.182	LN	0.288	NB	0.745	NB	0.705	0
(ꈍ‿ꈍ✨)	HP	0.2834		3-1-1-1-1-1	8		0	False	0.2834	0.2002	0.1088	0.1022	0.209	0.0965	HP	0.838	HN-S	0.215	LN	0.953	LP	0.938	NB	0.242	HP	0.464	HP	0.536	HN-D	0.276	0
(ꈍ‿ꈍ�	LN	0.2404		2-2-1-1-1-1	8		0	False	0.1822	0.13	0.1568	0.1786	0.2404	0.112	HN-S	0.375	HN-S	0.356	LN	0.903	LP	0.563	NB	0.244	HP	0.648	HP	0.45	HN-D	0.276	0
(꒪_꒪ׅ)	HN-D	0.3315		3-2-2-1	8		0	False	0.1186	0.0646	0.3315	0.2214	0.189	0.0748	HN-D	0.644	HN-D	0.361	LN	0.67	HN-S	0.399	HN-S	0.292	HN-D	0.666	HP	0.589	LN	0.314	0
(꒪_꒪✿)	HN-D	0.2446		2-2-2-1-1	8		0	False	0.1268	0.1195	0.2446	0.1941	0.2109	0.1042	HN-S	0.521	HN-D	0.398	LN	0.842	LP	0.481	HN-S	0.242	HN-D	0.666	HP	0.589	LN	0.314	0
(꒪ヮ꒪)	HP	0.2739		3-2-1-1-1	8		0	False	0.2739	0.1534	0.196	0.1335	0.1574	0.0857	HP	0.875	HN-D	0.395	LN	0.502	HN-S	0.257	LP	0.218	HN-D	0.556	HP	0.64	HN-D	0.239	0
(꒪ꇴ꒪)	HN-S	0.2418		3-2-1-1-1	8		0	False	0.1393	0.1121	0.2182	0.2418	0.2083	0.0802	HN-S	0.722	HN-D	0.362	LN	0.902	LP	0.339	HN-S	0.263	HN-D	0.551	HP	0.536	HN-D	0.276	0
(꒪꒫	HN-D	0.2851		4-1-1-1-1	8		0	False	0.1283	0.0986	0.2851	0.1673	0.193	0.1276	HN-D	0.498	HN-D	0.397	LN	0.75	LP	0.342	HN-S	0.213	HN-D	0.559	HP	0.45	HN-D	0.276	0
(눈_눈)	HN-D	0.3021		3-3-1-1	8		0	False	0.1377	0.0702	0.3021	0.1313	0.258	0.1008	HN-D	0.966	HN-D	0.434	LN	0.928	LN	0.332	HN-S	0.203	HN-D	0.351	HP	0.589	LN	0.314	0
(️)	HN-S	0.2947		3-2-2-1	8		0	False	0.1277	0.108	0.1837	0.2947	0.1499	0.1359	HN-S	0.872	HN-S	0.332	LN	0.486	HN-S	0.501	HP	0.249	HN-D	0.65	HP	0.536	HN-D	0.276	0
(️⚠️)	HN-S	0.4759		4-2-2	8		0	False	0.1172	0.0544	0.2323	0.4759	0.0625	0.0577	HN-S	1.0	HN-S	0.648	HN-S	0.858	HN-S	0.869	HP	0.237	HN-D	0.95	HP	0.536	HN-D	0.276	0
(️⚰️)	HN-D	0.3841		4-2-1-1	8		0	False	0.1221	0.0591	0.3841	0.1567	0.2184	0.0595	HN-D	0.925	HN-S	0.392	LN	0.84	HN-D	0.559	HP	0.273	HN-D	0.95	HP	0.536	HN-D	0.276	0
(️✈️)	HN-S	0.2506		2-2-2-1-1	8		0	False	0.1257	0.1084	0.199	0.2506	0.097	0.2193	NB	0.771	HN-S	0.298	LP	0.353	HN-S	0.899	HP	0.245	HN-D	0.95	HP	0.536	HN-D	0.276	0
(️❤️)	HN-S	0.2521		2-2-2-2	8		0	False	0.1364	0.0988	0.1817	0.2521	0.2259	0.1052	HN-S	0.748	LN	0.237	LN	0.997	HN-S	0.64	HP	0.265	HN-D	0.714	HP	0.536	HN-D	0.276	0
(️️)	HN-S	0.2794		3-2-2-1	8		0	False	0.1281	0.1002	0.2345	0.2794	0.1608	0.097	HN-S	0.883	HN-S	0.343	LN	0.608	HN-S	0.537	HP	0.275	HN-D	0.808	HP	0.536	HN-D	0.276	0
(️️️)	HN-S	0.2901		3-2-2-1	8		0	False	0.1242	0.0637	0.2372	0.2901	0.2084	0.0764	HN-S	0.944	HN-S	0.396	LN	0.996	HN-S	0.597	HP	0.255	HN-D	0.908	HP	0.536	HN-D	0.276	0
(︵・ω・)	LN	0.2525		2-2-2-1-1	8		0	False	0.1434	0.0872	0.2111	0.144	0.2525	0.1617	HN-D	0.488	HN-D	0.413	LN	0.666	HN-S	0.239	HP	0.225	HP	0.328	NB	0.395	NB	0.285	0
(︵・ω・︵)	LN	0.2862		3-3-1-1	8		0	False	0.1224	0.0815	0.2448	0.1394	0.2862	0.1257	HN-D	0.713	HN-D	0.406	LN	0.903	LN	0.372	HN-D	0.218	HN-S	0.314	HP	0.395	LN	0.244	0
(︵︵)	HN-D	0.2437		3-2-1-1-1	8		0	False	0.1308	0.0627	0.2437	0.2001	0.2379	0.125	HN-D	0.667	HN-D	0.465	LN	0.718	HN-S	0.364	HP	0.233	NB	0.322	HP	0.401	HP	0.298	0
(︵︶︵)	LN	0.3193		3-3-1-1	8		0	False	0.1474	0.0639	0.1777	0.179	0.3193	0.1127	LN	0.594	HN-D	0.45	LN	0.789	LN	0.594	HP	0.266	HN-S	0.357	HP	0.364	HP	0.319	0
(︵︿︵)	LN	0.2761		3-2-2-1	8		0	False	0.1047	0.0618	0.2366	0.173	0.2761	0.1477	HN-D	0.585	HN-D	0.475	LN	0.78	LN	0.508	HP	0.301	NB	0.396	NB	0.409	NB	0.236	0
(︶︿︶)	LN	0.2743		2-2-2-1-1	8		0	False	0.1063	0.1156	0.2084	0.1801	0.2743	0.1152	HN-D	0.767	HN-D	0.389	LN	0.842	LN	0.48	LP	0.215	NB	0.497	HP	0.379	HP	0.269	0
(︾⌐‿︾)	HP	0.3358		4-2-2	8		0	False	0.3358	0.1024	0.1828	0.2035	0.1194	0.0561	HP	0.745	HN-D	0.365	HN-S	0.465	HN-S	0.342	HP	0.329	HN-D	0.387	HP	0.649	HP	0.363	0
(︿︿)	NB	0.2324		2-2-2-1-1	8		0	False	0.1487	0.0909	0.1606	0.1891	0.1783	0.2324	NB	0.673	HN-D	0.436	LN	0.558	LN	0.345	HP	0.259	HN-S	0.365	NB	0.483	HP	0.418	0
(﹏-)	HN-S	0.2455		2-2-2-1-1	8		0	False	0.0623	0.1671	0.2289	0.2455	0.1627	0.1335	HN-S	0.974	LN	0.301	LP	0.605	HN-S	0.356	NB	0.197	HN-D	0.597	NB	0.278	LN	0.339	0
(＾3＾)	NB	0.2823		3-3-1-1	8		0	False	0.1656	0.2718	0.1092	0.0796	0.0915	0.2823	NB	0.862	NB	0.318	LP	0.838	HN-S	0.258	LP	0.239	HP	0.403	NB	0.319	LP	0.31	0
(＾_＾)	NB	0.405	NB	5-1-1-1	8		0	False	0.0929	0.1927	0.116	0.0719	0.1215	0.405	NB	0.98	NB	0.497	NB	0.498	LN	0.409	LP	0.186	HN-D	0.484	NB	0.401	NB	0.423	0
(＾‿＾)	NB	0.2902		3-2-1-1-1	8		0	False	0.139	0.2654	0.1331	0.0736	0.0987	0.2902	NB	0.982	NB	0.416	LP	0.958	LN	0.373	LP	0.205	HN-D	0.407	NB	0.321	HP	0.268	0
(＾∇＾)	HP	0.3		3-3-2	8		0	False	0.3	0.2985	0.0888	0.0497	0.072	0.191	HP	0.9	NB	0.378	LP	0.951	HP	0.289	NB	0.217	LP	0.333	NB	0.321	HP	0.268	0
(＾▽＾)	NB	0.311		3-2-1-1-1	8		0	True	0.1964	0.2507	0.1143	0.0487	0.0789	0.311	NB	0.876	NB	0.385	LP	0.822	LN	0.22	LP	0.208	HN-D	0.359	NB	0.321	HP	0.268	0
(＾・ω・＾)	NB	0.4136	NB	5-2-1	8		0	False	0.1375	0.2367	0.0706	0.0549	0.0867	0.4136	NB	1.0	NB	0.453	NB	0.586	NB	0.289	LP	0.193	HP	0.274	NB	0.363	LP	0.331	0
(＾ｪ＾)	NB	0.3295		3-2-1-1-1	8		0	False	0.1228	0.2617	0.1086	0.0759	0.1016	0.3295	NB	0.942	NB	0.351	LP	0.864	LN	0.244	HP	0.224	HN-D	0.373	NB	0.338	LP	0.327	0
(ｏ❁・‿・❁)�	HP	0.2438		3-3-2	8		0	False	0.2438	0.2279	0.1103	0.2022	0.0803	0.1356	LP	0.678	HN-S	0.537	HP	0.999	LP	0.603	LP	0.21	HN-S	0.432	HP	0.509	HN-S	0.342	0
(ｏ・ω・)	NB	0.233		2-2-2-2	8		0	False	0.2249	0.142	0.0957	0.181	0.1234	0.233	NB	0.816	HN-S	0.328	HP	0.563	HN-S	0.472	LP	0.265	HP	0.456	NB	0.319	LP	0.286	0
(ｏ・ω・)ﾉﾞ	HP	0.3514	HP	5-1-1-1	8		0	False	0.3514	0.1255	0.1048	0.1973	0.0851	0.1359	HN-S	0.634	HP	0.56	HP	0.907	HN-D	0.502	LP	0.305	HP	0.369	HP	0.489	HP	0.308	0
(｡-ω-)	LN	0.3677		4-1-1-1-1	8		0	True	0.0799	0.1381	0.153	0.1108	0.3677	0.1506	LN	0.977	LN	0.275	LN	0.755	NB	0.39	HN-S	0.2	HN-D	0.626	HP	0.269	LN	0.335	0
(｡-∀-)	NB	0.2766		3-2-1-1-1	8		0	False	0.1296	0.221	0.1512	0.0671	0.1545	0.2766	NB	0.889	LP	0.331	LP	0.468	NB	0.467	HN-S	0.21	HN-D	0.755	HP	0.37	NB	0.234	0
(｡>‿<｡)	HP	0.369		4-3-1	8		0	False	0.369	0.1807	0.0737	0.1022	0.1352	0.1392	HP	0.91	LP	0.237	LP	0.45	LP	0.4	LP	0.208	HP	0.524	HP	0.806	LN	0.281	0
(｡>﹏<｡)	HN-S	0.2645		3-3-1-1	8		0	False	0.2168	0.0879	0.1133	0.2645	0.2212	0.0963	HN-S	0.978	HN-S	0.417	LN	0.826	NB	0.46	HN-S	0.23	HP	0.391	HP	0.756	HP	0.359	0
(｡´▽`｡)	LP	0.2831		2-2-2-2	8		0	False	0.1815	0.2831	0.1524	0.0886	0.1365	0.1578	LP	0.997	HP	0.356	NB	0.476	NB	0.322	LP	0.253	HP	0.559	HN-D	0.3	HN-D	0.495	0
(｡´꒳`｡)	LN	0.2507		3-2-2-1	8		0	False	0.0904	0.2055	0.2424	0.1275	0.2507	0.0836	LP	1.0	HN-S	0.276	LN	0.777	LN	0.327	HN-S	0.213	HN-D	0.68	HN-D	0.3	HN-D	0.495	0
(｡˃ᆺ˂｡)	HN-S	0.2056		2-2-1-1-1-1	8		0	False	0.1055	0.1828	0.186	0.2056	0.1191	0.2009	HN-S	0.858	LN	0.312	LP	0.534	NB	0.545	HP	0.191	HN-D	0.478	HP	0.349	HN-D	0.617	0
(｡˃‿˂)	NB	0.2805		3-2-2-1	8		0	True	0.1042	0.227	0.1606	0.0955	0.1322	0.2805	NB	0.598	LP	0.265	LP	0.586	NB	0.518	LP	0.239	HN-D	0.366	HP	0.351	HN-D	0.539	0
(｡˃‿˂｡)	LP	0.2171		3-2-2-1	8		0	False	0.198	0.2171	0.1633	0.0832	0.1267	0.2116	HP	0.684	LP	0.292	LP	0.56	NB	0.412	LP	0.225	HN-D	0.291	HP	0.349	HN-D	0.617	0
(｡˘-˘｡)	LP	0.2875		3-2-1-1-1	8		0	True	0.118	0.2875	0.1673	0.1263	0.1674	0.1335	LP	0.616	LP	0.317	LP	0.891	NB	0.284	NB	0.194	HN-S	0.399	HP	0.722	HN-D	0.638	0
(｡‿‿‿｡)	LP	0.2114		3-2-1-1-1	8		0	False	0.1624	0.2114	0.1928	0.1276	0.1253	0.1804	NB	0.573	LP	0.277	HN-D	0.509	LP	0.413	LP	0.282	HN-S	0.395	HP	0.349	HN-D	0.617	0
(｡╯︵╰｡)	LN	0.3368		2-2-2-1-1	8		0	False	0.0715	0.0604	0.2544	0.1691	0.3368	0.1078	LN	0.98	HN-S	0.42	LN	0.929	NB	0.29	HN-S	0.329	HN-D	0.585	HP	0.42	HN-D	0.557	0
(｡╹ω╹｡)	LP	0.2047		3-2-1-1-1	8		0	False	0.163	0.2047	0.1907	0.1296	0.123	0.189	LP	0.603	HN-D	0.306	LP	0.505	LN	0.233	HN-S	0.223	HN-D	0.365	HP	0.675	HN-D	0.578	0
(｡◕‿◕｡)	NB	0.3024		2-2-2-1-1	8	NB	2	True	0.1452	0.1457	0.1572	0.0837	0.1657	0.3024	NB	0.776	HP	0.371	LN	0.636	NB	0.447	HN-S	0.194	HN-D	0.291	HP	0.349	HN-D	0.617	2
(｡◕◕｡)	NB	0.2393		2-2-2-1-1	8		0	False	0.1485	0.099	0.1967	0.1416	0.1749	0.2393	NB	0.728	HP	0.421	LN	0.837	NB	0.381	HN-S	0.262	HN-D	0.478	HP	0.349	HN-D	0.617	0
(｡♥‿♥｡)	LP	0.3177		4-3-1	8	LP	2	True	0.274	0.3177	0.1259	0.0702	0.0597	0.1524	LP	0.804	HP	0.57	LP	0.753	LP	0.35	LP	0.247	HP	0.288	HP	0.535	HN-D	0.476	2
(｡・	LP	0.3163		3-3-2	8		0	False	0.1037	0.3163	0.0865	0.1235	0.141	0.2291	LP	0.707	LP	0.266	LP	0.697	NB	0.343	HN-S	0.209	HN-S	0.298	NB	0.29	NB	0.329	0
(｡・ˇ‸ˇ・｡)	LP	0.2227		2-2-1-1-1-1	8		0	False	0.0882	0.2227	0.192	0.1198	0.1571	0.2203	HN-D	0.461	LP	0.27	LP	0.846	LN	0.357	HN-S	0.232	HN-D	0.352	HP	0.261	NB	0.519	0
(｡・̀‿-)	NB	0.3159		3-2-2-1	8	NB	2	True	0.1298	0.2123	0.1014	0.1183	0.1222	0.3159	NB	0.824	LP	0.246	LP	0.586	HN-S	0.298	HN-S	0.217	NB	0.417	HP	0.376	NB	0.521	2
(｡・̀‿・́｡)	NB	0.2695		3-2-2-1	8		0	False	0.1222	0.198	0.1407	0.1432	0.1264	0.2695	NB	0.846	LP	0.268	LP	0.572	HN-S	0.342	LP	0.201	HN-S	0.276	HN-D	0.379	NB	0.463	0
(｡・́ω・̀｡)	LN	0.2617		2-2-2-1-1	8		0	False	0.081	0.2112	0.1521	0.1468	0.2617	0.1472	LN	0.854	LP	0.272	LP	0.885	HN-S	0.307	HN-S	0.235	HN-D	0.341	HN-D	0.324	NB	0.412	0
(｡・́‿・̀｡)	LP	0.2351		3-2-2-1	8		0	False	0.0684	0.2351	0.2153	0.1437	0.1935	0.1438	LN	0.454	LP	0.304	LP	0.801	HN-S	0.3	HN-S	0.288	HN-D	0.387	HN-D	0.43	HN-D	0.496	0
(｡・́⌒・̀｡)	LN	0.2633		3-2-2-1	8		0	False	0.075	0.1869	0.222	0.1481	0.2633	0.1048	LN	0.971	LP	0.303	LP	0.788	HN-S	0.229	HN-S	0.295	HN-D	0.419	HN-D	0.43	HN-D	0.496	0
(｡・́︵・̀｡)	LN	0.2199		2-2-2-1-1	8		0	False	0.0682	0.1237	0.2046	0.21	0.2199	0.1736	LN	0.81	LN	0.211	LP	0.504	HN-S	0.559	HN-S	0.306	HN-D	0.632	HN-D	0.53	NB	0.702	0
(｡・́︿・̀｡)	HN-D	0.2136		3-2-1-1-1	8	HN-S	4	True	0.0643	0.1627	0.2136	0.1899	0.2078	0.1616	HN-S	0.373	LN	0.236	LP	0.657	HN-S	0.247	HN-S	0.296	HN-D	0.555	LN	0.255	NB	0.392	4
(｡・ω・｡)	LP	0.3036	LP	5-1-1-1	8	LP	3	True	0.1172	0.3036	0.0862	0.1162	0.1407	0.2362	LP	0.558	LP	0.232	LP	0.645	NB	0.354	LP	0.212	HN-S	0.246	HP	0.231	LP	0.308	3
(｡・‿・｡)	LP	0.3408		3-3-1-1	8		0	True	0.1043	0.3408	0.0871	0.1026	0.1087	0.2564	LP	0.745	LP	0.349	LP	0.77	NB	0.262	HN-S	0.209	NB	0.308	HP	0.263	NB	0.519	0
(｡・∀・)｡'	LP	0.3989	LP	5-1-1-1	8		0	False	0.1384	0.3989	0.0788	0.0849	0.0944	0.2046	LP	0.974	LP	0.232	LP	0.737	LP	0.396	HN-S	0.225	HP	0.482	NB	0.313	LP	0.389	0
(｡・∀・)ﾉﾞ	LP	0.3814		4-3-1	8		0	False	0.2635	0.3814	0.0763	0.0545	0.0767	0.1475	LP	0.999	HP	0.549	LP	0.907	NB	0.325	LP	0.226	HP	0.355	HP	0.531	LP	0.386	0
(｡・ㅅ・｡)	LP	0.2996		4-2-1-1	8		0	False	0.0916	0.2996	0.0992	0.1559	0.1217	0.232	LP	0.739	LP	0.246	LP	0.653	NB	0.327	LP	0.231	HN-S	0.542	HP	0.263	NB	0.519	0
(ﾉ>ω<)	HP	0.3924	HP	6-1-1	8		0	False	0.3924	0.1427	0.1284	0.0961	0.1573	0.0831	HP	1.0	HP	0.321	LP	0.486	LN	0.374	HP	0.224	HP	0.462	HP	0.538	HP	0.399	0
(ﾉ^_^)	HP	0.361		4-3-1	8		0	False	0.361	0.259	0.0734	0.051	0.1014	0.1542	HP	0.997	HP	0.446	LP	0.726	LP	0.311	LP	0.201	HP	0.584	NB	0.265	HP	0.259	0
(ﾉ´-`ﾉ)	LN	0.3081		2-2-2-1-1	8		0	False	0.124	0.1362	0.1629	0.1472	0.3081	0.1216	LN	0.661	HN-S	0.262	LN	0.875	HN-D	0.413	HN-D	0.208	LP	0.331	HP	0.325	HP	0.281	0
(ﾉ´_´)	LN	0.3194		2-2-2-1-1	8		0	False	0.1279	0.1139	0.1558	0.1806	0.3194	0.1024	LN	0.795	HP	0.248	LN	0.579	HN-D	0.371	HN-D	0.308	HN-S	0.418	HP	0.313	NB	0.351	0
(ﾉ´ω`ﾉ)	LN	0.2527		2-2-2-2	8		0	False	0.1508	0.2277	0.1794	0.0978	0.2527	0.0915	LN	0.925	HP	0.22	LP	0.799	LN	0.438	HN-D	0.24	HN-D	0.636	LP	0.325	HP	0.485	0
(ﾉ´з`)	LN	0.2143		2-2-2-1-1	8		0	False	0.1719	0.2001	0.1581	0.1294	0.2143	0.1262	LN	0.594	HP	0.285	LP	0.737	LN	0.308	HN-D	0.219	HN-D	0.341	HP	0.219	NB	0.322	0
(ﾉ´・ω・)	LN	0.2989		3-2-2-1	8		0	False	0.1052	0.1474	0.1548	0.1392	0.2989	0.1545	LN	0.593	HN-D	0.253	LN	0.588	HN-D	0.279	HN-D	0.246	NB	0.368	LP	0.232	NB	0.375	0
(ﾉ´・ω・`)	LN	0.358		3-2-2-1	8		0	False	0.0846	0.1174	0.166	0.1367	0.358	0.1373	LN	0.759	HN-D	0.296	LN	0.771	LN	0.261	HN-D	0.243	NB	0.377	LP	0.257	NB	0.278	0
(ﾉ´ﾉ)	NB	0.2141		3-2-1-1-1	8		0	False	0.1665	0.1805	0.1188	0.1249	0.1953	0.2141	LN	0.582	HP	0.314	LP	0.753	HN-D	0.299	HN-D	0.221	NB	0.531	NB	0.432	NB	0.46	0
(ﾉ´ﾟдﾟ)	LN	0.2556		2-2-1-1-1-1	8		0	False	0.1055	0.0889	0.2354	0.2175	0.2556	0.097	HN-S	0.436	HP	0.261	LN	0.821	HN-S	0.335	HN-D	0.294	HN-D	0.46	LP	0.307	NB	0.292	0
(ﾉωﾉ)	LN	0.3136		2-2-2-1-1	8		0	False	0.1179	0.1537	0.175	0.1141	0.3136	0.1257	LN	0.778	HN-D	0.441	LP	0.5	LN	0.359	HN-D	0.197	HP	0.333	LP	0.244	NB	0.272	0
(ﾉ≧▽≦�	HP	0.3623	HP	5-2-1	8		0	False	0.3623	0.1096	0.1491	0.104	0.1548	0.1201	HP	1.0	HP	0.286	HP	0.586	LN	0.302	HN-D	0.202	HP	0.308	HP	0.422	HN-D	0.364	0
(ﾉ◕‿◕	HP	0.3656		3-2-2-1	8		0	False	0.3656	0.0893	0.1126	0.0999	0.2261	0.1065	HP	0.985	HP	0.672	LN	0.76	LN	0.245	HN-D	0.184	HN-S	0.283	HP	0.422	HN-D	0.364	0
(ﾉ◕ヮ◕	HP	0.4637	HP	6-1-1	8		0	False	0.4637	0.0815	0.124	0.0814	0.1155	0.1339	HP	0.999	HP	0.584	HP	0.92	HP	0.213	LP	0.2	HP	0.339	HP	0.412	HN-D	0.401	0
(ﾉ◕ヮ◕)	HP	0.4604	HP	6-1-1	8		0	True	0.4604	0.0883	0.123	0.0825	0.1162	0.1297	HP	0.999	HP	0.583	HP	0.92	HP	0.213	LP	0.2	HP	0.337	HP	0.381	HN-D	0.385	0
(ﾉﾞﾉﾟ)	HP	0.3454		3-1-1-1-1-1	8		0	False	0.3454	0.1212	0.0956	0.1076	0.2066	0.1236	HP	1.0	HP	0.715	LN	0.933	HN-S	0.295	HN-D	0.198	HP	0.506	LP	0.442	NB	0.296	0
(ﾟωﾟ)	NB	0.3069		2-2-1-1-1-1	8		0	False	0.1433	0.1588	0.1376	0.1099	0.1435	0.3069	NB	0.979	HN-S	0.222	LP	0.545	LN	0.41	HN-D	0.211	HN-D	0.417	HP	0.389	NB	0.261	0
(ﾟдﾟ)	HN-S	0.2513		3-2-1-1-1	8		0	False	0.147	0.0713	0.158	0.2513	0.2506	0.1219	HN-S	0.716	HN-S	0.352	LN	0.954	LN	0.441	HN-S	0.226	HN-D	0.306	NB	0.38	HP	0.195	0
(ﾟ‿ﾟ)	NB	0.2237		3-2-1-1-1	8		0	False	0.1477	0.1415	0.1418	0.1306	0.2147	0.2237	NB	0.686	HP	0.201	LN	0.48	LN	0.614	HN-S	0.194	HN-D	0.367	NB	0.312	NB	0.233	0
(ﾟ∀ﾟ)	HP	0.3774	HP	5-2-1	8		0	False	0.3774	0.2373	0.0712	0.0602	0.0903	0.1636	HP	0.913	HP	0.327	LP	0.911	LN	0.334	LP	0.22	HP	0.546	HP	0.445	HP	0.506	0
(ﾟ∇ﾟ)	HP	0.3058		3-2-2-1	8		0	False	0.3058	0.1793	0.0941	0.0837	0.1847	0.1523	HP	1.0	HP	0.38	LN	0.588	LN	0.385	LP	0.219	HP	0.423	NB	0.312	NB	0.233	0
(ﾟ▽ﾟ)	HP	0.3118		3-2-2-1	8		0	False	0.3118	0.222	0.0924	0.0816	0.1186	0.1737	HP	0.897	HP	0.368	LP	0.788	LN	0.355	LP	0.277	HP	0.566	NB	0.312	NB	0.233	0
(ﾟ◕‿ﾟ)	HP	0.2367		3-2-1-1-1	8		0	False	0.2367	0.1902	0.13	0.1196	0.1636	0.1599	HP	0.997	NB	0.252	LP	0.885	LN	0.651	LP	0.207	HN-D	0.326	NB	0.312	NB	0.233	0
(ﾟ☉ﾟ)	HP	0.2341		2-2-2-2	8		0	False	0.2341	0.1068	0.1443	0.1645	0.2189	0.1314	HP	0.843	HN-S	0.377	LN	0.684	LN	0.485	HN-S	0.244	HP	0.391	NB	0.312	NB	0.233	0
(ﾟヘﾟ)	LN	0.2455		3-2-2-1	8		0	False	0.2127	0.072	0.1699	0.1728	0.2455	0.1271	HP	0.811	HN-S	0.367	LN	0.882	LN	0.414	HN-S	0.235	HN-D	0.346	HP	0.356	LN	0.24	0
(ﾟヮﾟ)	HP	0.255		3-2-1-1-1	8		0	False	0.255	0.1628	0.1349	0.1156	0.1504	0.1815	HP	0.602	HN-D	0.221	LP	0.619	LN	0.442	HN-S	0.205	HN-D	0.347	HP	0.386	HP	0.433	0
(ﾟーﾟ)	NB	0.3259		3-2-2-1	8		0	False	0.0817	0.1699	0.1266	0.1179	0.178	0.3259	NB	0.999	HN-S	0.225	LN	0.49	LN	0.381	HN-S	0.213	LP	0.34	NB	0.435	NB	0.49	0
(ﾟ﹏ﾟ)	HN-S	0.28		3-2-2-1	8		0	False	0.1012	0.0585	0.1792	0.28	0.2772	0.104	HN-S	0.919	HN-S	0.316	LN	0.974	LN	0.444	HN-S	0.27	HN-D	0.402	NB	0.328	NB	0.276	0
(ﾟｰﾟ)	NB	0.2618		3-2-2-1	8		0	False	0.1333	0.2117	0.1235	0.1205	0.1492	0.2618	NB	0.646	HN-S	0.221	LP	0.632	LN	0.373	HN-S	0.24	LP	0.34	NB	0.435	NB	0.49	0
(ﾟﾛﾟ)	HP	0.2919		3-2-2-1	8		0	False	0.2919	0.0531	0.1683	0.1563	0.2429	0.0876	HP	0.999	HN-D	0.38	LN	0.977	LN	0.418	HN-S	0.268	HN-D	0.37	HP	0.478	HP	0.366	0
(￣^￣)	LP	0.2386		2-2-2-1-1	8		0	False	0.1387	0.2386	0.1873	0.0731	0.1415	0.2207	LP	0.493	NB	0.261	NB	0.518	LP	0.54	HN-S	0.258	HN-D	0.594	HP	0.353	HN-D	0.433	0
(￣_￣)	LN	0.3012		3-2-2-1	8		0	False	0.1166	0.0613	0.2113	0.2127	0.3012	0.0969	LN	0.884	LN	0.304	HN-S	0.488	LN	0.283	HN-S	0.229	HN-D	0.57	HP	0.624	HN-D	0.425	0
(￣_￣;)	LN	0.3459		3-2-2-1	8		0	False	0.1238	0.0414	0.2321	0.2067	0.3459	0.0502	LN	0.882	LN	0.322	HN-S	0.475	LN	0.593	HN-S	0.246	HN-D	0.705	HP	0.712	HN-D	0.404	0
(￣~￣;)	LN	0.3139		4-2-1-1	8		0	False	0.1283	0.1137	0.203	0.1509	0.3139	0.0903	LN	0.852	LN	0.262	LN	0.529	LN	0.344	HN-S	0.222	HN-D	0.649	HP	0.555	HN-D	0.41	0
(￣ε￣;)	LN	0.233		3-2-2-1	8		0	False	0.1449	0.2051	0.1916	0.1261	0.233	0.0993	LP	0.934	LN	0.329	LN	0.684	LN	0.359	LP	0.249	HN-D	0.594	HP	0.669	HN-D	0.364	0
(￣ω￣)	NB	0.3038		3-2-1-1-1	8		0	False	0.1328	0.1968	0.1523	0.0986	0.1156	0.3038	NB	0.59	NB	0.238	NB	0.936	LP	0.379	LP	0.228	HN-D	0.624	HP	0.479	LN	0.324	0
(￣ω￣;)	LN	0.2673		4-1-1-1-1	8		0	False	0.1229	0.0891	0.1879	0.1773	0.2673	0.1554	LN	0.592	LN	0.255	NB	0.499	LN	0.372	HN-S	0.2	HN-D	0.647	HP	0.65	LN	0.309	0
(￣∇￣)	LP	0.2181		3-2-1-1-1	8		0	False	0.1865	0.2181	0.1515	0.0794	0.1596	0.2049	LP	0.691	LN	0.215	LN	0.465	NB	0.391	HP	0.212	HP	0.444	HP	0.613	HN-D	0.548	0
(￣∇￣;)	LN	0.2826		3-2-2-1	8		0	False	0.1708	0.0852	0.1953	0.1704	0.2826	0.0957	LN	0.687	HN-D	0.266	LN	0.568	NB	0.309	HP	0.211	HN-D	0.56	HP	0.693	HN-D	0.506	0
(￣▽￣)	LP	0.2269		3-2-2-1	8		0	False	0.2146	0.2269	0.1338	0.0695	0.1419	0.2132	LP	0.773	NB	0.274	NB	0.553	NB	0.283	LP	0.244	HP	0.609	HP	0.613	HN-D	0.548	0
(￣▽￣;)	HN-S	0.2628		2-2-1-1-1-1	8		0	False	0.2086	0.0909	0.1783	0.2628	0.1677	0.0916	HN-S	0.726	NB	0.247	HN-S	0.608	LN	0.309	LP	0.208	HN-D	0.412	HP	0.693	HN-D	0.506	0
(￣へ￣)	HN-D	0.3284		3-2-1-1-1	8		0	False	0.1134	0.0755	0.3284	0.1161	0.1774	0.1893	HN-D	0.974	LN	0.312	NB	0.606	NB	0.404	HN-S	0.264	HN-D	0.664	HP	0.574	HN-D	0.418	0
(￣ヘ￣)	HN-D	0.3012		4-1-1-1-1	8		0	False	0.1329	0.0848	0.3012	0.1333	0.1367	0.2112	HN-D	0.903	HN-D	0.313	NB	0.92	LN	0.374	HN-S	0.283	HN-D	0.535	HP	0.705	HN-D	0.394	0
(￣ヘ￣;)	HN-D	0.3453		4-1-1-1-1	8		0	False	0.134	0.0409	0.3453	0.1478	0.2161	0.1159	HN-D	0.959	HN-D	0.358	NB	0.539	LN	0.542	HN-S	0.278	HN-D	0.62	HP	0.777	HN-D	0.383	0
(￣ー￣)	LP	0.2387		2-2-1-1-1-1	8		0	False	0.1143	0.2387	0.1641	0.1085	0.2006	0.1738	LP	0.954	NB	0.25	LN	0.619	NB	0.329	HN-S	0.22	HN-D	0.541	HP	0.367	HN-D	0.368	0
(￣ー￣;)	HN-S	0.2794		3-2-2-1	8		0	False	0.102	0.0723	0.1977	0.2794	0.2557	0.0928	HN-S	0.958	HN-D	0.317	LN	0.632	LN	0.546	HN-S	0.233	HN-D	0.586	HP	0.43	LN	0.346	0
(￣︶￣)	LN	0.2348		2-2-2-1-1	8		0	False	0.1469	0.2155	0.2323	0.0917	0.2348	0.0788	LP	0.976	LN	0.335	LN	0.834	LP	0.374	HN-S	0.236	HN-D	0.754	HP	0.755	HN-D	0.51	0
(￣︿￣)	HN-D	0.372	HN-D	5-2-1	8		0	False	0.144	0.0478	0.372	0.1593	0.2023	0.0746	HN-D	0.892	HN-D	0.34	LN	0.454	LN	0.335	HN-D	0.305	HN-D	0.485	HP	0.737	HN-D	0.36	0
(￣﹃￣)	LN	0.2086		3-2-1-1-1	8		0	False	0.2036	0.1852	0.1824	0.1502	0.2086	0.0699	LP	0.999	LN	0.289	LN	0.751	LN	0.297	HN-S	0.259	HP	0.518	HP	0.813	HN-D	0.442	0
(￣﹏￣)	LN	0.3359		3-3-1-1	8		0	False	0.117	0.0522	0.2568	0.1808	0.3359	0.0574	LN	0.832	LN	0.308	LN	0.806	HN-D	0.559	HN-S	0.307	HN-D	0.57	HP	0.624	HN-D	0.425	0
(￣￢￢)	HP	0.2159		3-2-2-1	8		0	False	0.2159	0.1945	0.2148	0.1959	0.11	0.0688	LP	1.0	HN-D	0.328	HP	0.867	HN-S	0.684	HN-S	0.295	HN-D	0.577	HP	0.441	HN-D	0.419	0
(￣￣)	HN-D	0.2057		2-2-1-1-1-1	8		0	False	0.1256	0.1863	0.2057	0.1402	0.1757	0.1664	LP	0.789	LP	0.222	NB	0.428	LN	0.449	HN-S	0.247	HN-D	0.702	HP	0.613	HN-D	0.548	0
(￣￣;✿)	HN-S	0.2479		2-2-2-1-1	8		0	False	0.1472	0.1648	0.19	0.2479	0.1912	0.059	LP	0.901	HN-D	0.245	LN	0.507	LN	0.473	HN-S	0.224	HN-S	0.598	HP	0.799	HN-D	0.644	0
(￣￣;￣￣)	HN-D	0.2738		3-3-1-1	8		0	False	0.1331	0.1531	0.2738	0.2502	0.125	0.0648	LP	0.884	HN-S	0.269	HN-D	0.691	HN-S	0.436	HN-S	0.211	HN-D	0.514	HP	0.783	HN-D	0.448	0
(�sad)	LN	0.3245		3-2-1-1-1	8		0	False	0.0461	0.089	0.256	0.2163	0.3245	0.0681	HN-D	0.469	HN-D	0.531	LN	0.989	LN	0.581	NB	0.191	HN-S	0.519	LP	0.394	LN	0.382	0
(�ó_Á⇂)	HN-D	0.2398		2-2-2-1-1	8		0	False	0.0919	0.0666	0.2398	0.2003	0.2017	0.1996	NB	0.968	HN-D	0.416	LN	0.684	HN-D	0.636	NB	0.221	HN-S	0.4	HP	0.288	LN	0.444	0
