size	encoders	mean_jsd	similarity	mean_jsd_weighted	similarity_weighted	accuracy	n_correct	kappa
3	gemma,gemma_intro_v7_primed,opus	0.14315773587988428	0.7934670443811989	0.1303225018436939	0.81198437287386	0.65	26	0.5631825273010921
2	gemma_intro_v7_primed,opus	0.14408279055939965	0.792132472582511	0.1249469619336891	0.8197396376441246	0.725	29	0.6507936507936508
1	gemma_intro_v7_primed	0.145235903277999	0.7904688825818017	0.14016569506575977	0.7977836468258738	0.7	28	0.6235294117647059
2	gemma,gemma_intro_v7_primed	0.15053097455748715	0.7828297095057306	0.1516565421420726	0.7812058587332638	0.7	28	0.6252927400468384
3	gemma,gemma_intro_v7_primed,haiku	0.15066860885299363	0.7826311451901471	0.1386980821263445	0.7999009647355126	0.65	26	0.5631825273010921
4	gemma,gemma_intro_v7_primed,haiku,opus	0.15127487286804406	0.7817564911021644	0.13406984323621013	0.8065781020303588	0.75	30	0.6835443037974684
2	gemma,opus	0.15376051429177404	0.778170468546721	0.13689995032921826	0.8024951205620914	0.7	28	0.6229379418695994
2	gemma_intro_v7_primed,haiku	0.1567195556571534	0.773901474243103	0.14021507605358477	0.7977124051196244	0.75	30	0.6794871794871795
3	gemma_intro_v7_primed,haiku,opus	0.15882959345003098	0.7708573331832301	0.1375789710807829	0.8015155006911484	0.775	31	0.7115384615384616
4	bol,gemma,gemma_intro_v7_primed,opus	0.16042592254632554	0.7685543171123792	0.156526680760968	0.7741797338993415	0.725	29	0.6529968454258674
4	gemma,gemma_intro_v7_primed,granite,opus	0.16167249517306698	0.7667558929656714	0.14332372707128818	0.7932275697125293	0.725	29	0.6529968454258674
4	gemma,gemma_intro_v7_primed,gpt_oss_20b,opus	0.16221049083996777	0.7659797292850139	0.13956358498252186	0.7986523080570302	0.65	26	0.5631825273010921
5	gemma,gemma_intro_v7_primed,granite,haiku,opus	0.16328176424658197	0.7644342084538553	0.1421703451349435	0.7948915481123446	0.775	31	0.7142857142857143
5	bol,gemma,gemma_intro_v7_primed,haiku,opus	0.16402952384089106	0.7633554193953684	0.1549168745179372	0.7765021933829541	0.75	30	0.6797437950360288
4	gemma,gemma_intro_v7_primed,granite,haiku	0.16454540145854593	0.7626111653146721	0.14767592706341548	0.7869486723669302	0.725	29	0.6535433070866142
3	gemma,haiku,opus	0.16472475694058647	0.7623524100501761	0.1441430932829833	0.7920454741422447	0.8	32	0.744
3	gemma,gemma_intro_v7_primed,gpt_oss_20b	0.1650785287635868	0.7618420251955272	0.14601488005883945	0.7893450566431155	0.65	26	0.5652173913043479
4	bol,gemma,gemma_intro_v7_primed,haiku	0.16595291828982714	0.7605805477622151	0.1628993718482726	0.7649858840705699	0.725	29	0.6491228070175439
2	gemma,haiku	0.16661243254298783	0.7596290698197845	0.1524691615900329	0.7800334966855615	0.725	29	0.6532702915681639
5	gemma,gemma_intro_v7_primed,gpt_oss_20b,haiku,opus	0.1667557428812704	0.7594223167054361	0.14345826765544334	0.7930334686789703	0.775	31	0.7142857142857143
3	bol,gemma,gemma_intro_v7_primed	0.1671847719667965	0.7588033585713505	0.17505268519422243	0.7474523591759985	0.675	27	0.5921568627450982
4	gemma,gemma_intro_v7_primed,ministral,opus	0.16789000859371223	0.7577859171870459	0.14409527911408765	0.7921144554065948	0.675	27	0.5934323690383112
4	gemma,gemma_intro_v7_primed,gpt_oss_20b,haiku	0.16796121581076226	0.7576831868881323	0.1469131902527321	0.7880490689812065	0.65	26	0.5631825273010921
3	gemma,gemma_intro_v7_primed,granite	0.1693744856954277	0.7556442694340878	0.16036431991307445	0.7686431909258762	0.7	28	0.6226415094339623
5	gemma,gemma_intro_v7_primed,haiku,ministral,opus	0.16994863374086036	0.754815948896206	0.14531864239344403	0.7903495152702616	0.75	30	0.6835443037974684
1	gemma	0.1705118911441476	0.7540033402337395	0.17914524632434342	0.7415480415290379	0.7	28	0.6276183087664857
3	bol,gemma_intro_v7_primed,opus	0.171132366199457	0.7531081839484494	0.16709932822868928	0.7589266278285928	0.75	30	0.6771589991928975
5	bol,gemma,gemma_intro_v7_primed,gpt_oss_20b,opus	0.17207121868742195	0.751753706119936	0.15870706047930327	0.7710341108924443	0.75	30	0.6835443037974684
6	bol,gemma,gemma_intro_v7_primed,granite,haiku,opus	0.17209696556825066	0.7517165612226461	0.15897719680951447	0.7706443865484847	0.8	32	0.7446129289704709
5	bol,gemma,gemma_intro_v7_primed,granite,opus	0.17210927378895405	0.7516988042136752	0.16297571347165316	0.7648757463891054	0.775	31	0.7140587768069897
4	gemma,gemma_intro_v7_primed,haiku,ministral	0.1725461624842732	0.7510685070595178	0.15005963533404115	0.7835097082659725	0.675	27	0.5934323690383112
3	gemma_intro_v7_primed,granite,opus	0.17297583195398042	0.7504486250463498	0.14790796695879788	0.7866139095605736	0.775	31	0.7126895450917797
4	gemma,gemma_intro_v7_primed,opus,qwen	0.17333102145739296	0.7499361949112007	0.15195035096546516	0.7807819822007859	0.65	26	0.5631825273010921
4	gemma_intro_v7_primed,granite,haiku,opus	0.17385065539409525	0.7491865216076427	0.14815735348488246	0.7862541208561269	0.8	32	0.7448165869218502
3	gemma_intro_v7_primed,gpt_oss_20b,opus	0.17426704132535642	0.7485858036895162	0.1458393083963109	0.7895983530099661	0.725	29	0.6505162827640985
6	bol,gemma,gemma_intro_v7_primed,gpt_oss_20b,haiku,opus	0.1746012014264883	0.7481037125687503	0.1591547580879139	0.7703882197726839	0.775	31	0.7103781174577635
3	gemma,gemma_intro_v7_primed,ministral	0.17468645968928792	0.7479807108958145	0.15457017205774493	0.7770023793029376	0.675	27	0.5956454121306376
5	bol,gemma,gemma_intro_v7_primed,granite,haiku	0.17472108038163536	0.7479307637946526	0.1664589697155784	0.7598504698798489	0.775	31	0.7140587768069897
5	gemma,gemma_intro_v7_primed,gpt_oss_20b,granite,opus	0.17476572617527036	0.7478663535295789	0.14938003414875237	0.784490165525771	0.725	29	0.6529968454258674
4	bol,gemma,gemma_intro_v7_primed,gpt_oss_20b	0.1751679686099032	0.747286040363899	0.16661549940477502	0.759624645273493	0.675	27	0.5921568627450982
4	bol,gemma_intro_v7_primed,haiku,opus	0.17520113410049437	0.7472381926750945	0.16555767809204427	0.7611507588355163	0.775	31	0.708502024291498
6	gemma,gemma_intro_v7_primed,gpt_oss_20b,granite,haiku,opus	0.1753555565547486	0.74701540816614	0.14963218297945885	0.7841263916581448	0.775	31	0.7142857142857143
5	gemma,gemma_intro_v7_primed,haiku,opus,qwen	0.17545640769801216	0.7468699107218857	0.1533601920759615	0.7787480114222314	0.75	30	0.684044233807267
5	bol,gemma,gemma_intro_v7_primed,ministral,opus	0.1763453478252246	0.7455874412087091	0.16245008306855377	0.7656340707649973	0.725	29	0.6529968454258674
5	bol,gemma,gemma_intro_v7_primed,gpt_oss_20b,haiku	0.17674511666300718	0.7450106966889383	0.16464732042797142	0.7624641273229095	0.725	29	0.6491228070175439
3	gemma_intro_v7_primed,granite,haiku	0.17678541084821933	0.7449525644677559	0.15444522238559105	0.7771826435753146	0.8	32	0.7450199203187251
3	bol,gemma,opus	0.17700025849095807	0.7446426048390302	0.17545501969539612	0.7468719131863766	0.75	30	0.6799999999999999
6	bol,gemma,gemma_intro_v7_primed,haiku,ministral,opus	0.17713228796444155	0.7444521265723844	0.16079332776501007	0.7680242634253863	0.8	32	0.743795036028823
5	gemma,gemma_intro_v7_primed,gpt_oss_20b,granite,haiku	0.1777100060710624	0.7436186555249307	0.15398630691685133	0.7778447186462527	0.725	29	0.6535433070866142
4	gemma_intro_v7_primed,gpt_oss_20b,haiku,opus	0.17900612764944696	0.7417487473514062	0.15192796337251183	0.780814280670117	0.775	31	0.7115384615384616
4	bol,gemma,gemma_intro_v7_primed,granite	0.17908095169347743	0.741640799074144	0.17863990815134287	0.7422770904051977	0.75	30	0.6837944664031621
6	gemma,gemma_intro_v7_primed,granite,haiku,ministral,opus	0.1791257609277289	0.7415761530141034	0.15245770919489401	0.7800500189992347	0.775	31	0.7142857142857143
4	bol,gemma,haiku,opus	0.1792966106134229	0.7413296690198152	0.17089855797195433	0.7534454979187865	0.725	29	0.6463022508038585
4	gemma,granite,haiku,opus	0.1794526258345638	0.741104586633972	0.15442976484976048	0.7772049440856018	0.8	32	0.7448165869218502
4	gemma,gemma_intro_v7_primed,haiku,qwen	0.17952345049150606	0.7410024082526289	0.15997659615000098	0.7692025580760972	0.65	26	0.5631825273010921
4	gemma,gemma_intro_v7_primed,gpt_oss_20b,granite	0.17959575812473774	0.7408980903887471	0.15738473027139588	0.77294183012581	0.675	27	0.5927956147220047
3	bol,gemma_intro_v7_primed,haiku	0.17973548150583923	0.7406965121597358	0.17752688220267665	0.7438828474217192	0.725	29	0.6428571428571429
5	bol,gemma,gemma_intro_v7_primed,haiku,ministral	0.1801793212169745	0.7400561868095312	0.16737000400019195	0.7585361252353571	0.725	29	0.6502384737678855
5	gemma,gemma_intro_v7_primed,granite,ministral,opus	0.18069851636087592	0.739307146550171	0.1545671161911692	0.777006787986492	0.725	29	0.6529968454258674
2	gemma_intro_v7_primed,gpt_oss_20b	0.18073835027951662	0.7392496783532889	0.15381198534521506	0.7780962115131723	0.65	26	0.5614722004698512
6	bol,gemma,gemma_intro_v7_primed,gpt_oss_20b,granite,opus	0.18074835897526226	0.7392352388575709	0.1641878413639832	0.7631270154899176	0.775	31	0.7140587768069897
7	bol,gemma,gemma_intro_v7_primed,gpt_oss_20b,granite,haiku,opus	0.18076430208771024	0.7392122378083059	0.16256941802517233	0.765461906814879	0.8	32	0.7446129289704709
5	bol,gemma,gemma_intro_v7_primed,opus,qwen	0.18079908465914254	0.7391620571649912	0.1690703050291483	0.7560831093728634	0.725	29	0.6535433070866141
3	gemma_intro_v7_primed,ministral,opus	0.18099618147213153	0.7388777065703169	0.1500316908674227	0.7835500236093833	0.775	31	0.7122302158273381
3	gemma,gpt_oss_20b,opus	0.18133806039884973	0.7383844795381562	0.15392923143521905	0.77792706116056	0.725	29	0.6527229676400947
3	gemma,granite,opus	0.18142017419945938	0.7382660143652281	0.1581088318022864	0.7718971724380942	0.75	30	0.6835443037974684
3	gemma,gemma_intro_v7_primed,qwen	0.18159754943533685	0.7380101159920511	0.16408640268424007	0.7632733605701374	0.675	27	0.5946999220576774
4	bol,gemma,gemma_intro_v7_primed,ministral	0.1817661179441934	0.7377669230402737	0.17342005470200705	0.7498077470907216	0.65	26	0.5628415300546448
6	bol,gemma,gemma_intro_v7_primed,haiku,opus,qwen	0.18176871157827304	0.7377631812172492	0.167727587434322	0.7580202413882337	0.775	31	0.7103781174577635
4	gemma_intro_v7_primed,haiku,ministral,opus	0.1821472843044314	0.7372170162226047	0.1528199737954285	0.779527381656554	0.775	31	0.7115384615384616
6	gemma,gemma_intro_v7_primed,gpt_oss_20b,haiku,ministral,opus	0.18226664996512837	0.7370448079758647	0.15414783164670678	0.7776116877195093	0.75	30	0.6835443037974684
5	gemma,gemma_intro_v7_primed,gpt_oss_20b,ministral,opus	0.1823576601457849	0.7369135080395612	0.1537317045118068	0.7782120322734088	0.675	27	0.5934323690383112
6	gemma,gemma_intro_v7_primed,granite,haiku,opus,qwen	0.18259890705795323	0.736565462315746	0.15786414413309185	0.7722501821250078	0.775	31	0.7142857142857143
2	bol,gemma_intro_v7_primed	0.18273969856693564	0.7363623431039379	0.19433920558040454	0.7196277918588496	0.575	23	0.44983818770226536
3	gemma_intro_v7_primed,gpt_oss_20b,haiku	0.1828223073392635	0.7362431638377667	0.15738038336819632	0.7729481013814993	0.75	30	0.6797437950360288
1	opus	0.18285782403742684	0.7361919240734576	0.15199630217700627	0.7807156886157727	0.7	28	0.6119644300727567
5	gemma,gemma_intro_v7_primed,granite,haiku,ministral	0.1828893451930515	0.7361464486585548	0.15826419729852884	0.7716730274071399	0.7	28	0.6232339089481946
5	bol,gemma_intro_v7_primed,granite,haiku,opus	0.1833832186320661	0.7354339398972616	0.16861274742142374	0.7567432254644486	0.8	32	0.741727199354318
6	bol,gemma,gemma_intro_v7_primed,gpt_oss_20b,granite,haiku	0.18345174748606585	0.7353350736594384	0.16808509460303384	0.7575044675688508	0.8	32	0.7446129289704709
5	gemma,gemma_intro_v7_primed,granite,opus,qwen	0.1837445337734391	0.7349126723346047	0.159371844673383	0.7700750300323842	0.725	29	0.6529968454258674
4	gemma,gpt_oss_20b,haiku,opus	0.18386400601961855	0.7347403103175179	0.15711989612307006	0.7733239050382578	0.8	32	0.744
7	bol,gemma,gemma_intro_v7_primed,granite,haiku,ministral,opus	0.18392364127127486	0.734654274835691	0.1651891122111229	0.7616824870041625	0.8	32	0.7446129289704709
4	bol,gemma_intro_v7_primed,granite,opus	0.18492838182316673	0.7332047406240967	0.17400340938583364	0.7489661441812857	0.8	32	0.7446129289704709
5	bol,gemma,gemma_intro_v7_primed,gpt_oss_20b,granite	0.1849450664365215	0.7331806698151506	0.17239224120360883	0.7512905685278195	0.775	31	0.7140587768069897
3	gemma,granite,haiku	0.18528722616079735	0.7326870376777459	0.16482300205639203	0.7622106723088118	0.75	30	0.6835443037974684
6	bol,gemma,gemma_intro_v7_primed,granite,ministral,opus	0.185541625982718	0.7323200163162579	0.1688100115810333	0.7564586334396348	0.775	31	0.7140587768069897
5	bol,gemma,gemma_intro_v7_primed,haiku,qwen	0.18575786085478296	0.7320080553386625	0.17549855799796746	0.7468091006931682	0.725	29	0.6491228070175439
4	bol,gemma_intro_v7_primed,gpt_oss_20b,opus	0.1857729340035957	0.7319863093816198	0.17106605300319339	0.7532038536678444	0.75	30	0.6771589991928975
3	bol,gemma,haiku	0.18605364761023818	0.7315813252534067	0.18640000217531733	0.7310816412399777	0.675	27	0.5809830781627721
2	gemma_intro_v7_primed,granite	0.18622932385969668	0.7313278779995109	0.1689175272802655	0.7563035210735347	0.7	28	0.6214511041009463
5	gemma,gemma_intro_v7_primed,gpt_oss_20b,haiku,ministral	0.18628252843871745	0.731251120017205	0.1591536430081666	0.7703898284927055	0.675	27	0.5934323690383112
7	bol,gemma,gemma_intro_v7_primed,gpt_oss_20b,haiku,ministral,opus	0.1863295744792074	0.7311832469278967	0.16594223105336864	0.7605959661852545	0.8	32	0.743795036028823
6	bol,gemma,gemma_intro_v7_primed,gpt_oss_20b,ministral,opus	0.1865788511587623	0.7308236166984936	0.1671594711059984	0.7588398599977542	0.75	30	0.6830427892234548
4	bol,gemma,gemma_intro_v7_primed,qwen	0.18687441191658477	0.7303972126589018	0.1806089157424476	0.7394364129180382	0.65	26	0.5628415300546448
5	gemma,gemma_intro_v7_primed,granite,haiku,qwen	0.1869113679083173	0.7303438964328981	0.1643933189916797	0.7628305739354262	0.725	29	0.6535433070866142
7	bol,gemma,gemma_intro_v7_primed,granite,haiku,opus,qwen	0.18696917154481013	0.7302605034131846	0.1699315756986119	0.7548405584491651	0.775	31	0.7140587768069897
6	gemma,gemma_intro_v7_primed,gpt_oss_20b,haiku,opus,qwen	0.18718973638134134	0.7299422956173265	0.16155690292037211	0.7669226573353994	0.75	30	0.684044233807267
4	gemma,haiku,ministral,opus	0.1871973571024625	0.729931301240757	0.1582836340371422	0.7716449861207314	0.8	32	0.744
5	bol,gemma_intro_v7_primed,gpt_oss_20b,haiku,opus	0.18728824343381997	0.7298001799812229	0.1707421208279962	0.7536711890105857	0.775	31	0.708502024291498
5	gemma,gemma_intro_v7_primed,gpt_oss_20b,opus,qwen	0.18744814216378464	0.7295694948764585	0.16148711746381522	0.7670233364675003	0.65	26	0.5631825273010921
5	bol,gemma,granite,haiku,opus	0.18755311098042526	0.7294180568852431	0.17396467583483088	0.7490220248832333	0.775	31	0.7129186602870814
3	gemma_intro_v7_primed,haiku,ministral	0.18763267745530157	0.729303266726518	0.1592413945724326	0.7702632297461087	0.75	30	0.6817820206841687
6	bol,gemma,gemma_intro_v7_primed,granite,haiku,ministral	0.18763449516169156	0.7293006443305234	0.1719284650348689	0.7519596561065431	0.775	31	0.7140587768069897
5	gemma_intro_v7_primed,gpt_oss_20b,granite,haiku,opus	0.1880429546093743	0.7287113619109472	0.1582235179311871	0.7717317153286704	0.8	32	0.7448165869218502
6	bol,gemma,gemma_intro_v7_primed,granite,opus,qwen	0.18816536014789442	0.7285347680475469	0.17291556102668748	0.750535577614265	0.775	31	0.7140587768069897
3	gemma,ministral,opus	0.188397511849139	0.7281998439394275	0.1585723654453593	0.7712284347499477	0.7	28	0.6229379418695994
4	bol,gemma_intro_v7_primed,granite,haiku	0.1884291851056004	0.7281541490894018	0.1789106885000942	0.741886436938884	0.775	31	0.7099113618049959
7	gemma,gemma_intro_v7_primed,gpt_oss_20b,granite,haiku,ministral,opus	0.18863143643942804	0.7278623620930755	0.1590124243865093	0.7705935638978517	0.775	31	0.7142857142857143
4	gemma,gemma_intro_v7_primed,granite,ministral	0.18874137961159645	0.7277037476238084	0.16609901397048513	0.7603697762482344	0.7	28	0.6232339089481946
4	gemma,gemma_intro_v7_primed,gpt_oss_20b,ministral	0.18935064450057998	0.7268247641898842	0.16195726323187004	0.7663450594994327	0.65	26	0.5652173913043479
3	gemma_intro_v7_primed,opus,qwen	0.18941530975352142	0.7267314719501478	0.16246520333984815	0.765612256824584	0.725	29	0.6507936507936508
4	gemma_intro_v7_primed,gpt_oss_20b,granite,opus	0.18948294886366596	0.7266338893413721	0.15824118423642544	0.7717062282377122	0.75	30	0.6820349761526232
5	bol,gemma_intro_v7_primed,haiku,ministral,opus	0.18970676733288916	0.7263109875457644	0.17176714623585132	0.752192389937888	0.775	31	0.708502024291498
6	gemma,gemma_intro_v7_primed,haiku,ministral,opus,qwen	0.18978162591814723	0.7262029894360447	0.16273762665946861	0.7652192330523451	0.725	29	0.6535433070866142
3	gemma,gpt_oss_20b,haiku	0.18982257040594114	0.7261439190265526	0.16547109988406294	0.7612756647868201	0.75	30	0.6835443037974684
6	bol,gemma,gemma_intro_v7_primed,gpt_oss_20b,haiku,ministral	0.18997594725494185	0.7259226430071122	0.1717734725911193	0.7521832629365159	0.725	29	0.6502384737678855
4	gemma_intro_v7_primed,haiku,opus,qwen	0.19020283775729407	0.7255953092045437	0.16462491277225405	0.7624964547366909	0.8	32	0.7425583266291231
4	bol,gemma,gpt_oss_20b,opus	0.1904352181596438	0.725260055150474	0.1771767616889534	0.7443879645505812	0.725	29	0.649402390438247
4	bol,gemma_intro_v7_primed,ministral,opus	0.19047985159992864	0.7251956627075173	0.1746484398253543	0.7480355619649668	0.7	28	0.6129032258064516
7	bol,gemma,gemma_intro_v7_primed,gpt_oss_20b,haiku,opus,qwen	0.19061930998626192	0.7249944667851438	0.17245477907049048	0.7512003454574016	0.775	31	0.7103781174577635
4	bol,gemma,granite,opus	0.1906680994455568	0.7249240784741715	0.1818621996013872	0.7376283065099198	0.8	32	0.7446129289704709
5	bol,gemma,gpt_oss_20b,haiku,opus	0.1907925532076809	0.724744529648735	0.17506577070844123	0.7474334807695275	0.725	29	0.6463022508038585
6	gemma,gemma_intro_v7_primed,gpt_oss_20b,granite,ministral,opus	0.19081490032766743	0.7247122895695524	0.16066720471522583	0.7682062205238518	0.725	29	0.6529968454258674
6	bol,gemma,gemma_intro_v7_primed,gpt_oss_20b,opus,qwen	0.1909367166785576	0.7245365457242239	0.17384029851073035	0.7492014634319122	0.775	31	0.713831478537361
6	bol,gemma,gemma_intro_v7_primed,granite,haiku,qwen	0.19105670455085697	0.7243634398158908	0.17713277195874344	0.7444514283162051	0.775	31	0.7140587768069897
8	bol,gemma,gemma_intro_v7_primed,gpt_oss_20b,granite,haiku,ministral,opus	0.19127121749050285	0.7240539630616571	0.16899860649327006	0.7561865484950139	0.8	32	0.7446129289704709
5	gemma,gemma_intro_v7_primed,ministral,opus,qwen	0.1916327888601742	0.7235323258397048	0.16409684343326947	0.7632582977532895	0.675	27	0.5934323690383112
5	bol,gemma,gemma_intro_v7_primed,gpt_oss_20b,ministral	0.19184759859861356	0.7232224208953237	0.17536018650043877	0.7470087285664533	0.675	27	0.593114241001565
5	bol,gemma,gemma_intro_v7_primed,granite,ministral	0.19193184179865524	0.723100883648395	0.1798415211424317	0.740543529301886	0.775	31	0.7140587768069897
4	gemma,gemma_intro_v7_primed,granite,qwen	0.19199974411341847	0.7230029213156213	0.17102509989982362	0.753262936506985	0.7	28	0.6226415094339623
7	gemma,gemma_intro_v7_primed,gpt_oss_20b,granite,haiku,opus,qwen	0.19207545913700547	0.7228936876265715	0.16444735542805908	0.7627526158366345	0.775	31	0.7142857142857143
5	gemma_intro_v7_primed,granite,haiku,ministral,opus	0.19213067477452656	0.7228140283001403	0.1607507743063585	0.7680856550891556	0.75	30	0.6820349761526232
5	gemma,gemma_intro_v7_primed,gpt_oss_20b,haiku,qwen	0.19233348874934958	0.7225214295844401	0.16810898293918672	0.757470003984748	0.675	27	0.5927956147220047
4	bol,gemma_intro_v7_primed,gpt_oss_20b,haiku	0.19240125442076222	0.7224236643863506	0.17979595845903895	0.7406092623592664	0.75	30	0.6768982229402262
5	gemma,gpt_oss_20b,granite,haiku,opus	0.19267752823990605	0.7220250855175443	0.16321897411731404	0.7645247954619669	0.8	32	0.7448165869218502
7	bol,gemma,gemma_intro_v7_primed,haiku,ministral,opus,qwen	0.1927151660561944	0.7219707856266353	0.17357544322733506	0.7495835688358199	0.8	32	0.743795036028823
2	gemma,gpt_oss_20b	0.1928541668924459	0.7217702498094958	0.16959948040671424	0.7553196706798885	0.65	26	0.5652173913043479
6	bol,gemma_intro_v7_primed,gpt_oss_20b,granite,haiku,opus	0.192860664644199	0.7217608755352647	0.17285900548383487	0.7506171700154733	0.8	32	0.741727199354318
6	gemma,gemma_intro_v7_primed,gpt_oss_20b,granite,haiku,ministral	0.19298094238099853	0.7215873514408546	0.16435798157806647	0.7628815550468039	0.725	29	0.6535433070866142
3	bol,gemma_intro_v7_primed,gpt_oss_20b	0.19304268755016948	0.7214982719914929	0.18409827876274404	0.7344023261927952	0.7	28	0.6147672552166934
7	bol,gemma,gemma_intro_v7_primed,gpt_oss_20b,granite,ministral,opus	0.19305659518727208	0.7214782075124144	0.17154353928850585	0.7525149865719315	0.775	31	0.7140587768069897
4	gemma_intro_v7_primed,gpt_oss_20b,granite,haiku	0.19319489197536108	0.7212786874220676	0.16458062675307505	0.7625603459569411	0.8	32	0.7450199203187251
5	bol,gemma,haiku,ministral,opus	0.19322733774297987	0.7212318780740261	0.1761842368816343	0.7458198751680598	0.725	29	0.6463022508038585
2	gemma_intro_v7_primed,ministral	0.19409188178100292	0.7199846046777401	0.1632936507354482	0.7644170598753145	0.65	26	0.563182527301092
2	bol,gemma	0.194158213616387	0.7198889080677784	0.21259349532778712	0.6932924185653505	0.6	24	0.4809407948094079
6	bol,gemma,gemma_intro_v7_primed,ministral,opus,qwen	0.19417122929675515	0.7198701304102575	0.1761566663003725	0.7458596511089206	0.7	28	0.6232339089481946
6	gemma,gemma_intro_v7_primed,gpt_oss_20b,granite,opus,qwen	0.19417652520998055	0.7198624900225103	0.16610479335436545	0.7603614383597709	0.75	30	0.6835443037974684
8	bol,gemma,gemma_intro_v7_primed,gpt_oss_20b,granite,haiku,opus,qwen	0.1943506394518768	0.7196112962691784	0.1738413067678707	0.7492000088243359	0.775	31	0.7140587768069897
4	bol,gemma,granite,haiku	0.1944705235689594	0.719438340047982	0.18714994535821056	0.7299997019290692	0.775	31	0.7131474103585658
2	haiku,opus	0.19447535936765564	0.7194313634651841	0.16789502363840828	0.7577786820069331	0.675	27	0.5768917819365338
5	bol,gemma,gemma_intro_v7_primed,granite,qwen	0.19452949585932058	0.719353261017128	0.1836874477215088	0.7349950300986285	0.775	31	0.7140587768069897
4	gemma,haiku,opus,qwen	0.1945382973449435	0.7193405631574674	0.169427307633398	0.7555680634861279	0.8	32	0.744
5	bol,gemma_intro_v7_primed,gpt_oss_20b,granite,opus	0.1946135500186525	0.7192319964982938	0.17582105010170132	0.7463438429343856	0.8	32	0.7446129289704709
3	gemma,haiku,ministral	0.194828023680053	0.71892257641059	0.16762592034752702	0.7581669159901744	0.7	28	0.6229379418695994
7	gemma,gemma_intro_v7_primed,granite,haiku,ministral,opus,qwen	0.19506897581160235	0.7185749559653121	0.1663592430101897	0.7599943451031573	0.775	31	0.7142857142857143
6	bol,gemma,gemma_intro_v7_primed,gpt_oss_20b,haiku,qwen	0.19508452806060989	0.7185525188127944	0.1793917404678197	0.7411924256506366	0.75	30	0.6797437950360288
7	bol,gemma,gemma_intro_v7_primed,gpt_oss_20b,granite,haiku,ministral	0.1951362574496176	0.7184778890798047	0.17476927244478788	0.7478612373441323	0.775	31	0.7140587768069897
4	bol,gemma,ministral,opus	0.19516906241403595	0.7184305615203217	0.18093017135860615	0.7389729390337485	0.675	27	0.5859872611464968
3	gemma,opus,qwen	0.1957251161069716	0.7176283456150555	0.170056167615301	0.7546608103088228	0.675	27	0.5934323690383112
4	bol,gemma_intro_v7_primed,haiku,ministral	0.19575433212285728	0.7175861958138227	0.18173261369461743	0.7378152594549857	0.75	30	0.6789727126805778
4	gemma,gemma_intro_v7_primed,gpt_oss_20b,qwen	0.19579550585970748	0.7175267946678541	0.17157904635341484	0.7524637607054708	0.65	26	0.5652173913043479
5	gemma,gemma_intro_v7_primed,haiku,ministral,qwen	0.19584054446640298	0.7174618176933258	0.1699383667213617	0.7548307610743215	0.675	27	0.5934323690383112
4	gemma,gpt_oss_20b,granite,opus	0.1958643814816387	0.7174274281496558	0.16548083319144535	0.7612616225925279	0.75	30	0.6835443037974684
7	bol,gemma,gemma_intro_v7_primed,gpt_oss_20b,granite,opus,qwen	0.19602677436996557	0.7171931447349909	0.17630084885108402	0.7456516396580264	0.775	31	0.7140587768069897
5	bol,gemma_intro_v7_primed,haiku,opus,qwen	0.19617208070886974	0.7169835120004442	0.1814955858976773	0.7381572182821841	0.775	31	0.708502024291498
6	bol,gemma_intro_v7_primed,granite,haiku,ministral,opus	0.19621671871369364	0.7169191129722495	0.1753419613447773	0.7470350219081454	0.825	33	0.7751004016064257
6	bol,gemma,gpt_oss_20b,granite,haiku,opus	0.19638652432846862	0.7166741352538986	0.17717846027249742	0.7443855140125257	0.775	31	0.7129186602870814
5	gemma_intro_v7_primed,gpt_oss_20b,haiku,ministral,opus	0.19642512903535186	0.7166184404347231	0.16427354168719058	0.7630033760586238	0.775	31	0.7115384615384616
4	gemma_intro_v7_primed,granite,ministral,opus	0.1966105010942672	0.7163510050846066	0.16372601377476811	0.7637932918626239	0.75	30	0.6802557953637091
3	bol,gemma_intro_v7_primed,granite	0.19683095567286507	0.7160329563573222	0.19585961444343605	0.7174343055320305	0.7	28	0.6150761828388132
8	bol,gemma,gemma_intro_v7_primed,granite,haiku,ministral,opus,qwen	0.19688297725867013	0.715957905073462	0.17567060817399816	0.7465608847574247	0.775	31	0.7140587768069897
5	gemma,granite,haiku,ministral,opus	0.19688869257222058	0.7159496596189456	0.16591330774197482	0.7606376937031685	0.775	31	0.713831478537361
5	gemma_intro_v7_primed,granite,haiku,opus,qwen	0.19696600295239214	0.715838124316863	0.16827168300171344	0.7572352774113883	0.8	32	0.7450199203187251
4	bol,gemma_intro_v7_primed,opus,qwen	0.19697778470272256	0.7158211268440882	0.1845517549424954	0.7337480983571066	0.75	30	0.6771589991928975
6	gemma,gemma_intro_v7_primed,gpt_oss_20b,granite,haiku,qwen	0.19700404328146126	0.7157832437227611	0.17061131951267078	0.7538598954195475	0.725	29	0.6535433070866142
5	bol,gemma,gemma_intro_v7_primed,gpt_oss_20b,qwen	0.19708125498952028	0.7156718507744457	0.18318790874182292	0.7357157125073521	0.65	26	0.5628415300546448
4	bol,gemma,gpt_oss_20b,haiku	0.19716828715988596	0.7155462898938614	0.18604981940540194	0.7315868481855394	0.7	28	0.6150761828388132
6	bol,gemma,gemma_intro_v7_primed,haiku,ministral,qwen	0.1977858990568791	0.7146552642728754	0.1811026204087392	0.7387241476443156	0.7	28	0.6190476190476191
5	gemma,gemma_intro_v7_primed,gpt_oss_20b,granite,ministral	0.1980216838887489	0.71431509866522	0.16922129941156724	0.7558652705261455	0.7	28	0.6232339089481946
5	bol,gemma_intro_v7_primed,gpt_oss_20b,granite,haiku	0.19802677346912131	0.7143077559528566	0.180952208123341	0.7389411467025484	0.775	31	0.7108433734939759
6	gemma,gemma_intro_v7_primed,granite,ministral,opus,qwen	0.1985777316440252	0.7135128913261854	0.16933848028390885	0.7556962142627311	0.725	29	0.6529968454258674
7	bol,gemma,gemma_intro_v7_primed,gpt_oss_20b,granite,haiku,qwen	0.19865461512781182	0.7134019719054002	0.18021048103864604	0.7400112326893308	0.775	31	0.7140587768069897
6	bol,gemma,gemma_intro_v7_primed,gpt_oss_20b,granite,ministral	0.19866503995090015	0.7133869320648285	0.17969053665425325	0.7407613538742324	0.775	31	0.7140587768069897
3	gemma_intro_v7_primed,haiku,qwen	0.1987988437118225	0.7131938940424936	0.17517448481965134	0.74727663946041	0.725	29	0.6491228070175439
7	gemma,gemma_intro_v7_primed,gpt_oss_20b,haiku,ministral,opus,qwen	0.19892816934161728	0.7130073165977289	0.16956390446171254	0.7553709959193173	0.725	29	0.6535433070866142
4	gemma_intro_v7_primed,gpt_oss_20b,ministral,opus	0.19899942354655575	0.7129045185096217	0.16456874406933572	0.7625774890458443	0.75	30	0.6815286624203821
4	gemma_intro_v7_primed,granite,haiku,ministral	0.1991235891999576	0.71272538533721	0.16871559623743693	0.756594845987625	0.775	31	0.7126895450917797
5	bol,gemma,gpt_oss_20b,granite,opus	0.19915965708834177	0.7126733503735028	0.18165625087958215	0.7379254277095455	0.775	31	0.713831478537361
5	bol,gemma,haiku,opus,qwen	0.199371931798206	0.7123671027022755	0.1855527307612508	0.7323039955073385	0.725	29	0.6463022508038585
4	gemma,gpt_oss_20b,granite,haiku	0.1995506578554001	0.712109255505884	0.17189608265798886	0.7520063740010801	0.75	30	0.6835443037974684
3	gemma_intro_v7_primed,gpt_oss_20b,granite	0.19957142350212748	0.7120792970103296	0.16971522222088495	0.7551526905385608	0.675	27	0.5908733280881195
6	bol,gemma_intro_v7_primed,gpt_oss_20b,haiku,ministral,opus	0.1996087479601949	0.7120254491997718	0.17754964780521382	0.743850003599836	0.775	31	0.708502024291498
7	bol,gemma,gemma_intro_v7_primed,granite,ministral,opus,qwen	0.19962705269174558	0.7119990410543389	0.17928425515176302	0.7413474941830799	0.775	31	0.7140587768069897
6	bol,gemma,granite,haiku,ministral,opus	0.19973314917276933	0.7118459761873102	0.179698609580321	0.7407497071038289	0.775	31	0.7129186602870814
8	bol,gemma,gemma_intro_v7_primed,gpt_oss_20b,haiku,ministral,opus,qwen	0.2000385016476754	0.7114054456860399	0.17794694864278904	0.7432768196517252	0.8	32	0.743795036028823
5	bol,gemma_intro_v7_primed,granite,ministral,opus	0.20009357197752092	0.7113259959942717	0.1807463375833217	0.7392381551096994	0.725	29	0.6468699839486356
3	bol,gemma,gpt_oss_20b	0.20011172476751535	0.7112998070541685	0.1941441329619372	0.7199092221581256	0.7	28	0.6169193934557062
6	bol,gemma_intro_v7_primed,granite,haiku,opus,qwen	0.20027470957566296	0.7110646696797136	0.18168781345957918	0.7378798925319061	0.8	32	0.741727199354318
4	bol,gemma,haiku,ministral	0.20045962371252352	0.7107978949714746	0.18803189237227239	0.7287273213455553	0.725	29	0.64828137490008
5	gemma,gpt_oss_20b,haiku,ministral,opus	0.20071202159934282	0.7104337617918296	0.16878562471348432	0.7564938162525106	0.8	32	0.7448165869218502
3	bol,gemma_intro_v7_primed,ministral	0.20086954880012806	0.7102064980804517	0.19137083387257245	0.7239102470012541	0.625	25	0.5222929936305734
6	gemma,gemma_intro_v7_primed,granite,haiku,ministral,qwen	0.20090557427802466	0.7101545243021445	0.1733170690590239	0.7499563239671363	0.725	29	0.6535433070866142
4	gemma_intro_v7_primed,granite,opus,qwen	0.2010284891060734	0.7099771956892669	0.17083340769103475	0.7535394899059816	0.775	31	0.7126895450917797
5	gemma,granite,haiku,opus,qwen	0.20117473439606043	0.7097662083346492	0.1729714860340131	0.7504548948835347	0.775	31	0.7142857142857143
4	bol,gemma,opus,qwen	0.20122395992002023	0.7096951909153473	0.19031423578063064	0.7254345958287112	0.75	30	0.6799999999999999
5	bol,gemma,gemma_intro_v7_primed,ministral,qwen	0.20156872831602643	0.7091977952601739	0.18683347156195776	0.7304562771054943	0.65	26	0.5628415300546448
7	bol,gemma,gemma_intro_v7_primed,granite,haiku,ministral,qwen	0.20185040684870786	0.7087914190379495	0.1827419021783709	0.7363591639646483	0.775	31	0.7140587768069897
6	gemma,gemma_intro_v7_primed,gpt_oss_20b,ministral,opus,qwen	0.20185748118745095	0.7087812129245272	0.1715587800309162	0.7524929988284367	0.675	27	0.5934323690383112
5	bol,gemma_intro_v7_primed,gpt_oss_20b,ministral,opus	0.20188062943526147	0.7087478170622058	0.18036771341183247	0.7397843943242675	0.75	30	0.6774193548387097
5	gemma,gemma_intro_v7_primed,gpt_oss_20b,granite,qwen	0.20198805914011975	0.7085928287597626	0.1755171999411877	0.7467822060541318	0.675	27	0.5927956147220047
6	bol,gemma,gemma_intro_v7_primed,gpt_oss_20b,granite,qwen	0.20202484865125264	0.7085397527144944	0.18495118555225268	0.7331718417972306	0.775	31	0.7140587768069897
4	gemma,gemma_intro_v7_primed,ministral,qwen	0.20207056746300953	0.7084737944114974	0.17578565554826447	0.7463949064811033	0.675	27	0.5946999220576774
7	bol,gemma,gemma_intro_v7_primed,gpt_oss_20b,ministral,opus,qwen	0.2021943039247454	0.7082952804317739	0.18050898844436905	0.7395805775354256	0.725	29	0.6529968454258674
6	gemma_intro_v7_primed,gpt_oss_20b,granite,haiku,ministral,opus	0.202405484665394	0.7079906110245089	0.1686883100812778	0.7566342115898008	0.8	32	0.7448165869218502
8	gemma,gemma_intro_v7_primed,gpt_oss_20b,granite,haiku,ministral,opus,qwen	0.2024999515414796	0.7078543241308519	0.17177499955919448	0.7521810599872463	0.775	31	0.7142857142857143
5	bol,gemma_intro_v7_primed,granite,haiku,ministral	0.20261790106857136	0.7076841589330415	0.18478667553248615	0.7334091795869242	0.75	30	0.6797437950360288
5	bol,gemma,gpt_oss_20b,granite,haiku	0.20269419155246698	0.7075740950302583	0.18696910400912525	0.7302606008465822	0.75	30	0.6825396825396826
4	bol,gemma_intro_v7_primed,gpt_oss_20b,granite	0.20269781645243504	0.7075688654050507	0.1880743196495273	0.7286661117230613	0.725	29	0.6485623003194888
6	bol,gemma,gpt_oss_20b,haiku,ministral,opus	0.20271462308885652	0.7075446185540313	0.1812865740157781	0.738458758687687	0.725	29	0.6463022508038585
9	bol,gemma,gemma_intro_v7_primed,gpt_oss_20b,granite,haiku,ministral,opus,qwen	0.20297876789573488	0.7071635381510714	0.1791621730569041	0.7415236214159142	0.775	31	0.7140587768069897
4	gemma,granite,ministral,opus	0.20318474884576174	0.70686637045595	0.17122037491992928	0.752981214203869	0.675	27	0.5876288659793815
5	gemma_intro_v7_primed,gpt_oss_20b,haiku,opus,qwen	0.20319047617637556	0.7068581076644759	0.17444846047705012	0.7483240711790454	0.775	31	0.7115384615384616
2	gemma,granite	0.20345465017643102	0.7064769851446642	0.1936035542574392	0.7206891123743151	0.675	27	0.5902285263987392
6	bol,gemma,granite,haiku,opus,qwen	0.2035501568096394	0.7063391981985624	0.1858129884075942	0.7319285230916054	0.775	31	0.7129186602870814
5	bol,gemma_intro_v7_primed,granite,opus,qwen	0.20371812282336194	0.706096874463527	0.18656482628187254	0.7308438503188315	0.775	31	0.7140587768069897
7	bol,gemma_intro_v7_primed,gpt_oss_20b,granite,haiku,ministral,opus	0.2038277977943101	0.7059386469268305	0.17947927577699033	0.7410661388941934	0.825	33	0.7751004016064257
4	bol,gemma_intro_v7_primed,haiku,qwen	0.20413864065424478	0.7054901954743069	0.19405899486730382	0.7200320504650439	0.75	30	0.6768982229402262
4	gemma_intro_v7_primed,gpt_oss_20b,haiku,ministral	0.20423878952582517	0.7053457111939272	0.17226083699612257	0.7514801447263119	0.75	30	0.6807661612130886
5	bol,gemma,granite,ministral,opus	0.20462687015341677	0.7047858291970358	0.1866566876283634	0.7307113224097999	0.725	29	0.6488427773343974
4	gemma,gpt_oss_20b,ministral,opus	0.2048525269588671	0.7044602752428697	0.1710312499474886	0.7532540638637174	0.725	29	0.6527229676400947
3	gemma,haiku,qwen	0.20500207961027042	0.7042445163743384	0.18273258772436046	0.7363726018812577	0.7	28	0.6235294117647059
4	gemma_intro_v7_primed,granite,haiku,qwen	0.205083590080757	0.7041269216227869	0.17775114119729218	0.7435593100823126	0.8	32	0.7450199203187251
6	bol,gemma_intro_v7_primed,gpt_oss_20b,haiku,opus,qwen	0.20528668739371367	0.7038339141365664	0.18619301989363266	0.7313802535513161	0.775	31	0.708502024291498
7	bol,gemma,gemma_intro_v7_primed,gpt_oss_20b,haiku,ministral,qwen	0.2053459913776056	0.7037483565731006	0.18493433380566	0.7331961537284701	0.7	28	0.620253164556962
6	gemma,gemma_intro_v7_primed,gpt_oss_20b,haiku,ministral,qwen	0.20540605320584082	0.7036617056713589	0.17665488051465245	0.7451408799326785	0.675	27	0.5934323690383112
4	gemma,granite,haiku,ministral	0.20558001552706515	0.7034107310932269	0.1761804256326985	0.7458253736379991	0.75	30	0.6835443037974684
5	gemma_intro_v7_primed,haiku,ministral,opus,qwen	0.20572091320919625	0.7032074587059437	0.17484414470023985	0.7477532195124916	0.775	31	0.7115384615384616
5	bol,gemma,gpt_oss_20b,ministral,opus	0.20583219578028214	0.7030469118925007	0.18536236240011164	0.7325786389978961	0.725	29	0.6496815286624203
8	bol,gemma,gemma_intro_v7_primed,gpt_oss_20b,granite,ministral,opus,qwen	0.20592838041657102	0.702908146794717	0.1823669058020995	0.7369001693770463	0.775	31	0.7140587768069897
4	gemma_intro_v7_primed,gpt_oss_20b,opus,qwen	0.2062108158665664	0.7025006785716374	0.17564862062725084	0.7465926060820783	0.725	29	0.6510705789056305
3	granite,haiku,opus	0.20630712468083376	0.7023617343229	0.17421835582177803	0.748656042024092	0.675	27	0.578264395782644
5	bol,gemma_intro_v7_primed,gpt_oss_20b,haiku,ministral	0.2063123663582452	0.7023541721808926	0.1866102898036044	0.7307782603214876	0.75	30	0.6789727126805778
7	gemma,gemma_intro_v7_primed,gpt_oss_20b,granite,ministral,opus,qwen	0.20634425579831564	0.7023081654438463	0.17470507096747592	0.7479538604970681	0.725	29	0.6529968454258674
2	gemma_intro_v7_primed,qwen	0.20638396295098502	0.7022508801316023	0.18063365587407343	0.7394007204528307	0.725	29	0.6535433070866141
6	gemma,gpt_oss_20b,granite,haiku,ministral,opus	0.20647640196925546	0.7021175188183589	0.17299454326983255	0.7504216303237614	0.8	32	0.7448165869218502
4	gemma,granite,opus,qwen	0.2067882528237051	0.7016676131371474	0.17767011682083114	0.7436762035484241	0.725	29	0.6521739130434783
3	bol,gemma,granite	0.206793572803815	0.7016599380282253	0.21082569476013677	0.6958428156775804	0.725	29	0.6477181745396317
6	bol,gemma,gemma_intro_v7_primed,granite,ministral,qwen	0.20682787197249866	0.7016104547876587	0.18926340824141158	0.7269506195083721	0.775	31	0.7140587768069897
7	bol,gemma,gpt_oss_20b,granite,haiku,ministral,opus	0.20691197716887774	0.7014891166379297	0.18316735587010335	0.7357453640334579	0.775	31	0.713831478537361
6	gemma_intro_v7_primed,gpt_oss_20b,granite,haiku,opus,qwen	0.20692981166161029	0.7014633869037077	0.17582306146672796	0.7463409411480362	0.775	31	0.7142857142857143
2	gemma,ministral	0.20696616997545383	0.7014109329446305	0.18005486204452908	0.7402357434404114	0.65	26	0.5672333848531683
5	gemma,gpt_oss_20b,haiku,opus,qwen	0.2069699100662789	0.7014055371341447	0.17852324462840474	0.7424454002911932	0.8	32	0.744
5	bol,gemma,granite,haiku,ministral	0.20720616950167492	0.7010646868183357	0.1907827726153887	0.724758640060732	0.775	31	0.7131474103585658
6	bol,gemma_intro_v7_primed,haiku,ministral,opus,qwen	0.20727544732067588	0.7009647400524193	0.18679523981985796	0.7305114338502263	0.775	31	0.708502024291498
5	bol,gemma_intro_v7_primed,granite,haiku,qwen	0.20742858619844146	0.7007438073528997	0.19211730156455198	0.7228333217638514	0.775	31	0.7108433734939759
5	gemma_intro_v7_primed,gpt_oss_20b,granite,ministral,opus	0.20756266114321523	0.7005503780949671	0.17177743717381008	0.7521775432527287	0.75	30	0.6820349761526232
7	bol,gemma_intro_v7_primed,gpt_oss_20b,granite,haiku,opus,qwen	0.20774367196056	0.7002892346864364	0.1856554938251712	0.7321557397446339	0.8	32	0.741727199354318
5	bol,gemma_intro_v7_primed,gpt_oss_20b,opus,qwen	0.2077902391506346	0.7002220524322478	0.18954135587746054	0.7265496258322175	0.75	30	0.6771589991928975
6	bol,gemma_intro_v7_primed,gpt_oss_20b,granite,ministral,opus	0.2078044036989688	0.7002016173086095	0.18372243664737223	0.7349445517487994	0.75	30	0.6805111821086262
5	bol,gemma,granite,opus,qwen	0.20791800401793478	0.7000377266917939	0.19213617248094816	0.7228060967863496	0.775	31	0.7140587768069897
3	bol,gemma,ministral	0.2079608793633425	0.6999758706435978	0.20179308596972756	0.7088741155857938	0.675	27	0.5902285263987392
3	bol,haiku,opus	0.2079747022650264	0.6999559284118877	0.20106736293457778	0.7099211126096633	0.625	25	0.5024875621890548
8	bol,gemma,gemma_intro_v7_primed,gpt_oss_20b,granite,haiku,ministral,qwen	0.2079943403658381	0.6999275966212342	0.18562126338876273	0.7322051238254879	0.775	31	0.7140587768069897
6	bol,gemma,gpt_oss_20b,haiku,opus,qwen	0.2081470599719018	0.6997072688029196	0.1896816498579209	0.7263472244023408	0.725	29	0.6463022508038585
5	gemma,gemma_intro_v7_primed,granite,ministral,qwen	0.20815286554177517	0.6996988931360537	0.1803128381143664	0.739863562643789	0.7	28	0.6220472440944882
4	bol,gemma,haiku,qwen	0.2084583613467454	0.6992581558532108	0.19994303862532686	0.7115431697149704	0.7	28	0.6150761828388132
7	gemma,gemma_intro_v7_primed,gpt_oss_20b,granite,haiku,ministral,qwen	0.2084918397952193	0.6992098566616209	0.17836850589038633	0.7426686411011658	0.75	30	0.6835443037974684
3	bol,gemma_intro_v7_primed,qwen	0.20921124423150833	0.6981719754489932	0.20361658108710712	0.706243368222865	0.625	25	0.5184590690208668
4	bol,gemma,gpt_oss_20b,granite	0.2092532544228646	0.6981113675542567	0.19706548744082025	0.7156945985387624	0.725	29	0.6485623003194888
6	bol,gemma,gemma_intro_v7_primed,gpt_oss_20b,ministral,qwen	0.20944112187758973	0.6978403321089803	0.18981938982728574	0.7261485076316059	0.675	27	0.593114241001565
3	gemma,gpt_oss_20b,granite	0.20952254370054724	0.6977228652487794	0.18225186925644613	0.7370661320309815	0.675	27	0.5918367346938775
5	gemma,haiku,ministral,opus,qwen	0.2096722033090352	0.6975069520737924	0.17913182352280932	0.741567406538246	0.8	32	0.744
4	gemma,gpt_oss_20b,haiku,ministral	0.20992839882026565	0.6971373400802422	0.1786060639169621	0.7423259173143015	0.725	29	0.6524486571879937
5	gemma_intro_v7_primed,gpt_oss_20b,granite,haiku,ministral	0.2100466411183548	0.6969667525031658	0.17652723003315798	0.7453250406492977	0.775	31	0.7126895450917797
6	gemma_intro_v7_primed,granite,haiku,ministral,opus,qwen	0.21011827167739247	0.6968634114508659	0.1774161812787661	0.7440425550956669	0.775	31	0.7142857142857143
6	bol,gemma,haiku,ministral,opus,qwen	0.21019101425203793	0.6967584660991635	0.19037881696839684	0.7253414248693862	0.725	29	0.6463022508038585
5	bol,gemma,gpt_oss_20b,haiku,ministral	0.2102436858887688	0.6966824769900564	0.1915940790281461	0.7235881723224055	0.7	28	0.6178343949044586
6	bol,gemma_intro_v7_primed,gpt_oss_20b,granite,haiku,ministral	0.2102561393928572	0.6966645103814663	0.18774912115631534	0.7291352739765227	0.775	31	0.7131474103585658
7	bol,gemma_intro_v7_primed,granite,haiku,ministral,opus,qwen	0.21038908281100094	0.6964727135713915	0.1873050306252462	0.7297759611834018	0.825	33	0.7751004016064257
6	gemma,gpt_oss_20b,granite,haiku,opus,qwen	0.21058886761967308	0.6961844850186752	0.17980112909758877	0.7406018027046724	0.775	31	0.7142857142857143
7	bol,gemma,gpt_oss_20b,granite,haiku,opus,qwen	0.21063203991258556	0.6961222005657866	0.1891695483260014	0.7270860307428726	0.775	31	0.7129186602870814
4	bol,granite,haiku,opus	0.21074986590018221	0.6959522135977931	0.1958339682380663	0.717471305185335	0.7	28	0.6084828711256118
4	gemma,granite,haiku,qwen	0.2108145951043451	0.6958588290959465	0.1846718108599007	0.7335748942804367	0.75	30	0.6835443037974684
4	gemma_intro_v7_primed,ministral,opus,qwen	0.2109866294563759	0.6956106359894092	0.1777684592329031	0.7435343254382188	0.75	30	0.6817820206841687
4	bol,gemma_intro_v7_primed,granite,ministral	0.2111501192532011	0.6953747700702935	0.19655287854538797	0.716434136850118	0.675	27	0.584664536741214
5	bol,gemma_intro_v7_primed,ministral,opus,qwen	0.211253508259252	0.6952256112639814	0.19157872941813756	0.7236103171286443	0.7	28	0.6129032258064516
4	gemma,gpt_oss_20b,opus,qwen	0.21133849472303984	0.695103001714132	0.18153671003939809	0.7380978886868627	0.7	28	0.6229379418695994
5	bol,gemma,gpt_oss_20b,opus,qwen	0.2114191427628767	0.694986651187002	0.19421361518301022	0.7198089805023536	0.725	29	0.649402390438247
6	bol,gemma,gpt_oss_20b,granite,ministral,opus	0.21163245078944884	0.6946789127548846	0.18848556245907228	0.7280728137611294	0.725	29	0.6499602227525855
6	bol,gemma_intro_v7_primed,gpt_oss_20b,granite,opus,qwen	0.21163509212177326	0.6946751021178388	0.18994725801089032	0.7259640328372321	0.775	31	0.7140587768069897
5	bol,gemma,granite,haiku,qwen	0.2117448332750363	0.6945167791002448	0.19787977010247532	0.7145198369809107	0.775	31	0.7140587768069897
3	gemma_intro_v7_primed,granite,ministral	0.21174936562772007	0.6945102402975043	0.17994470682872396	0.7403946638239816	0.6	24	0.5003903200624512
5	gemma,gemma_intro_v7_primed,gpt_oss_20b,ministral,qwen	0.21175242968755253	0.6945058197935791	0.18196671920171958	0.7374775166008447	0.65	26	0.5652173913043479
4	bol,gemma_intro_v7_primed,gpt_oss_20b,ministral	0.21189942668404949	0.6942937479557073	0.1935507147064216	0.720765343732531	0.675	27	0.584664536741214
5	gemma_intro_v7_primed,gpt_oss_20b,granite,opus,qwen	0.21204835384850912	0.6940788914740877	0.17911473326031543	0.7415920625751935	0.75	30	0.6820349761526232
7	bol,gemma,gemma_intro_v7_primed,gpt_oss_20b,granite,ministral,qwen	0.21273217622990342	0.6930923443156013	0.19093485442298172	0.7245392323911082	0.775	31	0.7140587768069897
5	gemma,gpt_oss_20b,granite,ministral,opus	0.2128997632238145	0.6928505673905683	0.17763820900156604	0.7437222368010434	0.75	30	0.6835443037974684
3	gemma_intro_v7_primed,gpt_oss_20b,ministral	0.21302382457140107	0.6926715846996392	0.17784320598346243	0.7434264886718643	0.65	26	0.563182527301092
4	gemma_intro_v7_primed,gpt_oss_20b,haiku,qwen	0.21307654822716904	0.6925955205429252	0.1853366457294888	0.7326157403110718	0.725	29	0.649402390438247
7	bol,gemma,granite,haiku,ministral,opus,qwen	0.21330562101905368	0.6922650383620705	0.19086987571478192	0.7246329768511913	0.775	31	0.7129186602870814
5	bol,gemma_intro_v7_primed,gpt_oss_20b,haiku,qwen	0.21341887822356004	0.6921016427547844	0.19726444422910047	0.7154075645669593	0.75	30	0.6768982229402262
3	gpt_oss_20b,haiku,opus	0.21381548994861524	0.6915294529858889	0.18188195934037188	0.7375997992324774	0.675	27	0.5768917819365338
6	gemma,granite,haiku,ministral,opus,qwen	0.213896513814946	0.6914125602557397	0.18153472534606718	0.7381007519940889	0.775	31	0.7142857142857143
6	bol,gemma,gpt_oss_20b,granite,haiku,ministral	0.21409739090763633	0.6911227558702873	0.19255280093254964	0.7222050289853308	0.75	30	0.6825396825396826
7	bol,gemma_intro_v7_primed,gpt_oss_20b,haiku,ministral,opus,qwen	0.21450327096347194	0.6905371947265375	0.19102371211432215	0.7244110378404665	0.775	31	0.708502024291498
2	bol,opus	0.21464433553891862	0.6903336815630954	0.21809970101949525	0.6853486429198086	0.575	23	0.4361525704809287
6	bol,gemma_intro_v7_primed,gpt_oss_20b,granite,haiku,qwen	0.21487908886399992	0.6899950041051683	0.1949254917319705	0.7187819597354435	0.75	30	0.6792301523656776
5	bol,gemma,ministral,opus,qwen	0.21496661485864693	0.6898687307867424	0.1963874016511275	0.7166728695448493	0.7	28	0.6163069544364508
4	bol,gemma_intro_v7_primed,granite,qwen	0.21504330662748355	0.6897580879521648	0.20254117482621914	0.7077948515023891	0.725	29	0.6477181745396317
6	gemma_intro_v7_primed,gpt_oss_20b,haiku,ministral,opus,qwen	0.21509661174825218	0.6896811849187778	0.18240318079026158	0.7368478356315166	0.775	31	0.7115384615384616
6	bol,gemma,gpt_oss_20b,granite,opus,qwen	0.21520453220423522	0.6895254886121206	0.19448217119006997	0.7194215360827676	0.75	30	0.6835443037974684
6	gemma,gemma_intro_v7_primed,gpt_oss_20b,granite,ministral,qwen	0.2152265161298504	0.6894937725116563	0.18420030383003677	0.7342551351341656	0.675	27	0.592156862745098
5	gemma,gpt_oss_20b,granite,haiku,ministral	0.21528161161414078	0.6894142865296953	0.18235219571030215	0.7369213915535333	0.75	30	0.6835443037974684
5	gemma_intro_v7_primed,gpt_oss_20b,granite,haiku,qwen	0.2155394051603141	0.6890423690590577	0.1850555826721539	0.7330212285900659	0.8	32	0.7450199203187251
6	bol,gemma_intro_v7_primed,granite,ministral,opus,qwen	0.21565715826945803	0.6888724872324465	0.19299195844247047	0.721571458623599	0.7	28	0.6166134185303513
3	bol,gemma,qwen	0.21566402760717812	0.6888625768729837	0.21318977696784958	0.6924321660002593	0.625	25	0.5192307692307693
5	bol,gemma_intro_v7_primed,haiku,ministral,qwen	0.21600500972515652	0.6883706436623444	0.1982858646061092	0.7139339664543858	0.75	30	0.6789727126805778
3	haiku,ministral,opus	0.2161882085498133	0.6881063436265153	0.18016777760804473	0.7400728407168882	0.675	27	0.5768917819365338
8	bol,gemma_intro_v7_primed,gpt_oss_20b,granite,haiku,ministral,opus,qwen	0.21629746110344544	0.6879487255091858	0.19068326490773443	0.724902199337095	0.825	33	0.7751004016064257
4	gemma,ministral,opus,qwen	0.2163831494995435	0.6878251032850734	0.18395692897389515	0.7346062508321982	0.675	27	0.5918367346938775
4	gemma_intro_v7_primed,haiku,ministral,qwen	0.2166472397728843	0.6874441015573776	0.18608861711162683	0.7315308749271708	0.75	30	0.6815286624203822
4	bol,gpt_oss_20b,haiku,opus	0.21665240978835318	0.6874366428016994	0.20069420449415826	0.7104594664411223	0.65	26	0.5379537953795379
5	gemma,gpt_oss_20b,granite,opus,qwen	0.21680578669472855	0.6872153666994847	0.18454495054298767	0.7337579150305327	0.75	30	0.6835443037974684
3	gemma_intro_v7_primed,granite,qwen	0.2168772187429501	0.6871123120377549	0.18787041633649104	0.7289602820215995	0.675	27	0.5902285263987391
5	bol,gemma,gpt_oss_20b,haiku,qwen	0.21707318190813232	0.6868295969511496	0.20197979726602477	0.7086047481245479	0.725	29	0.6457326892109501
7	bol,gemma,gpt_oss_20b,haiku,ministral,opus,qwen	0.21713623045308364	0.6867386371280131	0.19416189816380355	0.7198835923894926	0.725	29	0.6463022508038585
5	gemma_intro_v7_primed,granite,ministral,opus,qwen	0.21718608276883922	0.6866667154392957	0.18233597743273072	0.7369447895821575	0.725	29	0.6485623003194888
4	bol,gemma,gpt_oss_20b,ministral	0.2172706142090969	0.6865447623496368	0.20081292660299307	0.7102881866434625	0.725	29	0.6505162827640985
5	bol,gemma_intro_v7_primed,gpt_oss_20b,granite,ministral	0.21743529960654812	0.686307171543427	0.19577179215761298	0.7175610063082669	0.675	27	0.584664536741214
7	gemma_intro_v7_primed,gpt_oss_20b,granite,haiku,ministral,opus,qwen	0.21744969123588676	0.6862864088111499	0.1832320582155891	0.7356520182804918	0.775	31	0.7142857142857143
2	gemma,qwen	0.21746298814131762	0.6862672254316255	0.1961144225875319	0.7170666950861653	0.65	26	0.5645412130637636
4	bol,gemma,granite,ministral	0.21766494052631566	0.6859758697272933	0.20571827073568197	0.7032112709893785	0.7	28	0.6163069544364508
4	gemma,gpt_oss_20b,haiku,qwen	0.21811644443525524	0.6853244872769242	0.19117269923289615	0.7241960948633434	0.725	29	0.6527229676400947
5	bol,gpt_oss_20b,granite,haiku,opus	0.21816829790228587	0.6852496785371861	0.1972074413356616	0.7154898023586398	0.7	28	0.6084828711256118
6	bol,gemma_intro_v7_primed,granite,haiku,ministral,qwen	0.21829623224656153	0.6850651082931403	0.1973056171073546	0.7153481646596829	0.725	29	0.649402390438247
4	bol,haiku,ministral,opus	0.21831547104008003	0.6850373525811384	0.20022213508022738	0.7111405186435558	0.65	26	0.5375722543352601
6	bol,gemma,gpt_oss_20b,granite,haiku,qwen	0.21850800102235687	0.6847595905304852	0.19955793346259743	0.712098759023461	0.725	29	0.6524486571879937
4	gpt_oss_20b,granite,haiku,opus	0.2185097954637727	0.6847570016987534	0.18324047715174005	0.7356398723230573	0.7	28	0.6135265700483092
6	gemma,gpt_oss_20b,haiku,ministral,opus,qwen	0.2185701119183475	0.6846699834488543	0.18609531590444356	0.7315212106119942	0.8	32	0.7448165869218502
8	bol,gemma,gpt_oss_20b,granite,haiku,ministral,opus,qwen	0.21891674366964486	0.684169899540243	0.19379776010298524	0.7204089325640342	0.775	31	0.713831478537361
6	bol,gemma_intro_v7_primed,gpt_oss_20b,ministral,opus,qwen	0.21912398989210677	0.6838709064428542	0.19571840829359885	0.7176380229441436	0.725	29	0.6440129449838188
6	bol,gemma,granite,ministral,opus,qwen	0.2192705500817445	0.6836594647840721	0.1975986713596608	0.7149253767431694	0.7	28	0.6175298804780877
4	bol,gemma_intro_v7_primed,gpt_oss_20b,qwen	0.21944955807808456	0.6834012108354728	0.20506422115531892	0.7041548650754637	0.675	27	0.584664536741214
5	bol,gemma,haiku,ministral,qwen	0.2197043907855754	0.6830335649521195	0.20308952412649559	0.7070037506862052	0.725	29	0.64828137490008
5	gemma_intro_v7_primed,granite,haiku,ministral,qwen	0.21987003621004506	0.6827945891196912	0.1874566888544396	0.7295571646082346	0.775	31	0.7126895450917797
5	gemma,gpt_oss_20b,granite,haiku,qwen	0.22026102907065823	0.6822305056586615	0.19051199502918917	0.7251492895415259	0.75	30	0.6835443037974684
4	gemma_intro_v7_primed,gpt_oss_20b,granite,ministral	0.22075541947050836	0.6815172510805347	0.18469799575364754	0.7335371174640819	0.625	25	0.5297805642633229
7	gemma,gpt_oss_20b,granite,haiku,ministral,opus,qwen	0.22078371849593478	0.68147642421689	0.18679454930888453	0.7305124300469834	0.775	31	0.7142857142857143
2	gpt_oss_20b,opus	0.22096322122791728	0.6812174565156328	0.1837823581933877	0.7348581032315205	0.7	28	0.6169193934557063
4	bol,gemma,granite,qwen	0.2211002306690038	0.6810197936744222	0.21117865053271317	0.6953336081348312	0.7	28	0.616
5	gemma_intro_v7_primed,gpt_oss_20b,ministral,opus,qwen	0.2214474956546227	0.6805187962017956	0.18648890138876495	0.730953386785598	0.725	29	0.6513470681458003
7	bol,gemma_intro_v7_primed,gpt_oss_20b,granite,ministral,opus,qwen	0.2215600973249086	0.6803563463304783	0.1957872617557529	0.7175386883957459	0.725	29	0.6502384737678856
5	bol,granite,haiku,ministral,opus	0.22163939909045954	0.6802419380665842	0.1993572011654839	0.7123883545130529	0.675	27	0.5762021189894051
3	gemma,gpt_oss_20b,ministral	0.22168797626251724	0.6801718560213561	0.18825334931401183	0.7284078265139373	0.65	26	0.5652173913043479
4	gemma,haiku,ministral,qwen	0.22189514908275992	0.679872968820985	0.19216851338494523	0.7227594387245351	0.675	27	0.5924764890282131
5	bol,gemma_intro_v7_primed,gpt_oss_20b,granite,qwen	0.2219214136407052	0.6798350770734862	0.20294045832222296	0.7072188071827956	0.725	29	0.6485623003194888
6	bol,gemma,granite,haiku,ministral,qwen	0.2219333242054305	0.6798178937608228	0.20196569457498198	0.7086250940069785	0.75	30	0.682791435368755
3	gemma,granite,ministral	0.22198160379579646	0.6797482410352258	0.19291089768541592	0.7216884045758123	0.6	24	0.4988253719655442
2	granite,opus	0.22211925903145593	0.6795496465093874	0.18567559989752186	0.732126732813762	0.45	18	0.3125
5	gemma,granite,ministral,opus,qwen	0.22211997247182658	0.6795486172325027	0.18795180194517278	0.7288428674075547	0.675	27	0.5876288659793815
6	bol,gemma,gpt_oss_20b,ministral,opus,qwen	0.22236953704515067	0.6791885716601864	0.19975757006492526	0.7118107442873027	0.725	29	0.6496815286624203
3	bol,granite,opus	0.22243014968292218	0.6791011261082582	0.21322832788253662	0.6923765487868185	0.6	24	0.47669664758789865
5	bol,gemma,gpt_oss_20b,granite,ministral	0.2224863354326722	0.6790200672057254	0.20242750158886275	0.707958847318205	0.725	29	0.6496815286624205
3	gemma_intro_v7_primed,gpt_oss_20b,qwen	0.2229010015598994	0.67842183044035	0.1927170787247798	0.7219680262291521	0.675	27	0.5918367346938775
4	granite,haiku,ministral,opus	0.22303134114866752	0.6782337901620028	0.18508193469340256	0.7329832106596932	0.7	28	0.6138374899436847
6	bol,gemma_intro_v7_primed,gpt_oss_20b,haiku,ministral,qwen	0.22311910057231593	0.678107180076714	0.20149329017961903	0.7093066294854627	0.75	30	0.6789727126805778
3	bol,gpt_oss_20b,opus	0.2234745822131053	0.6775943284764201	0.2105978660698037	0.6961715029992961	0.65	26	0.5424836601307189
7	bol,gemma_intro_v7_primed,gpt_oss_20b,granite,haiku,ministral,qwen	0.2239715551246848	0.6768773481214281	0.19976143365830767	0.7118051703002899	0.725	29	0.649402390438247
4	bol,gemma,gpt_oss_20b,qwen	0.22444265257688917	0.6761976981633575	0.21195197552810977	0.6942179359989771	0.675	27	0.5869737887212072
4	bol,gemma_intro_v7_primed,ministral,qwen	0.22448469927863363	0.676137037595265	0.20853448050401097	0.6991483391225071	0.65	26	0.5527156549520766
6	gemma_intro_v7_primed,gpt_oss_20b,granite,ministral,opus,qwen	0.2245027049615323	0.6761110608858393	0.1881574205038109	0.7285462225326926	0.75	30	0.6820349761526232
5	gemma,granite,haiku,ministral,qwen	0.22471953343854162	0.6757982435173344	0.19305366254588116	0.7214824384196059	0.725	29	0.6521739130434783
7	bol,gemma,gpt_oss_20b,granite,ministral,opus,qwen	0.22472025483270572	0.6757972027655513	0.19968202822698228	0.7119197281222827	0.7	28	0.6199524940617578
1	haiku	0.22497645312082515	0.6754275867657972	0.2065667630447075	0.7019871553429149	0.575	23	0.4511702986279258
3	gemma,granite,qwen	0.2259395299606844	0.6740381605849373	0.20000607931841338	0.7114522212196803	0.675	27	0.5902285263987392
5	gemma,gpt_oss_20b,ministral,opus,qwen	0.2259666730349808	0.6739990014062553	0.19151274878998367	0.7237055070536766	0.7	28	0.6229379418695994
5	gemma_intro_v7_primed,gpt_oss_20b,haiku,ministral,qwen	0.2260242045086373	0.673916001034516	0.19339154012005064	0.7209949841189239	0.725	29	0.6505162827640985
5	bol,gpt_oss_20b,haiku,ministral,opus	0.22613997079236245	0.6737489855910836	0.20328274546338868	0.7067249912216758	0.675	27	0.5727198027937552
4	gemma_intro_v7_primed,gpt_oss_20b,granite,qwen	0.22625000478538854	0.6735902400950158	0.19354846255111247	0.7207685929058267	0.7	28	0.6214511041009463
6	bol,gemma,gpt_oss_20b,haiku,ministral,qwen	0.22634346999367772	0.6734553983025213	0.205517111751151	0.7035014820587915	0.7	28	0.6178343949044586
5	bol,gemma,gpt_oss_20b,granite,qwen	0.22667591032500986	0.6729757882851168	0.20934673722685618	0.6979765003765297	0.725	29	0.6485623003194888
6	gemma_intro_v7_primed,gpt_oss_20b,granite,haiku,ministral,qwen	0.22696481342514457	0.672558989215255	0.19274436949082943	0.7219286539763103	0.775	31	0.7126895450917797
7	bol,gemma,gpt_oss_20b,granite,haiku,ministral,qwen	0.22713734307794123	0.672310081540759	0.20368174824860696	0.7061493518821405	0.725	29	0.6524486571879937
5	bol,granite,haiku,opus,qwen	0.22724351285520208	0.6721569109296126	0.20833593015670726	0.699434786723929	0.7	28	0.6097560975609756
2	granite,haiku	0.22733451694434642	0.6720256197815033	0.19726453720722298	0.715407430427883	0.475	19	0.33753943217665616
4	bol,gpt_oss_20b,granite,opus	0.22738691766297614	0.6719500215245973	0.20791491579080126	0.7000421820617646	0.6	24	0.47669664758789865
6	bol,gpt_oss_20b,granite,haiku,ministral,opus	0.22746934260327967	0.6718311074719758	0.20148660808549443	0.709316269709519	0.675	27	0.5762021189894051
5	bol,gemma_intro_v7_primed,granite,ministral,qwen	0.22751785301942856	0.6717611217351663	0.20757297582362463	0.700535497156692	0.65	26	0.553072625698324
4	gemma,gpt_oss_20b,granite,ministral	0.22820515754782905	0.6707695509004624	0.19350272271542435	0.7208345815399451	0.575	23	0.46833463643471474
3	bol,granite,haiku	0.22830830427899565	0.6706207416229244	0.22119043002703143	0.6808896635079045	0.575	23	0.4361525704809287
3	bol,ministral,opus	0.22848562832454014	0.670364917101787	0.21375323318684164	0.6916192705073614	0.6	24	0.47840260798696
4	bol,haiku,opus,qwen	0.22850828901107292	0.6703322246417031	0.21572505504062256	0.6887745328973951	0.625	25	0.5024875621890548
4	gpt_oss_20b,haiku,ministral,opus	0.22853305808227287	0.6702964904255155	0.1910243565515332	0.7244101081140979	0.675	27	0.5789473684210527
6	gemma,gpt_oss_20b,granite,ministral,opus,qwen	0.22870117043639854	0.6700539555659062	0.192807757009196	0.7218372051179087	0.725	29	0.6521739130434783
4	bol,gemma,ministral,qwen	0.22958041067494267	0.6687854800340085	0.2155903720141151	0.6889688394318294	0.65	26	0.559748427672956
3	haiku,opus,qwen	0.22961017578710127	0.6687425380543058	0.20031228327421027	0.7110104622911515	0.675	27	0.5768917819365338
4	granite,haiku,opus,qwen	0.22982837733250028	0.6684277397668443	0.19620243445715568	0.7169397207983197	0.675	27	0.5813204508856684
2	ministral,opus	0.23020832392632107	0.6678795927001364	0.18684917260971712	0.7304336252817552	0.625	25	0.5121951219512195
5	gemma,gpt_oss_20b,haiku,ministral,qwen	0.23043235001150014	0.6675563913780189	0.19833272054585444	0.7138663676224792	0.7	28	0.6226415094339623
3	gemma,gpt_oss_20b,qwen	0.23055818727704533	0.6673748465790578	0.20248122855551198	0.7078813356898581	0.65	26	0.5652173913043479
3	gemma_intro_v7_primed,ministral,qwen	0.23089293048727183	0.6668919142096927	0.19660605469776654	0.7163574198787879	0.625	25	0.5323460639127046
5	gpt_oss_20b,granite,haiku,ministral,opus	0.23097901880048877	0.6667677150271363	0.19182810765296682	0.7232505403859506	0.7	28	0.6150761828388132
6	gemma,gpt_oss_20b,granite,haiku,ministral,qwen	0.2310939071307073	0.6666019662028739	0.19736960735964637	0.7152558462400362	0.725	29	0.6521739130434783
5	bol,gemma_intro_v7_primed,gpt_oss_20b,ministral,qwen	0.23137458660655125	0.6661970313149945	0.21024422598300585	0.6966816977987789	0.65	26	0.5548489666136724
3	gpt_oss_20b,granite,opus	0.23203609449864385	0.6652426771595636	0.19196865360370668	0.7230477754398011	0.475	19	0.34065934065934056
4	bol,gpt_oss_20b,granite,haiku	0.23219732499563212	0.6650100707211186	0.2153561742381445	0.6893067154018093	0.65	26	0.5413595413595413
5	bol,gemma,granite,ministral,qwen	0.23230959950512536	0.6648480928430545	0.21404461848952308	0.691198890376195	0.7	28	0.6181384248210025
6	bol,gemma_intro_v7_primed,gpt_oss_20b,granite,ministral,qwen	0.2323421733646538	0.6648010986974502	0.20823364235121958	0.6995823568336494	0.675	27	0.584664536741214
6	bol,gpt_oss_20b,granite,haiku,opus,qwen	0.2325380347866791	0.6645185303951928	0.20966872439616846	0.6975119710841329	0.7	28	0.6084828711256118
4	gemma,gpt_oss_20b,granite,qwen	0.23293705633628753	0.6639428639843649	0.20188098723343145	0.7087473008685603	0.7	28	0.6223446105428796
4	bol,granite,ministral,opus	0.2339477841035313	0.6624846920468735	0.21348663881600444	0.692003884884097	0.55	22	0.4088669950738917
4	gemma_intro_v7_primed,granite,ministral,qwen	0.2340392355802919	0.6623527554548689	0.19872268145582325	0.7133037729515266	0.6	24	0.49921752738654157
5	bol,gpt_oss_20b,haiku,opus,qwen	0.23420017751086503	0.6621205653297602	0.21567910598408743	0.6888408233733919	0.65	26	0.5379537953795379
6	bol,granite,haiku,ministral,opus,qwen	0.23527300852912464	0.6605727973400051	0.2110093359227962	0.6955778774829084	0.675	27	0.5762021189894051
3	bol,gpt_oss_20b,haiku	0.2353808662191424	0.6604171915854947	0.22670158072912552	0.6729387537204017	0.55	22	0.40099833610648916
5	bol,gemma,gpt_oss_20b,ministral,qwen	0.2355669733128496	0.6601486958043291	0.2157579364967857	0.6887270949836514	0.7	28	0.6205533596837944
5	bol,haiku,ministral,opus,qwen	0.2357273436464778	0.659917330319298	0.21522184491821753	0.689500511645514	0.65	26	0.5375722543352601
4	bol,gpt_oss_20b,ministral,opus	0.23596351719979697	0.6595766039051353	0.2139464663500997	0.6913404939809937	0.65	26	0.5432300163132137
6	bol,gemma,gpt_oss_20b,granite,ministral,qwen	0.2363295152706014	0.6590485803034107	0.21339409599244277	0.6921373959567194	0.7	28	0.6181384248210025
2	bol,haiku	0.2364790757327692	0.6588328101663283	0.2457017761395428	0.6455272660258713	0.475	19	0.28692699490662144
3	gpt_oss_20b,granite,haiku	0.23676666133395147	0.6584179118456714	0.20168985862283023	0.7090230411672467	0.575	23	0.4598888006354249
5	gpt_oss_20b,granite,haiku,opus,qwen	0.2368716486954982	0.6582664470998121	0.201558922197985	0.7092119424980426	0.675	27	0.5833333333333333
4	bol,granite,haiku,ministral	0.23707709603710564	0.6579700492389111	0.21883502997609217	0.6842877874807042	0.6	24	0.47540983606557374
3	bol,haiku,ministral	0.23707738315196808	0.6579696350197229	0.2254896462883306	0.674687205528019	0.525	21	0.36981757877280275
5	bol,gpt_oss_20b,granite,ministral,opus	0.23801983904602983	0.6566099585751035	0.21214956368271815	0.6939328765481851	0.575	23	0.4426229508196722
2	gpt_oss_20b,haiku	0.23820322764989288	0.6563453847457548	0.20842345266383708	0.6993085184369267	0.6	24	0.48261924009700885
4	gpt_oss_20b,haiku,opus,qwen	0.23846773209656122	0.6559637854922532	0.20631037389553977	0.7023570466969569	0.675	27	0.5768917819365338
3	gemma,ministral,qwen	0.2390038238718418	0.6551903685465945	0.20678378428479974	0.7016740598760662	0.65	26	0.5645412130637636
4	bol,granite,opus,qwen	0.239024728075573	0.6551602101555378	0.22228937513851363	0.6793042208453599	0.6	24	0.47669664758789865
4	gemma_intro_v7_primed,gpt_oss_20b,ministral,qwen	0.23902893774329687	0.6551541368887888	0.20327131727725364	0.706741478609139	0.65	26	0.563182527301092
5	gemma_intro_v7_primed,gpt_oss_20b,granite,ministral,qwen	0.23927477103571304	0.6547994744169345	0.20233974570207167	0.7080854523008873	0.65	26	0.5590551181102362
7	bol,gpt_oss_20b,granite,haiku,ministral,opus,qwen	0.23931790333150116	0.6547372476676989	0.21237234331505694	0.6936114734773989	0.675	27	0.5762021189894051
3	bol,opus,qwen	0.2394867785388855	0.6544936122434765	0.23131853841489666	0.6662778917631453	0.575	23	0.4398682042833608
5	granite,haiku,ministral,opus,qwen	0.24036806203831426	0.6532221889092333	0.2025891910440809	0.7077255787429977	0.65	26	0.550561797752809
6	bol,gpt_oss_20b,haiku,ministral,opus,qwen	0.24053169115615658	0.6529861219923772	0.21652193787997856	0.6876248739768867	0.675	27	0.5765472312703583
4	haiku,ministral,opus,qwen	0.24059226895233085	0.6528987267062485	0.2049775550246738	0.7042798978723586	0.65	26	0.5454545454545454
5	bol,gpt_oss_20b,granite,haiku,ministral	0.24094945015199315	0.652383423160797	0.21732564989688335	0.6864653626357953	0.625	25	0.5077932731747334
4	gemma,granite,ministral,qwen	0.24095740614265804	0.6523719450925194	0.2072537624323903	0.7009960247332112	0.625	25	0.5297805642633229
2	haiku,ministral	0.2413177320206016	0.6518521047353063	0.20409808719530698	0.7055487017484074	0.625	25	0.5117982099267697
3	granite,ministral,opus	0.2420504436233506	0.6507950253396184	0.19825674940626997	0.7139759708088084	0.45	18	0.30817610062893086
4	bol,gpt_oss_20b,haiku,ministral	0.2423814646769757	0.6503174629071238	0.22324450941953336	0.6779262533547497	0.575	23	0.44216570959803114
5	bol,gpt_oss_20b,granite,opus,qwen	0.24294217446611438	0.6495085296749554	0.2206171754726904	0.6817166950106193	0.6	24	0.47669664758789865
3	gpt_oss_20b,ministral,opus	0.24341652245977202	0.6488241901768499	0.20038257779499136	0.710909048734619	0.7	28	0.6166134185303513
3	granite,haiku,ministral	0.2439148682120452	0.6481052292313974	0.20499614828679116	0.7042530734653079	0.475	19	0.33333333333333337
4	bol,granite,haiku,qwen	0.2443843120093875	0.6474279649929955	0.23025753248437808	0.6678085997574583	0.575	23	0.4370860927152318
4	bol,gpt_oss_20b,opus,qwen	0.24459271083093537	0.6471273090466213	0.22778803073216541	0.6713713376888422	0.65	26	0.5424836601307189
5	gemma,gpt_oss_20b,granite,ministral,qwen	0.244795243805998	0.646835115727882	0.20885365133731473	0.6986878729441034	0.65	26	0.5594020456333595
6	gpt_oss_20b,granite,haiku,ministral,opus,qwen	0.24507187700859717	0.6464360183783469	0.2065559445058903	0.7020027631952162	0.675	27	0.5849960095770151
2	opus,qwen	0.24522359995715962	0.6462171284328668	0.2110512414525834	0.6955174205828987	0.7	28	0.6147672552166934
4	gemma,gpt_oss_20b,ministral,qwen	0.24523296684414353	0.6462036148714665	0.21067671031872176	0.6960577547923794	0.65	26	0.5645412130637636
5	gpt_oss_20b,haiku,ministral,opus,qwen	0.24668012413644663	0.6441158082224745	0.21000502456848366	0.6970267924932837	0.65	26	0.5476575121163166
4	gpt_oss_20b,granite,ministral,opus	0.24676035358214357	0.6440000615990342	0.20275750836205247	0.7074827481830643	0.5	20	0.37106918238993714
5	bol,gpt_oss_20b,granite,haiku,qwen	0.2472779487416254	0.6432533296292617	0.2274221195081118	0.6718992359971899	0.625	25	0.5069843878389482
5	bol,granite,ministral,opus,qwen	0.24768774811429334	0.6426621141065543	0.22390256505910802	0.6769768797469063	0.575	23	0.44670463791700576
3	granite,opus,qwen	0.24793914993906316	0.6422994179406885	0.20944508805305942	0.697834610127299	0.475	19	0.34272300469483574
4	bol,ministral,opus,qwen	0.24827891220016718	0.6418092446115125	0.22935297102997887	0.6691136060818994	0.6	24	0.47840260798696
4	gpt_oss_20b,granite,haiku,ministral	0.24913636347653276	0.6405722039072959	0.20899046192459303	0.6984904969882959	0.5	20	0.3675889328063241
6	bol,gpt_oss_20b,granite,ministral,opus,qwen	0.25028535253446554	0.6389145630913806	0.22304107353331698	0.678219749298933	0.6	24	0.47669664758789865
5	bol,granite,haiku,ministral,qwen	0.25088849248884704	0.6380444160702324	0.22942959935196183	0.6690030547817829	0.575	23	0.443079443079443
3	gpt_oss_20b,haiku,ministral	0.2510586414119452	0.637798943062666	0.21272414011933818	0.6931039379724617	0.625	25	0.51338199513382
5	bol,gpt_oss_20b,ministral,opus,qwen	0.2519462205404604	0.6365184370555607	0.22824797262195784	0.6707077818053415	0.65	26	0.5432300163132137
4	gpt_oss_20b,granite,opus,qwen	0.25233024747476973	0.6359644033018648	0.21299324823820176	0.6927156970239143	0.525	21	0.3996840442338072
3	bol,haiku,qwen	0.25301908667174533	0.6349706184084182	0.24948884982404998	0.6400636736017518	0.525	21	0.35593220338983056
6	bol,gpt_oss_20b,granite,haiku,ministral,qwen	0.25314753011145286	0.6347853136949174	0.22803482342200612	0.6710152910990813	0.625	25	0.5094031071136549
3	granite,haiku,qwen	0.253231420901867	0.6346642848676107	0.22000572798706056	0.6825988272659015	0.45	18	0.3065405831363278
3	bol,gpt_oss_20b,granite	0.25351806825809214	0.6342507401483007	0.24107362987282152	0.652204269693379	0.55	22	0.41320293398533003
4	bol,gpt_oss_20b,haiku,qwen	0.25360204522425833	0.6341295869956638	0.24035086691462731	0.6532469962289039	0.575	23	0.43755169561621177
3	gpt_oss_20b,opus,qwen	0.25421570711117564	0.6332442600346257	0.2180740189706932	0.6853856942842551	0.7	28	0.6196513470681457
4	bol,haiku,ministral,qwen	0.2552935089120925	0.6316893207213817	0.23942320443704643	0.6545853302849287	0.55	22	0.40099833610648916
4	gpt_oss_20b,granite,haiku,qwen	0.2567348418968029	0.6296099167720703	0.22147689712693186	0.6804763788435002	0.55	22	0.4285714285714285
5	bol,gpt_oss_20b,haiku,ministral,qwen	0.25743486273376376	0.628600000182068	0.23637441182261543	0.6589838082704671	0.575	23	0.44216570959803114
4	granite,ministral,opus,qwen	0.2592013892866794	0.6260514410845779	0.21641553062612737	0.6877783871943324	0.475	19	0.34065934065934067
2	bol,gpt_oss_20b	0.25934023807406614	0.6258511246275816	0.2607130611454842	0.6238705595904288	0.5	20	0.34047815333882936
3	ministral,opus,qwen	0.26037390381857184	0.6243598601840465	0.21918666803217432	0.6837804810010066	0.6	24	0.4838709677419355
4	bol,gpt_oss_20b,granite,ministral	0.26093333849262723	0.6235527665540854	0.2386362256741295	0.6557207006434738	0.575	23	0.44760357432981324
5	gpt_oss_20b,granite,ministral,opus,qwen	0.26096065297064625	0.6235133600921029	0.21840008613857292	0.6849152787981584	0.5	20	0.37106918238993714
4	granite,haiku,ministral,qwen	0.26181040556959145	0.6222874262316221	0.2231459648296489	0.6780684231458824	0.475	19	0.33333333333333337
5	gpt_oss_20b,granite,haiku,ministral,qwen	0.2635461626480665	0.6197832581023183	0.22429067691273805	0.6764169527003641	0.5	20	0.36958234830575254
4	gpt_oss_20b,ministral,opus,qwen	0.26387462444865306	0.6193093878914906	0.22290601946563532	0.6784145911326291	0.625	25	0.5238095238095238
3	bol,gpt_oss_20b,ministral	0.26464003233553796	0.6182051377288245	0.24894825376423652	0.6408435888563688	0.525	21	0.38561034761519797
3	bol,granite,ministral	0.2649784738556518	0.6177168698261253	0.2522851179741481	0.6360295114086094	0.45	18	0.2897497982243745
2	haiku,qwen	0.2654056542394717	0.6171005788048233	0.23948130673326729	0.6545015063903066	0.55	22	0.42168674698795183
3	gpt_oss_20b,haiku,qwen	0.26603876277050936	0.6161871962667507	0.23547595628627385	0.6602800056172065	0.575	23	0.4511702986279258
4	bol,gpt_oss_20b,granite,qwen	0.26676501916534334	0.6151394297675099	0.24888724856436595	0.6409316007556904	0.525	21	0.3836171938361719
3	haiku,ministral,qwen	0.26885969008903804	0.6121174584136012	0.2327491811899276	0.6642139105263246	0.575	23	0.44983818770226547
2	bol,ministral	0.26916388271678177	0.6116786012180804	0.26920765797237406	0.6116154468739237	0.425	17	0.23904052936310993
2	bol,granite	0.2694145362598101	0.6113169845945721	0.2810857836482387	0.5944789338662979	0.5	20	0.33829611248966096
4	gpt_oss_20b,haiku,ministral,qwen	0.2702119969203568	0.6101664920542974	0.23318742078774385	0.663581664431834	0.6	24	0.48345439870863605
3	bol,granite,qwen	0.2706708020321463	0.6095045761947842	0.2624549788971657	0.6213575034884415	0.55	22	0.4093519278096801
5	bol,gpt_oss_20b,granite,ministral,qwen	0.271531015942592	0.6082635498520805	0.2467378376340181	0.6440325452457358	0.55	22	0.41982272360999184
4	bol,granite,ministral,qwen	0.2739932128278165	0.6047113506160748	0.2544807347066917	0.632861906036876	0.5	20	0.35897435897435903
3	bol,gpt_oss_20b,qwen	0.2770513050227324	0.6002994561718884	0.26906957183797625	0.611814663055235	0.55	22	0.40740740740740744
2	gpt_oss_20b,granite	0.27739830110577746	0.5997988466436714	0.2347584554962335	0.6613151404488316	0.4	16	0.2534992223950233
4	bol,gpt_oss_20b,ministral,qwen	0.27875446321205255	0.5978423182983068	0.25949914510468863	0.6256218702425402	0.5	20	0.35379644588045245
3	bol,ministral,qwen	0.2828836463448777	0.5918851662696576	0.27226768715067523	0.6072007579534131	0.45	18	0.2780968006562756
3	gpt_oss_20b,granite,ministral	0.28442460205233927	0.5896620371122732	0.23670794698494904	0.6585026187458063	0.425	17	0.28348909657320875
1	gpt_oss_20b	0.2854565313361127	0.5881732778520252	0.24757918746611404	0.6428187340153182	0.5	20	0.38650306748466257
2	bol,qwen	0.28771855176231964	0.5849098722007469	0.29993227092147295	0.567289200139026	0.5	20	0.33166248955722655
3	gpt_oss_20b,granite,qwen	0.2907471698043072	0.5805404999708246	0.2494874969042823	0.6400656254523913	0.4	16	0.2569659442724458
4	gpt_oss_20b,granite,ministral,qwen	0.29347539954384816	0.5766044964551831	0.24828647683449206	0.6417983311510858	0.425	17	0.2857142857142858
2	gpt_oss_20b,ministral	0.29450308550293836	0.5751218590184124	0.24675969016652075	0.6440010187054634	0.35	14	0.21627731725697052
2	granite,ministral	0.3026043572604215	0.5634341944289977	0.2510695496789621	0.6377832057599362	0.375	15	0.22839506172839508
3	granite,ministral,qwen	0.3040186051945857	0.5613938659477915	0.2563277109409562	0.6301972825830628	0.425	17	0.2857142857142858
2	granite,qwen	0.306964466139557	0.557143886971333	0.2639728060323443	0.6191677418075926	0.4	16	0.2534992223950233
3	gpt_oss_20b,ministral,qwen	0.30792447384604354	0.5557588886139697	0.2643613518520413	0.6186071886803577	0.425	17	0.30408472012102883
2	gpt_oss_20b,qwen	0.3117660769560774	0.5502166268580602	0.27562376314321974	0.6023589637621226	0.375	15	0.23136049192928532
1	bol	0.3128611954363866	0.5486367048573323	0.37751592748702023	0.4553596435578784	0.45	18	0.2660550458715597
1	ministral	0.3210655016981223	0.5368003928995919	0.2616022638854583	0.6225877112071233	0.225	9	0.06976744186046524
2	ministral,qwen	0.3263115908561394	0.5292318860872592	0.27877227662978066	0.5978166189688892	0.3	12	0.15087187263078095
1	granite	0.3325887733256571	0.5201758260677309	0.2946464845405026	0.5749149779380502	0.375	15	0.22118380062305287
1	qwen	0.35107735565842396	0.4935024400231809	0.3149402017046114	0.5456373328241872	0.275	11	0.10837817063797073
